sorteo|numero|actual|nuevo|causa
1356|07351|MAYOR|Ordinario|banner: monto de cuadricula
1356|11320|MAYOR|Ordinario|banner: monto de cuadricula
1356|12825|MAYOR|Ordinario|banner: monto de cuadricula
1356|31574|MAYOR|Ordinario|banner: monto de cuadricula
1356|12436|SEGUNDO|Ordinario|etiqueta de caja con monto de cuadricula
1356|40324|QUINTO|Ordinario|etiqueta de caja con monto de cuadricula
1356|44174|SEGUNDO|Ordinario|etiqueta de caja con monto de cuadricula
1357|07100|MAYOR|Ordinario|banner: monto de cuadricula
1357|32477|MAYOR|Ordinario|banner: monto de cuadricula
1357|01355|QUINTO|Ordinario|etiqueta de caja con monto de cuadricula
1357|14888|SEGUNDO|Ordinario|etiqueta de caja con monto de cuadricula
1357|33751|SEGUNDO|Ordinario|etiqueta de caja con monto de cuadricula
1358|06833|MAYOR|Ordinario|banner: monto de cuadricula
1358|13845|MAYOR|Ordinario|banner: monto de cuadricula
1358|29497|MAYOR|Ordinario|banner: monto de cuadricula
1358|30089|MAYOR|Ordinario|banner: monto de cuadricula
1358|14395|QUINTO|Ordinario|etiqueta de caja con monto de cuadricula
1358|18695|SEGUNDO|Ordinario|etiqueta de caja con monto de cuadricula
1358|48563|SEGUNDO|Ordinario|etiqueta de caja con monto de cuadricula
1360|07430|MAYOR|Ordinario|banner: monto de cuadricula
1360|32210|MAYOR|Ordinario|banner: monto de cuadricula
1360|21378|QUINTO|Ordinario|etiqueta de caja con monto de cuadricula
1360|37241|SEGUNDO|Ordinario|etiqueta de caja con monto de cuadricula
1360|42201|SEGUNDO|Ordinario|etiqueta de caja con monto de cuadricula
1361|06256|MAYOR|Ordinario|banner: monto de cuadricula
1361|31946|MAYOR|Ordinario|banner: monto de cuadricula
1361|01575|SEGUNDO|Ordinario|etiqueta de caja con monto de cuadricula
1361|07384|SEGUNDO|Ordinario|etiqueta de caja con monto de cuadricula
1361|29154|QUINTO|Ordinario|etiqueta de caja con monto de cuadricula
1362|08068|MAYOR|Ordinario|banner: monto de cuadricula
1362|32493|MAYOR|Ordinario|banner: monto de cuadricula
1362|13499|SEGUNDO|Ordinario|etiqueta de caja con monto de cuadricula
1362|19724|QUINTO|Ordinario|etiqueta de caja con monto de cuadricula
1362|21738|SEGUNDO|Ordinario|etiqueta de caja con monto de cuadricula
1363|13946|MAYOR|Ordinario|banner: monto de cuadricula
1363|30998|MAYOR|Ordinario|banner: monto de cuadricula
1363|21698|QUINTO|Ordinario|etiqueta de caja con monto de cuadricula
1363|28189|SEGUNDO|Ordinario|etiqueta de caja con monto de cuadricula
1363|42111|SEGUNDO|Ordinario|etiqueta de caja con monto de cuadricula
1364|06991|MAYOR|Ordinario|banner: monto de cuadricula
1364|31588|MAYOR|Ordinario|banner: monto de cuadricula
1364|06025|SEGUNDO|Ordinario|etiqueta de caja con monto de cuadricula
1364|09976|QUINTO|Ordinario|etiqueta de caja con monto de cuadricula
1364|43358|SEGUNDO|Ordinario|etiqueta de caja con monto de cuadricula
1438|13236|MAYOR|Ordinario|banner: monto de cuadricula
1438|35431|MAYOR|Ordinario|banner: monto de cuadricula
1438|07739|QUINTO|Ordinario|etiqueta de caja con monto de cuadricula
1438|17149|SEGUNDO|Ordinario|etiqueta de caja con monto de cuadricula
1438|47010|CUARTO|Ordinario|etiqueta de caja con monto de cuadricula
1438|48464|SEGUNDO|Ordinario|etiqueta de caja con monto de cuadricula
1438|49035|CUARTO|Ordinario|etiqueta de caja con monto de cuadricula
1439|10256|MAYOR|Ordinario|banner: monto de cuadricula
1439|37722|MAYOR|Ordinario|banner: monto de cuadricula
1439|44405|Ordinario|MAYOR|casa con la nota (monto destacado o grafico)
1439|14109|CUARTO|Ordinario|etiqueta de caja con monto de cuadricula
1439|23555|TERCER|Ordinario|etiqueta de caja con monto de cuadricula
1439|24792|QUINTO|Ordinario|etiqueta de caja con monto de cuadricula
1439|32780|SEGUNDO|Ordinario|etiqueta de caja con monto de cuadricula
1439|44404|SEGUNDO|Ordinario|etiqueta de caja con monto de cuadricula
1440|12905|MAYOR|Ordinario|banner: monto de cuadricula
1440|36083|MAYOR|Ordinario|banner: monto de cuadricula
1440|49404|MAYOR|Ordinario|banner: monto de cuadricula
1440|45287|Ordinario|MAYOR|casa con la nota (monto destacado o grafico)
1440|15052|SEGUNDO|Ordinario|etiqueta de caja con monto de cuadricula
1440|25053|CUARTO|Ordinario|etiqueta de caja con monto de cuadricula
1440|43622|CUARTO|Ordinario|etiqueta de caja con monto de cuadricula
1440|48615|QUINTO|Ordinario|etiqueta de caja con monto de cuadricula
1440|48662|SEGUNDO|Ordinario|etiqueta de caja con monto de cuadricula
1441|13424|MAYOR|Ordinario|banner: monto de cuadricula
1441|35473|MAYOR|Ordinario|banner: monto de cuadricula
1441|25767|QUINTO|Ordinario|etiqueta de caja con monto de cuadricula
1441|37696|CUARTO|Ordinario|etiqueta de caja con monto de cuadricula
1441|39138|SEGUNDO|Ordinario|etiqueta de caja con monto de cuadricula
1441|39308|TERCER|Ordinario|etiqueta de caja con monto de cuadricula
1441|46959|CUARTO|Ordinario|etiqueta de caja con monto de cuadricula
1441|50267|SEGUNDO|Ordinario|etiqueta de caja con monto de cuadricula
1442|10969|MAYOR|Ordinario|banner: monto de cuadricula
1442|24944|MAYOR|Ordinario|banner: monto de cuadricula
1442|39823|MAYOR|Ordinario|banner: monto de cuadricula
1442|02156|Ordinario|MAYOR|casa con la nota (monto destacado o grafico)
1442|15770|CUARTO|Ordinario|etiqueta de caja con monto de cuadricula
1442|17564|TERCER|Ordinario|etiqueta de caja con monto de cuadricula
1442|36879|CUARTO|Ordinario|etiqueta de caja con monto de cuadricula
1442|45117|QUINTO|Ordinario|etiqueta de caja con monto de cuadricula
1442|45366|SEGUNDO|Ordinario|etiqueta de caja con monto de cuadricula
1442|47479|SEGUNDO|Ordinario|etiqueta de caja con monto de cuadricula
1443|12685|MAYOR|Ordinario|banner: monto de cuadricula
1443|27450|MAYOR|Ordinario|banner: monto de cuadricula
1443|40153|MAYOR|Ordinario|banner: monto de cuadricula
1443|04044|Ordinario|MAYOR|casa con la nota (monto destacado o grafico)
1443|36349|CUARTO|Ordinario|etiqueta de caja con monto de cuadricula
1443|36427|QUINTO|Ordinario|etiqueta de caja con monto de cuadricula
1443|38909|SEGUNDO|Ordinario|etiqueta de caja con monto de cuadricula
1443|41339|QUINTO|Ordinario|etiqueta de caja con monto de cuadricula
1443|44104|TERCER|Ordinario|etiqueta de caja con monto de cuadricula
1443|48995|SEGUNDO|Ordinario|etiqueta de caja con monto de cuadricula
1444|09562|MAYOR|Ordinario|banner: monto de cuadricula
1444|25771|MAYOR|Ordinario|banner: monto de cuadricula
1444|39833|MAYOR|Ordinario|banner: monto de cuadricula
1444|04017|Ordinario|MAYOR|casa con la nota (monto destacado o grafico)
1444|18838|TERCER|Ordinario|etiqueta de caja con monto de cuadricula
1444|20831|SEGUNDO|Ordinario|etiqueta de caja con monto de cuadricula
1444|38839|QUINTO|Ordinario|etiqueta de caja con monto de cuadricula
1444|48520|SEGUNDO|Ordinario|etiqueta de caja con monto de cuadricula
1445|11490|MAYOR|Ordinario|banner: monto de cuadricula
1445|31712|MAYOR|Ordinario|banner: monto de cuadricula
1445|40866|MAYOR|Ordinario|banner: monto de cuadricula
1445|07994|Ordinario|MAYOR|casa con la nota (monto destacado o grafico)
1445|38686|SEGUNDO|Ordinario|etiqueta de caja con monto de cuadricula
1445|45575|CUARTO|Ordinario|etiqueta de caja con monto de cuadricula
1445|47092|QUINTO|Ordinario|etiqueta de caja con monto de cuadricula
1445|49506|TERCER|Ordinario|etiqueta de caja con monto de cuadricula
1446|11984|MAYOR|Ordinario|banner: monto de cuadricula
1446|41796|MAYOR|Ordinario|banner: monto de cuadricula
1446|45445|Ordinario|MAYOR|casa con la nota (monto destacado o grafico)
1446|39053|CUARTO|Ordinario|etiqueta de caja con monto de cuadricula
1446|40245|TERCER|Ordinario|etiqueta de caja con monto de cuadricula
1446|45048|CUARTO|Ordinario|etiqueta de caja con monto de cuadricula
1446|45446|QUINTO|Ordinario|etiqueta de caja con monto de cuadricula
1447|11809|MAYOR|Ordinario|banner: monto de cuadricula
1447|37588|MAYOR|Ordinario|banner: monto de cuadricula
1447|40091|MAYOR|Ordinario|banner: monto de cuadricula
1447|33263|CUARTO|MAYOR|casa con la nota (monto destacado o grafico)
1447|09463|QUINTO|Ordinario|etiqueta de caja con monto de cuadricula
1447|15017|QUINTO|Ordinario|etiqueta de caja con monto de cuadricula
1447|44362|CUARTO|Ordinario|etiqueta de caja con monto de cuadricula
1447|46929|TERCER|Ordinario|etiqueta de caja con monto de cuadricula
1451|11631|MAYOR|Ordinario|banner: monto de cuadricula
1451|39558|MAYOR|Ordinario|banner: monto de cuadricula
1451|47826|MAYOR|Ordinario|banner: monto de cuadricula
1451|26294|SEGUNDO|MAYOR|casa con la nota (monto destacado o grafico)
1451|16991|QUINTO|Ordinario|etiqueta de caja con monto de cuadricula
1451|22222|TERCER|Ordinario|etiqueta de caja con monto de cuadricula
1451|23622|CUARTO|Ordinario|etiqueta de caja con monto de cuadricula
1451|40202|CUARTO|Ordinario|etiqueta de caja con monto de cuadricula
1451|46405|SEGUNDO|Ordinario|etiqueta de caja con monto de cuadricula
1452|11339|MAYOR|Ordinario|banner: monto de cuadricula
1452|26032|MAYOR|Ordinario|banner: monto de cuadricula
1452|38928|MAYOR|Ordinario|banner: monto de cuadricula
1452|04811|Ordinario|MAYOR|casa con la nota (monto destacado o grafico)
1452|33125|QUINTO|Ordinario|etiqueta de caja con monto de cuadricula
1452|39660|CUARTO|Ordinario|etiqueta de caja con monto de cuadricula
1452|40850|TERCER|Ordinario|etiqueta de caja con monto de cuadricula
1452|45249|CUARTO|Ordinario|etiqueta de caja con monto de cuadricula
1453|11992|MAYOR|Ordinario|banner: monto de cuadricula
1453|42919|MAYOR|Ordinario|banner: monto de cuadricula
1453|46831|Ordinario|MAYOR|casa con la nota (monto destacado o grafico)
1453|10015|QUINTO|Ordinario|etiqueta de caja con monto de cuadricula
1453|23854|CUARTO|Ordinario|etiqueta de caja con monto de cuadricula
1453|40599|TERCER|Ordinario|etiqueta de caja con monto de cuadricula
1454|06144|MAYOR|Ordinario|banner: monto de cuadricula
1454|35706|MAYOR|Ordinario|banner: monto de cuadricula
1454|43934|MAYOR|Ordinario|banner: monto de cuadricula
1454|23914|Ordinario|MAYOR|casa con la nota (monto destacado o grafico)
1454|11858|CUARTO|Ordinario|etiqueta de caja con monto de cuadricula
1454|15726|QUINTO|Ordinario|etiqueta de caja con monto de cuadricula
1454|31908|SEGUNDO|Ordinario|etiqueta de caja con monto de cuadricula
1454|39722|TERCER|Ordinario|etiqueta de caja con monto de cuadricula
1454|45269|CUARTO|Ordinario|etiqueta de caja con monto de cuadricula
1455|11044|MAYOR|Ordinario|banner: monto de cuadricula
1455|35415|MAYOR|Ordinario|banner: monto de cuadricula
1455|18245|CUARTO|Ordinario|etiqueta de caja con monto de cuadricula
1455|20656|TERCER|Ordinario|etiqueta de caja con monto de cuadricula
1455|28381|TERCER|Ordinario|etiqueta de caja con monto de cuadricula
1455|28572|QUINTO|Ordinario|etiqueta de caja con monto de cuadricula
1455|35441|SEGUNDO|Ordinario|etiqueta de caja con monto de cuadricula
1455|39436|CUARTO|Ordinario|etiqueta de caja con monto de cuadricula
1456|10880|MAYOR|Ordinario|banner: monto de cuadricula
1456|39271|MAYOR|Ordinario|banner: monto de cuadricula
1456|37475|Ordinario|MAYOR|casa con la nota (monto destacado o grafico)
1456|12009|TERCER|Ordinario|etiqueta de caja con monto de cuadricula
1456|18126|QUINTO|Ordinario|etiqueta de caja con monto de cuadricula
1456|32775|SEGUNDO|Ordinario|etiqueta de caja con monto de cuadricula
1456|37176|CUARTO|Ordinario|etiqueta de caja con monto de cuadricula
1456|48965|CUARTO|Ordinario|etiqueta de caja con monto de cuadricula
1456|50652|TERCER|Ordinario|etiqueta de caja con monto de cuadricula
1457|11113|MAYOR|Ordinario|banner: monto de cuadricula
1457|35972|MAYOR|Ordinario|banner: monto de cuadricula
1457|39721|MAYOR|Ordinario|banner: monto de cuadricula
1457|14075|Ordinario|MAYOR|casa con la nota (monto destacado o grafico)
1457|12421|CUARTO|Ordinario|etiqueta de caja con monto de cuadricula
1457|13090|QUINTO|Ordinario|etiqueta de caja con monto de cuadricula
1457|16174|TERCER|Ordinario|etiqueta de caja con monto de cuadricula
1457|19405|SEGUNDO|Ordinario|etiqueta de caja con monto de cuadricula
1457|32939|CUARTO|Ordinario|etiqueta de caja con monto de cuadricula
1457|35504|SEGUNDO|Ordinario|etiqueta de caja con monto de cuadricula
1458|11569|MAYOR|Ordinario|banner: monto de cuadricula
1458|24883|MAYOR|Ordinario|banner: monto de cuadricula
1458|40715|MAYOR|Ordinario|banner: monto de cuadricula
1458|01690|Ordinario|MAYOR|casa con la nota (monto destacado o grafico)
1458|19168|QUINTO|Ordinario|etiqueta de caja con monto de cuadricula
1458|24187|QUINTO|Ordinario|etiqueta de caja con monto de cuadricula
1458|33594|CUARTO|Ordinario|etiqueta de caja con monto de cuadricula
1458|38788|TERCER|Ordinario|etiqueta de caja con monto de cuadricula
1458|49229|SEGUNDO|Ordinario|etiqueta de caja con monto de cuadricula
1459|12115|MAYOR|Ordinario|banner: monto de cuadricula
1459|38109|MAYOR|Ordinario|banner: monto de cuadricula
1459|42804|MAYOR|Ordinario|banner: monto de cuadricula
1459|13020|TERCER|Ordinario|etiqueta de caja con monto de cuadricula
1459|16305|CUARTO|Ordinario|etiqueta de caja con monto de cuadricula
1459|21126|TERCER|Ordinario|etiqueta de caja con monto de cuadricula
1459|36413|SEGUNDO|Ordinario|etiqueta de caja con monto de cuadricula
1459|46705|CUARTO|Ordinario|etiqueta de caja con monto de cuadricula
1459|49369|QUINTO|Ordinario|etiqueta de caja con monto de cuadricula
1460|12606|MAYOR|Ordinario|banner: monto de cuadricula
1460|39625|MAYOR|Ordinario|banner: monto de cuadricula
1460|49439|MAYOR|Ordinario|banner: monto de cuadricula
1460|15752|CUARTO|Ordinario|etiqueta de caja con monto de cuadricula
1460|21714|CUARTO|Ordinario|etiqueta de caja con monto de cuadricula
1460|30449|QUINTO|Ordinario|etiqueta de caja con monto de cuadricula
1460|33710|TERCER|Ordinario|etiqueta de caja con monto de cuadricula
1460|45698|TERCER|Ordinario|etiqueta de caja con monto de cuadricula
1460|46097|SEGUNDO|Ordinario|etiqueta de caja con monto de cuadricula
1461|12416|MAYOR|Ordinario|banner: monto de cuadricula
1461|35004|MAYOR|Ordinario|banner: monto de cuadricula
1461|38926|MAYOR|Ordinario|banner: monto de cuadricula
1461|12418|Ordinario|MAYOR|casa con la nota (monto destacado o grafico)
1461|12659|TERCER|Ordinario|etiqueta de caja con monto de cuadricula
1461|40064|QUINTO|Ordinario|etiqueta de caja con monto de cuadricula
1461|41286|CUARTO|Ordinario|etiqueta de caja con monto de cuadricula
1461|46349|TERCER|Ordinario|etiqueta de caja con monto de cuadricula
1461|47410|SEGUNDO|Ordinario|etiqueta de caja con monto de cuadricula
1461|48810|CUARTO|Ordinario|etiqueta de caja con monto de cuadricula
1462|13307|MAYOR|Ordinario|banner: monto de cuadricula
1462|39870|MAYOR|Ordinario|banner: monto de cuadricula
1462|39349|Ordinario|MAYOR|casa con la nota (monto destacado o grafico)
1462|21223|CUARTO|Ordinario|etiqueta de caja con monto de cuadricula
1462|30277|CUARTO|Ordinario|etiqueta de caja con monto de cuadricula
1462|34789|QUINTO|Ordinario|etiqueta de caja con monto de cuadricula
1462|37177|TERCER|Ordinario|etiqueta de caja con monto de cuadricula
1463|12076|MAYOR|Ordinario|banner: monto de cuadricula
1463|39690|MAYOR|Ordinario|banner: monto de cuadricula
1463|46779|MAYOR|Ordinario|banner: monto de cuadricula
1463|46778|Ordinario|MAYOR|casa con la nota (monto destacado o grafico)
1463|08445|CUARTO|Ordinario|etiqueta de caja con monto de cuadricula
1463|08691|TERCER|Ordinario|etiqueta de caja con monto de cuadricula
1463|31014|SEGUNDO|Ordinario|etiqueta de caja con monto de cuadricula
1463|38527|TERCER|Ordinario|etiqueta de caja con monto de cuadricula
1463|47887|CUARTO|Ordinario|etiqueta de caja con monto de cuadricula
1463|50223|CUARTO|Ordinario|etiqueta de caja con monto de cuadricula
1464|14155|MAYOR|Ordinario|banner: monto de cuadricula
1464|26507|MAYOR|Ordinario|banner: monto de cuadricula
1464|40471|MAYOR|Ordinario|banner: monto de cuadricula
1464|42850|MAYOR|Ordinario|banner: monto de cuadricula
1464|21971|Ordinario|MAYOR|casa con la nota (monto destacado o grafico)
1464|13877|QUINTO|Ordinario|etiqueta de caja con monto de cuadricula
1464|14912|TERCER|Ordinario|etiqueta de caja con monto de cuadricula
1464|44565|CUARTO|Ordinario|etiqueta de caja con monto de cuadricula
1464|46774|SEGUNDO|Ordinario|etiqueta de caja con monto de cuadricula
1465|12617|MAYOR|Ordinario|banner: monto de cuadricula
1465|41372|MAYOR|Ordinario|banner: monto de cuadricula
1465|47139|CUARTO|MAYOR|casa con la nota (monto destacado o grafico)
1465|12654|QUINTO|Ordinario|etiqueta de caja con monto de cuadricula
1465|17629|QUINTO|Ordinario|etiqueta de caja con monto de cuadricula
1465|18681|TERCER|Ordinario|etiqueta de caja con monto de cuadricula
1465|42433|SEGUNDO|Ordinario|etiqueta de caja con monto de cuadricula
1465|50163|CUARTO|Ordinario|etiqueta de caja con monto de cuadricula
1466|08091|MAYOR|Ordinario|banner: monto de cuadricula
1466|10906|MAYOR|Ordinario|banner: monto de cuadricula
1466|38688|MAYOR|Ordinario|banner: monto de cuadricula
1466|08092|Ordinario|MAYOR|casa con la nota (monto destacado o grafico)
1466|27091|QUINTO|Ordinario|etiqueta de caja con monto de cuadricula
1466|39311|CUARTO|Ordinario|etiqueta de caja con monto de cuadricula
1466|45846|CUARTO|Ordinario|etiqueta de caja con monto de cuadricula
1466|47361|TERCER|Ordinario|etiqueta de caja con monto de cuadricula
1466|50382|SEGUNDO|Ordinario|etiqueta de caja con monto de cuadricula
1467|11415|MAYOR|Ordinario|banner: monto de cuadricula
1467|40902|MAYOR|Ordinario|banner: monto de cuadricula
1467|13018|CUARTO|Ordinario|etiqueta de caja con monto de cuadricula
1467|19448|QUINTO|Ordinario|etiqueta de caja con monto de cuadricula
1467|31038|TERCER|Ordinario|etiqueta de caja con monto de cuadricula
1467|45447|SEGUNDO|Ordinario|etiqueta de caja con monto de cuadricula
1467|46448|TERCER|Ordinario|etiqueta de caja con monto de cuadricula
1467|48653|CUARTO|Ordinario|etiqueta de caja con monto de cuadricula
1468|11881|MAYOR|Ordinario|banner: monto de cuadricula
1468|32377|MAYOR|Ordinario|banner: monto de cuadricula
1468|38688|MAYOR|Ordinario|banner: monto de cuadricula
1468|40605|MAYOR|Ordinario|banner: monto de cuadricula
1468|32378|Ordinario|MAYOR|casa con la nota (monto destacado o grafico)
1468|23838|TERCER|Ordinario|etiqueta de caja con monto de cuadricula
1468|31166|CUARTO|Ordinario|etiqueta de caja con monto de cuadricula
1468|46985|CUARTO|Ordinario|etiqueta de caja con monto de cuadricula
1469|12906|MAYOR|Ordinario|banner: monto de cuadricula
1469|40218|MAYOR|Ordinario|banner: monto de cuadricula
1469|48387|MAYOR|Ordinario|banner: monto de cuadricula
1469|48386|Ordinario|MAYOR|casa con la nota (monto destacado o grafico)
1469|18104|TERCER|Ordinario|etiqueta de caja con monto de cuadricula
1469|19147|TERCER|Ordinario|etiqueta de caja con monto de cuadricula
1469|20399|SEGUNDO|Ordinario|etiqueta de caja con monto de cuadricula
1469|26908|QUINTO|Ordinario|etiqueta de caja con monto de cuadricula
1469|31010|CUARTO|Ordinario|etiqueta de caja con monto de cuadricula
1469|42004|CUARTO|Ordinario|etiqueta de caja con monto de cuadricula
1470|07422|MAYOR|Ordinario|banner: monto de cuadricula
1470|12445|MAYOR|Ordinario|banner: monto de cuadricula
1470|37964|MAYOR|Ordinario|banner: monto de cuadricula
1470|12446|Ordinario|MAYOR|casa con la nota (monto destacado o grafico)
1470|37196|QUINTO|Ordinario|etiqueta de caja con monto de cuadricula
1470|40970|CUARTO|Ordinario|etiqueta de caja con monto de cuadricula
1470|41954|SEGUNDO|Ordinario|etiqueta de caja con monto de cuadricula
1470|42785|TERCER|Ordinario|etiqueta de caja con monto de cuadricula
1470|43033|QUINTO|Ordinario|etiqueta de caja con monto de cuadricula
1470|46989|TERCER|Ordinario|etiqueta de caja con monto de cuadricula
1470|50114|CUARTO|Ordinario|etiqueta de caja con monto de cuadricula
1471|09932|MAYOR|Ordinario|banner: monto de cuadricula
1471|23955|MAYOR|Ordinario|banner: monto de cuadricula
1471|39822|MAYOR|Ordinario|banner: monto de cuadricula
1471|01597|Ordinario|MAYOR|casa con la nota (monto destacado o grafico)
1471|14423|TERCER|Ordinario|etiqueta de caja con monto de cuadricula
1471|27882|SEGUNDO|Ordinario|etiqueta de caja con monto de cuadricula
1471|30657|CUARTO|Ordinario|etiqueta de caja con monto de cuadricula
1471|39663|CUARTO|Ordinario|etiqueta de caja con monto de cuadricula
1471|41037|QUINTO|Ordinario|etiqueta de caja con monto de cuadricula
1472|12323|MAYOR|Ordinario|banner: monto de cuadricula
1472|38337|MAYOR|Ordinario|banner: monto de cuadricula
1472|35027|Ordinario|MAYOR|casa con la nota (monto destacado o grafico)
1472|14566|CUARTO|Ordinario|etiqueta de caja con monto de cuadricula
1472|29854|QUINTO|Ordinario|etiqueta de caja con monto de cuadricula
1472|26191|CUARTO|Ordinario|etiqueta de caja con monto de cuadricula
1472|32130|TERCER|Ordinario|etiqueta de caja con monto de cuadricula
1472|43142|CUARTO|Ordinario|etiqueta de caja con monto de cuadricula
1472|50181|SEGUNDO|Ordinario|etiqueta de caja con monto de cuadricula
1474|12608|MAYOR|Ordinario|banner: monto de cuadricula
1474|38766|MAYOR|Ordinario|banner: monto de cuadricula
1474|39983|MAYOR|Ordinario|banner: monto de cuadricula
1474|31042|SEGUNDO|Ordinario|etiqueta de caja con monto de cuadricula
1474|32811|CUARTO|Ordinario|etiqueta de caja con monto de cuadricula
1474|38273|CUARTO|Ordinario|etiqueta de caja con monto de cuadricula
1474|47873|QUINTO|Ordinario|etiqueta de caja con monto de cuadricula
1474|50137|TERCER|Ordinario|etiqueta de caja con monto de cuadricula
1476|11003|MAYOR|Ordinario|banner: monto de cuadricula
1476|39305|MAYOR|Ordinario|banner: monto de cuadricula
1476|03133|CUARTO|Ordinario|etiqueta de caja con monto de cuadricula
1476|33603|TERCER|Ordinario|etiqueta de caja con monto de cuadricula
1476|34663|SEGUNDO|Ordinario|etiqueta de caja con monto de cuadricula
1476|41733|TERCER|Ordinario|etiqueta de caja con monto de cuadricula
1476|44873|CUARTO|Ordinario|etiqueta de caja con monto de cuadricula
1476|50683|QUINTO|Ordinario|etiqueta de caja con monto de cuadricula
1477|11701|MAYOR|Ordinario|banner: monto de cuadricula
1477|40125|MAYOR|Ordinario|banner: monto de cuadricula
1477|49001|MAYOR|Ordinario|banner: monto de cuadricula
1477|43189|Ordinario|MAYOR|casa con la nota (monto destacado o grafico)
1477|06883|TERCER|Ordinario|etiqueta de caja con monto de cuadricula
1477|12224|SEGUNDO|Ordinario|etiqueta de caja con monto de cuadricula
1477|15280|QUINTO|Ordinario|etiqueta de caja con monto de cuadricula
1477|21229|QUINTO|Ordinario|etiqueta de caja con monto de cuadricula
1477|32297|CUARTO|Ordinario|etiqueta de caja con monto de cuadricula
1477|34409|TERCER|Ordinario|etiqueta de caja con monto de cuadricula
1477|42672|CUARTO|Ordinario|etiqueta de caja con monto de cuadricula
1477|43188|CUARTO|Ordinario|etiqueta de caja con monto de cuadricula
1478|10861|MAYOR|Ordinario|banner: monto de cuadricula
1478|38522|MAYOR|Destacado|REVISAR: mayor falso, nivel real por determinar
1478|29879|Ordinario|MAYOR|casa con la nota (monto destacado o grafico)
1478|03993|QUINTO|Ordinario|etiqueta de caja con monto de cuadricula
1478|08646|QUINTO|Ordinario|etiqueta de caja con monto de cuadricula
1478|15655|CUARTO|Ordinario|etiqueta de caja con monto de cuadricula
1478|26400|CUARTO|Ordinario|etiqueta de caja con monto de cuadricula
1478|29878|TERCER|Ordinario|etiqueta de caja con monto de cuadricula
1478|43865|TERCER|Ordinario|etiqueta de caja con monto de cuadricula
1479|12746|MAYOR|Ordinario|banner: monto de cuadricula
1479|39404|MAYOR|Ordinario|banner: monto de cuadricula
1479|37328|Ordinario|MAYOR|casa con la nota (monto destacado o grafico)
1479|24010|SEGUNDO|Ordinario|etiqueta de caja con monto de cuadricula
1479|29116|TERCER|Ordinario|etiqueta de caja con monto de cuadricula
1479|35171|CUARTO|Ordinario|etiqueta de caja con monto de cuadricula
1479|44319|QUINTO|Ordinario|etiqueta de caja con monto de cuadricula
1479|44898|SEGUNDO|Ordinario|etiqueta de caja con monto de cuadricula
1480|11351|MAYOR|Ordinario|banner: monto de cuadricula
1480|12158|MAYOR|Ordinario|banner: monto de cuadricula
1480|38735|MAYOR|Ordinario|banner: monto de cuadricula
1480|11352|Ordinario|MAYOR|casa con la nota (monto destacado o grafico)
1480|12930|QUINTO|Ordinario|etiqueta de caja con monto de cuadricula
1480|21684|TERCER|Ordinario|etiqueta de caja con monto de cuadricula
1480|29109|SEGUNDO|Ordinario|etiqueta de caja con monto de cuadricula
1480|29712|CUARTO|Ordinario|etiqueta de caja con monto de cuadricula
1480|40419|CUARTO|Ordinario|etiqueta de caja con monto de cuadricula
1480|50355|TERCER|Ordinario|etiqueta de caja con monto de cuadricula
1481|12331|MAYOR|Ordinario|banner: monto de cuadricula
1481|40700|MAYOR|Ordinario|banner: monto de cuadricula
1481|47222|MAYOR|Ordinario|banner: monto de cuadricula
1481|47221|SEGUNDO|MAYOR|casa con la nota (monto destacado o grafico)
1481|10215|CUARTO|Ordinario|etiqueta de caja con monto de cuadricula
1481|11068|TERCER|Ordinario|etiqueta de caja con monto de cuadricula
1481|11429|TERCER|Ordinario|etiqueta de caja con monto de cuadricula
1481|30562|CUARTO|Ordinario|etiqueta de caja con monto de cuadricula
1481|38489|QUINTO|Ordinario|etiqueta de caja con monto de cuadricula
1481|43619|QUINTO|Ordinario|etiqueta de caja con monto de cuadricula
1482|13555|MAYOR|Ordinario|banner: monto de cuadricula
1482|30710|MAYOR|Ordinario|banner: monto de cuadricula
1482|40174|MAYOR|Ordinario|banner: monto de cuadricula
1482|45611|MAYOR|Ordinario|banner: monto de cuadricula
1482|25428|Ordinario|MAYOR|casa con la nota (monto destacado o grafico)
1482|22091|QUINTO|Ordinario|etiqueta de caja con monto de cuadricula
1482|31254|CUARTO|Ordinario|etiqueta de caja con monto de cuadricula
1482|31792|TERCER|Ordinario|etiqueta de caja con monto de cuadricula
1482|48765|CUARTO|Ordinario|etiqueta de caja con monto de cuadricula
1483|12746|MAYOR|Ordinario|banner: monto de cuadricula
1483|40499|MAYOR|Ordinario|banner: monto de cuadricula
1483|20542|SEGUNDO|Ordinario|etiqueta de caja con monto de cuadricula
1483|22854|QUINTO|Ordinario|etiqueta de caja con monto de cuadricula
1483|29231|TERCER|Ordinario|etiqueta de caja con monto de cuadricula
1483|25932|TERCER|Ordinario|etiqueta de caja con monto de cuadricula
1483|27553|QUINTO|Ordinario|etiqueta de caja con monto de cuadricula
1483|31566|CUARTO|Ordinario|etiqueta de caja con monto de cuadricula
1483|48571|CUARTO|Ordinario|etiqueta de caja con monto de cuadricula
1484|12883|MAYOR|Ordinario|banner: monto de cuadricula
1484|38458|MAYOR|Ordinario|banner: monto de cuadricula
1484|49002|MAYOR|Ordinario|banner: monto de cuadricula
1484|27407|Ordinario|MAYOR|casa con la nota (monto destacado o grafico)
1484|21032|SEGUNDO|Ordinario|etiqueta de caja con monto de cuadricula
1484|24170|QUINTO|Ordinario|etiqueta de caja con monto de cuadricula
1484|27405|SEGUNDO|Ordinario|etiqueta de caja con monto de cuadricula
1484|31109|CUARTO|Ordinario|etiqueta de caja con monto de cuadricula
1484|31883|CUARTO|Ordinario|etiqueta de caja con monto de cuadricula
1484|44537|TERCER|Ordinario|etiqueta de caja con monto de cuadricula
1485|12051|MAYOR|Ordinario|banner: monto de cuadricula
1485|33550|MAYOR|Ordinario|banner: monto de cuadricula
1485|39026|MAYOR|Ordinario|banner: monto de cuadricula
1485|12053|Ordinario|MAYOR|casa con la nota (monto destacado o grafico)
1485|26019|TERCER|Ordinario|etiqueta de caja con monto de cuadricula
1485|28838|TERCER|Ordinario|etiqueta de caja con monto de cuadricula
1485|38168|CUARTO|Ordinario|etiqueta de caja con monto de cuadricula
1485|41138|CUARTO|Ordinario|etiqueta de caja con monto de cuadricula
1485|50257|QUINTO|Ordinario|etiqueta de caja con monto de cuadricula
1486|11703|MAYOR|Ordinario|banner: monto de cuadricula
1486|29281|MAYOR|Ordinario|banner: monto de cuadricula
1486|36857|MAYOR|Ordinario|banner: monto de cuadricula
1486|29282|Ordinario|MAYOR|casa con la nota (monto destacado o grafico)
1486|04048|QUINTO|Ordinario|etiqueta de caja con monto de cuadricula
1486|09650|QUINTO|Ordinario|etiqueta de caja con monto de cuadricula
1486|14491|TERCER|Ordinario|etiqueta de caja con monto de cuadricula
1486|23383|CUARTO|Ordinario|etiqueta de caja con monto de cuadricula
1486|31198|SEGUNDO|Ordinario|etiqueta de caja con monto de cuadricula
1486|36227|TERCER|Ordinario|etiqueta de caja con monto de cuadricula
1486|43293|CUARTO|Ordinario|etiqueta de caja con monto de cuadricula
1487|08682|MAYOR|Ordinario|banner: monto de cuadricula
1487|09931|MAYOR|Ordinario|banner: monto de cuadricula
1487|39476|MAYOR|Ordinario|banner: monto de cuadricula
1487|08683|Ordinario|MAYOR|casa con la nota (monto destacado o grafico)
1487|06916|CUARTO|Ordinario|etiqueta de caja con monto de cuadricula
1487|07649|CUARTO|Ordinario|etiqueta de caja con monto de cuadricula
1487|11096|QUINTO|Ordinario|etiqueta de caja con monto de cuadricula
1487|18341|CUARTO|Ordinario|etiqueta de caja con monto de cuadricula
1487|21047|TERCER|Ordinario|etiqueta de caja con monto de cuadricula
1487|48071|SEGUNDO|Ordinario|etiqueta de caja con monto de cuadricula
1488|10535|MAYOR|Ordinario|banner: monto de cuadricula
1488|13315|MAYOR|Ordinario|banner: monto de cuadricula
1488|39185|MAYOR|Ordinario|banner: monto de cuadricula
1488|10591|SEGUNDO|Ordinario|etiqueta de caja con monto de cuadricula
1488|17093|CUARTO|Ordinario|etiqueta de caja con monto de cuadricula
1488|21008|QUINTO|Ordinario|etiqueta de caja con monto de cuadricula
1488|34456|TERCER|Ordinario|etiqueta de caja con monto de cuadricula
1489|11913|MAYOR|Ordinario|banner: monto de cuadricula
1489|33098|MAYOR|Ordinario|banner: monto de cuadricula
1489|39117|MAYOR|Ordinario|banner: monto de cuadricula
1489|17791|Ordinario|MAYOR|casa con la nota (monto destacado o grafico)
1489|06515|QUINTO|Ordinario|etiqueta de caja con monto de cuadricula
1489|07296|CUARTO|Ordinario|etiqueta de caja con monto de cuadricula
1489|12108|QUINTO|Ordinario|etiqueta de caja con monto de cuadricula
1489|13774|TERCER|Ordinario|etiqueta de caja con monto de cuadricula
1489|24838|TERCER|Ordinario|etiqueta de caja con monto de cuadricula
1489|32779|CUARTO|Ordinario|etiqueta de caja con monto de cuadricula
1490|09891|MAYOR|Ordinario|banner: monto de cuadricula
1490|11101|MAYOR|Ordinario|banner: monto de cuadricula
1490|39911|MAYOR|Ordinario|banner: monto de cuadricula
1490|09833|CUARTO|Ordinario|etiqueta de caja con monto de cuadricula
1490|16475|SEGUNDO|Ordinario|etiqueta de caja con monto de cuadricula
1490|30273|TERCER|Ordinario|etiqueta de caja con monto de cuadricula
1490|32130|CUARTO|Ordinario|etiqueta de caja con monto de cuadricula
1490|36852|TERCER|Ordinario|etiqueta de caja con monto de cuadricula
1490|47412|QUINTO|Ordinario|etiqueta de caja con monto de cuadricula
1492|13735|MAYOR|Ordinario|banner: monto de cuadricula
1492|33884|MAYOR|Ordinario|banner: monto de cuadricula
1492|16192|SEGUNDO|Ordinario|etiqueta de caja con monto de cuadricula
1492|22645|SEXTO|Ordinario|etiqueta de caja con monto de cuadricula
1492|50455|QUINTO|Ordinario|etiqueta de caja con monto de cuadricula
1493|12657|MAYOR|Ordinario|banner: monto de cuadricula
1493|36385|MAYOR|Ordinario|banner: monto de cuadricula
1493|20269|QUINTO|Ordinario|etiqueta de caja con monto de cuadricula
1493|49601|SEXTO|Ordinario|etiqueta de caja con monto de cuadricula
1494|12629|MAYOR|Ordinario|banner: monto de cuadricula
1494|39407|MAYOR|Ordinario|banner: monto de cuadricula
1494|12630|Ordinario|MAYOR|casa con la nota (monto destacado o grafico)
1494|13022|TERCER|Ordinario|etiqueta de caja con monto de cuadricula
1494|30769|CUARTO|Ordinario|etiqueta de caja con monto de cuadricula
1494|26970|QUINTO|Ordinario|etiqueta de caja con monto de cuadricula
1494|33821|QUINTO|Ordinario|etiqueta de caja con monto de cuadricula
1494|45756|SEGUNDO|Ordinario|etiqueta de caja con monto de cuadricula
1494|48742|CUARTO|Ordinario|etiqueta de caja con monto de cuadricula
1495|13686|MAYOR|Ordinario|banner: monto de cuadricula
1495|38401|MAYOR|Ordinario|banner: monto de cuadricula
1495|47648|MAYOR|Ordinario|banner: monto de cuadricula
1495|24782|CUARTO|Ordinario|etiqueta de caja con monto de cuadricula
1495|42476|TERCER|Ordinario|etiqueta de caja con monto de cuadricula
1495|42692|CUARTO|Ordinario|etiqueta de caja con monto de cuadricula
1495|42928|QUINTO|Ordinario|etiqueta de caja con monto de cuadricula
1495|45720|TERCER|Ordinario|etiqueta de caja con monto de cuadricula
1496|12243|MAYOR|Ordinario|banner: monto de cuadricula
1496|23162|MAYOR|Ordinario|banner: monto de cuadricula
1496|32734|MAYOR|Ordinario|banner: monto de cuadricula
1496|24999|TERCER|Ordinario|etiqueta de caja con monto de cuadricula
1496|26300|CUARTO|Ordinario|etiqueta de caja con monto de cuadricula
1496|27397|SEGUNDO|Ordinario|etiqueta de caja con monto de cuadricula
1496|27572|CUARTO|Ordinario|etiqueta de caja con monto de cuadricula
1496|38953|SEGUNDO|Ordinario|etiqueta de caja con monto de cuadricula
1497|13850|MAYOR|Ordinario|banner: monto de cuadricula
1497|40291|MAYOR|Ordinario|banner: monto de cuadricula
1497|47224|MAYOR|Ordinario|banner: monto de cuadricula
1497|17101|CUARTO|Ordinario|etiqueta de caja con monto de cuadricula
1497|25242|TERCER|Ordinario|etiqueta de caja con monto de cuadricula
1497|30218|QUINTO|Ordinario|etiqueta de caja con monto de cuadricula
1497|44890|TERCER|Ordinario|etiqueta de caja con monto de cuadricula
1497|46751|CUARTO|Ordinario|etiqueta de caja con monto de cuadricula
1498|12415|MAYOR|Ordinario|banner: monto de cuadricula
1498|41752|MAYOR|Ordinario|banner: monto de cuadricula
1498|21452|CUARTO|Ordinario|etiqueta de caja con monto de cuadricula
1498|29342|TERCER|Ordinario|etiqueta de caja con monto de cuadricula
1498|30773|QUINTO|Ordinario|etiqueta de caja con monto de cuadricula
1498|44993|TERCER|Ordinario|etiqueta de caja con monto de cuadricula
1498|48740|CUARTO|Ordinario|etiqueta de caja con monto de cuadricula
1499|10630|MAYOR|Ordinario|banner: monto de cuadricula
1499|24162|MAYOR|Ordinario|banner: monto de cuadricula
1499|39538|MAYOR|Ordinario|banner: monto de cuadricula
1499|28773|TERCER|Ordinario|etiqueta de caja con monto de cuadricula
1499|37077|CUARTO|Ordinario|etiqueta de caja con monto de cuadricula
1499|39903|QUINTO|Ordinario|etiqueta de caja con monto de cuadricula
1499|49938|CUARTO|Ordinario|etiqueta de caja con monto de cuadricula
1500|14380|MAYOR|Ordinario|banner: monto de cuadricula
1500|41368|MAYOR|Ordinario|banner: monto de cuadricula
1500|13733|QUINTO|Ordinario|etiqueta de caja con monto de cuadricula
1500|19560|QUINTO|Ordinario|etiqueta de caja con monto de cuadricula
1500|29744|CUARTO|Ordinario|etiqueta de caja con monto de cuadricula
1500|32563|TERCER|Ordinario|etiqueta de caja con monto de cuadricula
1500|43474|CUARTO|Ordinario|etiqueta de caja con monto de cuadricula
1500|47256|TERCER|Ordinario|etiqueta de caja con monto de cuadricula
1501|10241|MAYOR|Ordinario|banner: monto de cuadricula
1501|38968|MAYOR|Ordinario|banner: monto de cuadricula
1501|06439|QUINTO|Ordinario|etiqueta de caja con monto de cuadricula
1501|11775|CUARTO|Ordinario|etiqueta de caja con monto de cuadricula
1501|23227|TERCER|Ordinario|etiqueta de caja con monto de cuadricula
1501|36101|TERCER|Ordinario|etiqueta de caja con monto de cuadricula
1501|49300|CUARTO|Ordinario|etiqueta de caja con monto de cuadricula
1502|27425|MAYOR|Ordinario|banner: monto de cuadricula
1502|40552|MAYOR|Ordinario|banner: monto de cuadricula
1502|05457|QUINTO|Ordinario|etiqueta de caja con monto de cuadricula
1502|17552|QUINTO|Ordinario|etiqueta de caja con monto de cuadricula
1502|40032|TERCER|Ordinario|etiqueta de caja con monto de cuadricula
1502|43347|TERCER|Ordinario|etiqueta de caja con monto de cuadricula
1502|44156|CUARTO|Ordinario|etiqueta de caja con monto de cuadricula
1502|47584|CUARTO|Ordinario|etiqueta de caja con monto de cuadricula
1503|12721|MAYOR|Ordinario|banner: monto de cuadricula
1503|35383|MAYOR|Ordinario|banner: monto de cuadricula
1503|40335|MAYOR|Ordinario|banner: monto de cuadricula
1503|26774|CUARTO|Ordinario|etiqueta de caja con monto de cuadricula
1503|35357|TERCER|Ordinario|etiqueta de caja con monto de cuadricula
1503|40340|CUARTO|Ordinario|etiqueta de caja con monto de cuadricula
1503|46051|TERCER|Ordinario|etiqueta de caja con monto de cuadricula
1503|46794|QUINTO|Ordinario|etiqueta de caja con monto de cuadricula
1504|12790|MAYOR|Ordinario|banner: monto de cuadricula
1504|39372|MAYOR|Ordinario|banner: monto de cuadricula
1504|47324|MAYOR|Ordinario|banner: monto de cuadricula
1504|25585|Ordinario|MAYOR|casa con la nota (monto destacado o grafico)
1504|16221|CUARTO|Ordinario|etiqueta de caja con monto de cuadricula
1504|17370|QUINTO|Ordinario|etiqueta de caja con monto de cuadricula
1504|22880|QUINTO|Ordinario|etiqueta de caja con monto de cuadricula
1504|24241|TERCER|Ordinario|etiqueta de caja con monto de cuadricula
1504|30559|TERCER|Ordinario|etiqueta de caja con monto de cuadricula
1505|11809|MAYOR|Ordinario|banner: monto de cuadricula
1505|29729|MAYOR|Ordinario|banner: monto de cuadricula
1505|39678|MAYOR|Ordinario|banner: monto de cuadricula
1505|21781|QUINTO|Ordinario|etiqueta de caja con monto de cuadricula
1505|22611|CUARTO|Ordinario|etiqueta de caja con monto de cuadricula
1505|24906|CUARTO|Ordinario|etiqueta de caja con monto de cuadricula
1505|32225|TERCER|Ordinario|etiqueta de caja con monto de cuadricula
1505|47821|TERCER|Ordinario|etiqueta de caja con monto de cuadricula
1506|39570|MAYOR|Ordinario|banner: monto de cuadricula
1506|11147|QUINTO|Ordinario|etiqueta de caja con monto de cuadricula
1506|15458|TERCER|Ordinario|etiqueta de caja con monto de cuadricula
1506|17309|QUINTO|Ordinario|etiqueta de caja con monto de cuadricula
1506|17902|CUARTO|Ordinario|etiqueta de caja con monto de cuadricula
1506|48267|CUARTO|Ordinario|etiqueta de caja con monto de cuadricula
1506|50298|TERCER|Ordinario|etiqueta de caja con monto de cuadricula
1507|10605|MAYOR|Ordinario|banner: monto de cuadricula
1507|40257|MAYOR|Ordinario|banner: monto de cuadricula
1507|49809|MAYOR|Ordinario|banner: monto de cuadricula
1507|10345|QUINTO|Ordinario|etiqueta de caja con monto de cuadricula
1507|13141|CUARTO|Ordinario|etiqueta de caja con monto de cuadricula
1507|35700|TERCER|Ordinario|etiqueta de caja con monto de cuadricula
1507|46547|CUARTO|Ordinario|etiqueta de caja con monto de cuadricula
1507|49038|TERCER|Ordinario|etiqueta de caja con monto de cuadricula
1508|13564|MAYOR|Ordinario|banner: monto de cuadricula
1508|40976|MAYOR|Ordinario|banner: monto de cuadricula
1508|46213|MAYOR|Ordinario|banner: monto de cuadricula
1508|26613|Ordinario|MAYOR|casa con la nota (monto destacado o grafico)
1508|33745|CUARTO|Ordinario|etiqueta de caja con monto de cuadricula
1508|41422|TERCER|Ordinario|etiqueta de caja con monto de cuadricula
1508|43676|QUINTO|Ordinario|etiqueta de caja con monto de cuadricula
1508|47529|CUARTO|Ordinario|etiqueta de caja con monto de cuadricula
1509|08384|MAYOR|Ordinario|banner: monto de cuadricula
1509|40686|MAYOR|Ordinario|banner: monto de cuadricula
1509|41487|MAYOR|Ordinario|banner: monto de cuadricula
1509|20638|CUARTO|Ordinario|etiqueta de caja con monto de cuadricula
1509|24465|QUINTO|Ordinario|etiqueta de caja con monto de cuadricula
1509|36489|TERCER|Ordinario|etiqueta de caja con monto de cuadricula
1509|44892|CUARTO|Ordinario|etiqueta de caja con monto de cuadricula
1510|13679|MAYOR|Ordinario|banner: monto de cuadricula
1510|41742|MAYOR|Ordinario|banner: monto de cuadricula
1510|48511|Ordinario|MAYOR|casa con la nota (monto destacado o grafico)
1510|18192|CUARTO|Ordinario|etiqueta de caja con monto de cuadricula
1510|28373|TERCER|Ordinario|etiqueta de caja con monto de cuadricula
1510|38792|QUINTO|Ordinario|etiqueta de caja con monto de cuadricula
1510|47540|CUARTO|Ordinario|etiqueta de caja con monto de cuadricula
1510|49976|TERCER|Ordinario|etiqueta de caja con monto de cuadricula
1511|09715|MAYOR|Ordinario|banner: monto de cuadricula
1511|14355|MAYOR|Ordinario|banner: monto de cuadricula
1511|29567|MAYOR|Ordinario|banner: monto de cuadricula
1511|39237|MAYOR|Ordinario|banner: monto de cuadricula
1511|14409|CUARTO|Ordinario|etiqueta de caja con monto de cuadricula
1511|19115|QUINTO|Ordinario|etiqueta de caja con monto de cuadricula
1511|21026|CUARTO|Ordinario|etiqueta de caja con monto de cuadricula
1511|46571|TERCER|Ordinario|etiqueta de caja con monto de cuadricula
1512|11706|MAYOR|Ordinario|banner: monto de cuadricula
1512|39501|MAYOR|Ordinario|banner: monto de cuadricula
1512|17344|TERCER|Ordinario|etiqueta de caja con monto de cuadricula
1512|33673|TERCER|Ordinario|etiqueta de caja con monto de cuadricula
1512|41861|CUARTO|Ordinario|etiqueta de caja con monto de cuadricula
1512|47040|CUARTO|Ordinario|etiqueta de caja con monto de cuadricula
1514|12835|MAYOR|Ordinario|banner: monto de cuadricula
1514|31815|MAYOR|Ordinario|banner: monto de cuadricula
1514|39270|MAYOR|Ordinario|banner: monto de cuadricula
1514|40032|CUARTO|Ordinario|etiqueta de caja con monto de cuadricula
1514|41939|CUARTO|Ordinario|etiqueta de caja con monto de cuadricula
1514|44894|TERCER|Ordinario|etiqueta de caja con monto de cuadricula
1514|49418|TERCER|Ordinario|etiqueta de caja con monto de cuadricula
1514|50259|QUINTO|Ordinario|etiqueta de caja con monto de cuadricula
1515|13959|MAYOR|Ordinario|banner: monto de cuadricula
1515|39303|MAYOR|Ordinario|banner: monto de cuadricula
1515|44578|MAYOR|Ordinario|banner: monto de cuadricula
1515|07043|CUARTO|Ordinario|etiqueta de caja con monto de cuadricula
1515|30049|TERCER|Ordinario|etiqueta de caja con monto de cuadricula
1515|43127|CUARTO|Ordinario|etiqueta de caja con monto de cuadricula
1515|44386|QUINTO|Ordinario|etiqueta de caja con monto de cuadricula
1515|45733|TERCER|Ordinario|etiqueta de caja con monto de cuadricula
1516|11811|MAYOR|Ordinario|banner: monto de cuadricula
1516|36980|MAYOR|Ordinario|banner: monto de cuadricula
1516|39409|MAYOR|Ordinario|banner: monto de cuadricula
1516|06759|QUINTO|Ordinario|etiqueta de caja con monto de cuadricula
1516|32909|TERCER|Ordinario|etiqueta de caja con monto de cuadricula
1516|36896|TERCER|Ordinario|etiqueta de caja con monto de cuadricula
1516|44792|CUARTO|Ordinario|etiqueta de caja con monto de cuadricula
1517|14054|MAYOR|Ordinario|banner: monto de cuadricula
1517|41157|MAYOR|Ordinario|banner: monto de cuadricula
1517|45158|MAYOR|Ordinario|banner: monto de cuadricula
1517|23462|Ordinario|MAYOR|casa con la nota (monto destacado o grafico)
1517|08259|QUINTO|Ordinario|etiqueta de caja con monto de cuadricula
1517|33042|TERCER|Ordinario|etiqueta de caja con monto de cuadricula
1517|40424|CUARTO|Ordinario|etiqueta de caja con monto de cuadricula
1517|48453|CUARTO|Ordinario|etiqueta de caja con monto de cuadricula
1518|05174|MAYOR|Ordinario|banner: monto de cuadricula
1518|40377|MAYOR|Ordinario|banner: monto de cuadricula
1518|40867|Ordinario|MAYOR|casa con la nota (monto destacado o grafico)
1518|11928|CUARTO|Ordinario|etiqueta de caja con monto de cuadricula
1518|23011|TERCER|Ordinario|etiqueta de caja con monto de cuadricula
1518|27695|CUARTO|Ordinario|etiqueta de caja con monto de cuadricula
1518|30106|QUINTO|Ordinario|etiqueta de caja con monto de cuadricula
1518|33632|TERCER|Ordinario|etiqueta de caja con monto de cuadricula
1520|13705|MAYOR|Ordinario|banner: monto de cuadricula
1520|39200|MAYOR|Ordinario|banner: monto de cuadricula
1520|43485|MAYOR|Ordinario|banner: monto de cuadricula
1520|23073|Ordinario|MAYOR|casa con la nota (monto destacado o grafico)
1520|24383|CUARTO|Ordinario|etiqueta de caja con monto de cuadricula
1520|27516|QUINTO|Ordinario|etiqueta de caja con monto de cuadricula
1520|32774|TERCER|Ordinario|etiqueta de caja con monto de cuadricula
1520|34733|TERCER|Ordinario|etiqueta de caja con monto de cuadricula
1520|45036|CUARTO|Ordinario|etiqueta de caja con monto de cuadricula
1521|09820|MAYOR|Ordinario|banner: monto de cuadricula
1521|39393|MAYOR|Ordinario|banner: monto de cuadricula
1521|42568|MAYOR|Ordinario|banner: monto de cuadricula
1521|19122|CUARTO|MAYOR|casa con la nota (monto destacado o grafico)
1521|09375|QUINTO|Ordinario|etiqueta de caja con monto de cuadricula
1521|14277|TERCER|Ordinario|etiqueta de caja con monto de cuadricula
1521|43871|CUARTO|Ordinario|etiqueta de caja con monto de cuadricula
1521|44774|TERCER|Ordinario|etiqueta de caja con monto de cuadricula
1523|12025|MAYOR|Ordinario|banner: monto de cuadricula
1523|38923|MAYOR|Ordinario|banner: monto de cuadricula
1523|40838|MAYOR|Ordinario|banner: monto de cuadricula
1523|16203|Ordinario|MAYOR|casa con la nota (monto destacado o grafico)
1523|05779|CUARTO|Ordinario|etiqueta de caja con monto de cuadricula
1523|35421|TERCER|Ordinario|etiqueta de caja con monto de cuadricula
1523|46383|TERCER|Ordinario|etiqueta de caja con monto de cuadricula
1523|46385|QUINTO|Ordinario|etiqueta de caja con monto de cuadricula
1523|50625|CUARTO|Ordinario|etiqueta de caja con monto de cuadricula
1524|04673|MAYOR|Ordinario|banner: monto de cuadricula
1524|25254|MAYOR|Ordinario|banner: monto de cuadricula
1524|40475|MAYOR|Ordinario|banner: monto de cuadricula
1524|04672|Ordinario|MAYOR|casa con la nota (monto destacado o grafico)
1524|20846|TERCER|Ordinario|etiqueta de caja con monto de cuadricula
1524|21909|TERCER|Ordinario|etiqueta de caja con monto de cuadricula
1524|36219|CUARTO|Ordinario|etiqueta de caja con monto de cuadricula
1524|37507|QUINTO|Ordinario|etiqueta de caja con monto de cuadricula
1524|49075|CUARTO|Ordinario|etiqueta de caja con monto de cuadricula
1526|11888|MAYOR|Ordinario|banner: monto de cuadricula
1526|26702|MAYOR|Ordinario|banner: monto de cuadricula
1526|41196|MAYOR|Ordinario|banner: monto de cuadricula
1526|04935|Ordinario|MAYOR|casa con la nota (monto destacado o grafico)
1526|13840|CUARTO|Ordinario|etiqueta de caja con monto de cuadricula
1526|29375|TERCER|Ordinario|etiqueta de caja con monto de cuadricula
1526|39143|QUINTO|Ordinario|etiqueta de caja con monto de cuadricula
1526|42305|CUARTO|Ordinario|etiqueta de caja con monto de cuadricula
1526|47519|TERCER|Ordinario|etiqueta de caja con monto de cuadricula
1527|12102|MAYOR|Ordinario|banner: monto de cuadricula
1527|40220|MAYOR|Ordinario|banner: monto de cuadricula
1527|37545|Ordinario|MAYOR|casa con la nota (monto destacado o grafico)
1527|41858|CUARTO|Ordinario|etiqueta de caja con monto de cuadricula
1527|48047|QUINTO|Ordinario|etiqueta de caja con monto de cuadricula
1527|50267|CUARTO|Ordinario|etiqueta de caja con monto de cuadricula
1528|12057|MAYOR|Ordinario|banner: monto de cuadricula
1528|38386|MAYOR|Ordinario|banner: monto de cuadricula
1528|39695|MAYOR|Ordinario|banner: monto de cuadricula
1528|17258|Ordinario|MAYOR|casa con la nota (monto destacado o grafico)
1528|21035|CUARTO|Ordinario|etiqueta de caja con monto de cuadricula
1528|25213|QUINTO|Ordinario|etiqueta de caja con monto de cuadricula
1528|36802|TERCER|Ordinario|etiqueta de caja con monto de cuadricula
1529|10652|MAYOR|Ordinario|banner: monto de cuadricula
1529|23232|MAYOR|Ordinario|banner: monto de cuadricula
1529|39965|MAYOR|Ordinario|banner: monto de cuadricula
1529|02395|Ordinario|MAYOR|casa con la nota (monto destacado o grafico)
1529|05495|CUARTO|Ordinario|etiqueta de caja con monto de cuadricula
1529|06091|QUINTO|Ordinario|etiqueta de caja con monto de cuadricula
1529|21382|TERCER|Ordinario|etiqueta de caja con monto de cuadricula
1529|35557|CUARTO|Ordinario|etiqueta de caja con monto de cuadricula
1530|11207|MAYOR|Ordinario|banner: monto de cuadricula
1530|27707|MAYOR|Ordinario|banner: monto de cuadricula
1530|38966|MAYOR|Ordinario|banner: monto de cuadricula
1530|07155|Ordinario|MAYOR|casa con la nota (monto destacado o grafico)
1530|18059|CUARTO|Ordinario|etiqueta de caja con monto de cuadricula
1530|19449|QUINTO|Ordinario|etiqueta de caja con monto de cuadricula
1530|31158|CUARTO|Ordinario|etiqueta de caja con monto de cuadricula
1530|40749|TERCER|Ordinario|etiqueta de caja con monto de cuadricula
1530|48440|TERCER|Ordinario|etiqueta de caja con monto de cuadricula
1531|11545|MAYOR|Ordinario|banner: monto de cuadricula
1531|41780|MAYOR|Ordinario|banner: monto de cuadricula
1531|50407|MAYOR|Ordinario|banner: monto de cuadricula
1531|45282|Ordinario|MAYOR|casa con la nota (monto destacado o grafico)
1531|06890|TERCER|Ordinario|etiqueta de caja con monto de cuadricula
1531|23361|CUARTO|Ordinario|etiqueta de caja con monto de cuadricula
1531|39651|QUINTO|Ordinario|etiqueta de caja con monto de cuadricula
1531|48963|CUARTO|Ordinario|etiqueta de caja con monto de cuadricula
1533|12607|MAYOR|Ordinario|banner: monto de cuadricula
1533|36056|MAYOR|Ordinario|banner: monto de cuadricula
1533|39071|MAYOR|Ordinario|banner: monto de cuadricula
1533|15899|Ordinario|MAYOR|casa con la nota (monto destacado o grafico)
1533|08135|QUINTO|Ordinario|etiqueta de caja con monto de cuadricula
1533|27068|TERCER|Ordinario|etiqueta de caja con monto de cuadricula
1533|29521|TERCER|Ordinario|etiqueta de caja con monto de cuadricula
1533|31717|CUARTO|Ordinario|etiqueta de caja con monto de cuadricula
1533|43161|CUARTO|Ordinario|etiqueta de caja con monto de cuadricula
1534|09152|MAYOR|Ordinario|banner: monto de cuadricula
1534|11252|MAYOR|Ordinario|banner: monto de cuadricula
1534|40556|MAYOR|Ordinario|banner: monto de cuadricula
1534|09153|Ordinario|MAYOR|casa con la nota (monto destacado o grafico)
1534|17548|CUARTO|Ordinario|etiqueta de caja con monto de cuadricula
1534|30774|TERCER|Ordinario|etiqueta de caja con monto de cuadricula
1534|33785|TERCER|Ordinario|etiqueta de caja con monto de cuadricula
1534|38272|CUARTO|Ordinario|etiqueta de caja con monto de cuadricula
1534|43884|QUINTO|Ordinario|etiqueta de caja con monto de cuadricula
1536|06988|MAYOR|Ordinario|banner: monto de cuadricula
1536|16873|MAYOR|Ordinario|banner: monto de cuadricula
1536|33758|MAYOR|Ordinario|banner: monto de cuadricula
1536|39654|MAYOR|Ordinario|banner: monto de cuadricula
1536|06633|QUINTO|Ordinario|etiqueta de caja con monto de cuadricula
1536|35409|TERCER|Ordinario|etiqueta de caja con monto de cuadricula
1536|35677|CUARTO|Ordinario|etiqueta de caja con monto de cuadricula
1536|41923|CUARTO|Ordinario|etiqueta de caja con monto de cuadricula
1537|10605|MAYOR|Ordinario|banner: monto de cuadricula
1537|39108|MAYOR|Ordinario|banner: monto de cuadricula
1537|09781|QUINTO|Ordinario|etiqueta de caja con monto de cuadricula
1537|11628|CUARTO|Ordinario|etiqueta de caja con monto de cuadricula
1537|15895|TERCER|Ordinario|etiqueta de caja con monto de cuadricula
1537|31014|CUARTO|Ordinario|etiqueta de caja con monto de cuadricula
1537|46868|SEGUNDO|Ordinario|etiqueta de caja con monto de cuadricula
1538|13985|MAYOR|Ordinario|banner: monto de cuadricula
1538|31885|MAYOR|Ordinario|banner: monto de cuadricula
1538|40362|MAYOR|Ordinario|banner: monto de cuadricula
1538|31886|Ordinario|MAYOR|casa con la nota (monto destacado o grafico)
1538|21754|SEGUNDO|Ordinario|etiqueta de caja con monto de cuadricula
1538|28331|CUARTO|Ordinario|etiqueta de caja con monto de cuadricula
1538|34230|CUARTO|Ordinario|etiqueta de caja con monto de cuadricula
1538|41119|QUINTO|Ordinario|etiqueta de caja con monto de cuadricula
1539|12748|MAYOR|Ordinario|banner: monto de cuadricula
1539|40982|MAYOR|Ordinario|banner: monto de cuadricula
1539|09240|CUARTO|Ordinario|etiqueta de caja con monto de cuadricula
1539|02441|QUINTO|Ordinario|etiqueta de caja con monto de cuadricula
1539|12023|SEGUNDO|Ordinario|etiqueta de caja con monto de cuadricula
1539|31567|TERCER|Ordinario|etiqueta de caja con monto de cuadricula
1539|38005|TERCER|Ordinario|etiqueta de caja con monto de cuadricula
1539|40152|CUARTO|Ordinario|etiqueta de caja con monto de cuadricula
1540|12306|MAYOR|Ordinario|banner: monto de cuadricula
1540|40377|MAYOR|Ordinario|banner: monto de cuadricula
1540|10401|CUARTO|Ordinario|etiqueta de caja con monto de cuadricula
1540|13251|CUARTO|Ordinario|etiqueta de caja con monto de cuadricula
1540|47329|SEGUNDO|Ordinario|etiqueta de caja con monto de cuadricula
1541|13192|MAYOR|Ordinario|banner: monto de cuadricula
1541|43030|MAYOR|Ordinario|banner: monto de cuadricula
1541|32814|SEGUNDO|Ordinario|etiqueta de caja con monto de cuadricula
1541|39398|CUARTO|Ordinario|etiqueta de caja con monto de cuadricula
1541|46661|TERCER|Ordinario|etiqueta de caja con monto de cuadricula
1541|49777|CUARTO|Ordinario|etiqueta de caja con monto de cuadricula
1544|13183|MAYOR|Ordinario|banner: monto de cuadricula
1544|40555|MAYOR|Ordinario|banner: monto de cuadricula
1544|09950|TERCER|Ordinario|etiqueta de caja con monto de cuadricula
1544|10065|CUARTO|Ordinario|etiqueta de caja con monto de cuadricula
1544|44394|CUARTO|Ordinario|etiqueta de caja con monto de cuadricula
1544|49243|QUINTO|Ordinario|etiqueta de caja con monto de cuadricula
1544|49478|QUINTO|Ordinario|etiqueta de caja con monto de cuadricula
1545|12291|MAYOR|Ordinario|banner: monto de cuadricula
1545|39916|MAYOR|Ordinario|banner: monto de cuadricula
1545|12733|TERCER|Ordinario|etiqueta de caja con monto de cuadricula
1545|13142|CUARTO|Ordinario|etiqueta de caja con monto de cuadricula
1545|14650|CUARTO|Ordinario|etiqueta de caja con monto de cuadricula
1545|39609|SEGUNDO|Ordinario|etiqueta de caja con monto de cuadricula
1545|39706|QUINTO|Ordinario|etiqueta de caja con monto de cuadricula
1546|13710|MAYOR|Ordinario|banner: monto de cuadricula
1546|38377|MAYOR|Ordinario|banner: monto de cuadricula
1546|08519|CUARTO|Ordinario|etiqueta de caja con monto de cuadricula
1546|30646|TERCER|Ordinario|etiqueta de caja con monto de cuadricula
1546|28450|CUARTO|Ordinario|etiqueta de caja con monto de cuadricula
1546|33128|QUINTO|Ordinario|etiqueta de caja con monto de cuadricula
1548|13531|MAYOR|Ordinario|banner: monto de cuadricula
1548|30689|MAYOR|Ordinario|banner: monto de cuadricula
1548|34122|MAYOR|Ordinario|banner: monto de cuadricula
1548|36660|MAYOR|Ordinario|banner: monto de cuadricula
1548|30690|Ordinario|MAYOR|casa con la nota (monto destacado o grafico)
1548|18812|CUARTO|Ordinario|etiqueta de caja con monto de cuadricula
1548|26094|CUARTO|Ordinario|etiqueta de caja con monto de cuadricula
1548|33663|QUINTO|Ordinario|etiqueta de caja con monto de cuadricula
1548|36154|TERCER|Ordinario|etiqueta de caja con monto de cuadricula
1548|38986|SEGUNDO|Ordinario|etiqueta de caja con monto de cuadricula
1549|13480|MAYOR|Ordinario|banner: monto de cuadricula
1549|19576|MAYOR|Ordinario|banner: monto de cuadricula
1549|40763|MAYOR|Ordinario|banner: monto de cuadricula
1549|15131|SEGUNDO|Ordinario|etiqueta de caja con monto de cuadricula
1549|22040|CUARTO|Ordinario|etiqueta de caja con monto de cuadricula
1549|37143|QUINTO|Ordinario|etiqueta de caja con monto de cuadricula
1549|40930|CUARTO|Ordinario|etiqueta de caja con monto de cuadricula
1550|12038|MAYOR|Ordinario|banner: monto de cuadricula
1550|39276|MAYOR|Ordinario|banner: monto de cuadricula
1550|01699|SEGUNDO|Ordinario|etiqueta de caja con monto de cuadricula
1550|21057|CUARTO|Ordinario|etiqueta de caja con monto de cuadricula
1550|21200|CUARTO|Ordinario|etiqueta de caja con monto de cuadricula
1550|47152|QUINTO|Ordinario|etiqueta de caja con monto de cuadricula
1550|47199|QUINTO|Ordinario|etiqueta de caja con monto de cuadricula
1551|06889|MAYOR|Ordinario|banner: monto de cuadricula
1551|34406|MAYOR|Ordinario|banner: monto de cuadricula
1551|38798|MAYOR|Ordinario|banner: monto de cuadricula
1551|34407|Ordinario|MAYOR|casa con la nota (monto destacado o grafico)
1551|07085|TERCER|Ordinario|etiqueta de caja con monto de cuadricula
1551|10496|TERCER|Ordinario|etiqueta de caja con monto de cuadricula
1551|24338|CUARTO|Ordinario|etiqueta de caja con monto de cuadricula
1551|34998|SEGUNDO|Ordinario|etiqueta de caja con monto de cuadricula
1551|36350|SEGUNDO|Ordinario|etiqueta de caja con monto de cuadricula
1551|42267|CUARTO|Ordinario|etiqueta de caja con monto de cuadricula
1552|13646|MAYOR|Ordinario|banner: monto de cuadricula
1552|39539|MAYOR|Ordinario|banner: monto de cuadricula
1552|22540|QUINTO|Ordinario|etiqueta de caja con monto de cuadricula
1552|32568|SEGUNDO|Ordinario|etiqueta de caja con monto de cuadricula
1552|43157|CUARTO|Ordinario|etiqueta de caja con monto de cuadricula
1552|44007|CUARTO|Ordinario|etiqueta de caja con monto de cuadricula
1554|14427|MAYOR|Ordinario|banner: monto de cuadricula
1554|41637|MAYOR|Ordinario|banner: monto de cuadricula
1554|04500|QUINTO|Ordinario|etiqueta de caja con monto de cuadricula
1554|06770|CUARTO|Ordinario|etiqueta de caja con monto de cuadricula
1554|16280|TERCER|Ordinario|etiqueta de caja con monto de cuadricula
1554|17953|SEGUNDO|Ordinario|etiqueta de caja con monto de cuadricula
1554|18842|CUARTO|Ordinario|etiqueta de caja con monto de cuadricula
1555|12035|MAYOR|Ordinario|banner: monto de cuadricula
1555|38972|MAYOR|Ordinario|banner: monto de cuadricula
1555|11362|TERCER|Ordinario|etiqueta de caja con monto de cuadricula
1555|11560|QUINTO|Ordinario|etiqueta de caja con monto de cuadricula
1555|28529|SEGUNDO|Ordinario|etiqueta de caja con monto de cuadricula
1555|33995|CUARTO|Ordinario|etiqueta de caja con monto de cuadricula
1555|36472|CUARTO|Ordinario|etiqueta de caja con monto de cuadricula
1564|13197|MAYOR|Ordinario|banner: monto de cuadricula
1564|40974|MAYOR|Ordinario|banner: monto de cuadricula
1564|34284|CUARTO|Ordinario|etiqueta de caja con monto de cuadricula
1564|44584|CUARTO|Ordinario|etiqueta de caja con monto de cuadricula
1564|47655|QUINTO|Ordinario|etiqueta de caja con monto de cuadricula
1565|06994|MAYOR|Ordinario|banner: monto de cuadricula
1565|11021|MAYOR|Ordinario|banner: monto de cuadricula
1565|40003|MAYOR|Ordinario|banner: monto de cuadricula
1565|06995|Ordinario|MAYOR|casa con la nota (monto destacado o grafico)
1565|20261|SEGUNDO|Ordinario|etiqueta de caja con monto de cuadricula
1565|30592|CUARTO|Ordinario|etiqueta de caja con monto de cuadricula
1565|30609|CUARTO|Ordinario|etiqueta de caja con monto de cuadricula
1565|46092|TERCER|Ordinario|etiqueta de caja con monto de cuadricula
1565|47916|QUINTO|Ordinario|etiqueta de caja con monto de cuadricula
1566|13847|MAYOR|Ordinario|banner: monto de cuadricula
1566|42217|MAYOR|Ordinario|banner: monto de cuadricula
1566|31497|TERCER|Ordinario|etiqueta de caja con monto de cuadricula
1566|37485|QUINTO|Ordinario|etiqueta de caja con monto de cuadricula
1566|39358|CUARTO|Ordinario|etiqueta de caja con monto de cuadricula
1566|41090|CUARTO|Ordinario|etiqueta de caja con monto de cuadricula
1566|45447|SEGUNDO|Ordinario|etiqueta de caja con monto de cuadricula
1567|12214|MAYOR|Ordinario|banner: monto de cuadricula
1567|39984|MAYOR|Ordinario|banner: monto de cuadricula
1567|08125|CUARTO|Ordinario|etiqueta de caja con monto de cuadricula
1567|20652|QUINTO|Ordinario|etiqueta de caja con monto de cuadricula
1567|30069|CUARTO|Ordinario|etiqueta de caja con monto de cuadricula
1567|40817|SEGUNDO|Ordinario|etiqueta de caja con monto de cuadricula
1567|50831|TERCER|Ordinario|etiqueta de caja con monto de cuadricula
1568|11446|MAYOR|Ordinario|banner: monto de cuadricula
1568|12302|MAYOR|Ordinario|banner: monto de cuadricula
1568|39971|MAYOR|Ordinario|banner: monto de cuadricula
1568|27674|CUARTO|Ordinario|etiqueta de caja con monto de cuadricula
1568|34155|QUINTO|Ordinario|etiqueta de caja con monto de cuadricula
1568|38270|TERCER|Ordinario|etiqueta de caja con monto de cuadricula
1569|11961|MAYOR|Ordinario|banner: monto de cuadricula
1569|33958|MAYOR|Ordinario|banner: monto de cuadricula
1569|39336|MAYOR|Ordinario|banner: monto de cuadricula
1569|11642|SEGUNDO|Ordinario|etiqueta de caja con monto de cuadricula
1569|26458|CUARTO|Ordinario|etiqueta de caja con monto de cuadricula
1569|26489|QUINTO|Ordinario|etiqueta de caja con monto de cuadricula
1569|26536|QUINTO|Ordinario|etiqueta de caja con monto de cuadricula
1569|44299|CUARTO|Ordinario|etiqueta de caja con monto de cuadricula
1570|11670|MAYOR|Ordinario|banner: monto de cuadricula
1570|39487|MAYOR|Ordinario|banner: monto de cuadricula
1570|03259|CUARTO|Ordinario|etiqueta de caja con monto de cuadricula
1570|29272|QUINTO|Ordinario|etiqueta de caja con monto de cuadricula
1570|37420|TERCER|Ordinario|etiqueta de caja con monto de cuadricula
1570|42448|CUARTO|Ordinario|etiqueta de caja con monto de cuadricula
1571|13656|MAYOR|Ordinario|banner: monto de cuadricula
1571|41981|MAYOR|Ordinario|banner: monto de cuadricula
1571|15460|TERCER|Ordinario|etiqueta de caja con monto de cuadricula
1571|17773|QUINTO|Ordinario|etiqueta de caja con monto de cuadricula
1571|17839|SEGUNDO|Ordinario|etiqueta de caja con monto de cuadricula
1571|42747|CUARTO|Ordinario|etiqueta de caja con monto de cuadricula
1571|46599|CUARTO|Ordinario|etiqueta de caja con monto de cuadricula
1572|13580|MAYOR|Ordinario|banner: monto de cuadricula
1572|40864|MAYOR|Ordinario|banner: monto de cuadricula
1572|09022|CUARTO|Ordinario|etiqueta de caja con monto de cuadricula
1572|20812|CUARTO|Ordinario|etiqueta de caja con monto de cuadricula
1572|27172|TERCER|Ordinario|etiqueta de caja con monto de cuadricula
1572|39587|QUINTO|Ordinario|etiqueta de caja con monto de cuadricula
1572|41960|SEGUNDO|Ordinario|etiqueta de caja con monto de cuadricula
1573|10992|MAYOR|Ordinario|banner: monto de cuadricula
1573|39363|MAYOR|Ordinario|banner: monto de cuadricula
1573|49155|MAYOR|Ordinario|banner: monto de cuadricula
1573|07982|TERCER|Ordinario|etiqueta de caja con monto de cuadricula
1573|04425|SEGUNDO|Ordinario|etiqueta de caja con monto de cuadricula
1573|15272|TERCER|Ordinario|etiqueta de caja con monto de cuadricula
1573|24918|QUINTO|Ordinario|etiqueta de caja con monto de cuadricula
1573|27130|CUARTO|Ordinario|etiqueta de caja con monto de cuadricula
1573|33745|CUARTO|Ordinario|etiqueta de caja con monto de cuadricula
1574|12402|MAYOR|Ordinario|banner: monto de cuadricula
1574|12450|MAYOR|Ordinario|banner: monto de cuadricula
1574|39045|MAYOR|Ordinario|banner: monto de cuadricula
1574|07015|Ordinario|MAYOR|casa con la nota (monto destacado o grafico)
1574|11412|CUARTO|Ordinario|etiqueta de caja con monto de cuadricula
1574|18914|CUARTO|Ordinario|etiqueta de caja con monto de cuadricula
1574|27246|SEGUNDO|Ordinario|etiqueta de caja con monto de cuadricula
1574|49925|QUINTO|Ordinario|etiqueta de caja con monto de cuadricula
1575|12446|MAYOR|Ordinario|banner: monto de cuadricula
1575|40059|MAYOR|Ordinario|banner: monto de cuadricula
1575|11278|QUINTO|Ordinario|etiqueta de caja con monto de cuadricula
1575|21156|TERCER|Ordinario|etiqueta de caja con monto de cuadricula
1575|39847|SEGUNDO|Ordinario|etiqueta de caja con monto de cuadricula
1575|40119|CUARTO|Ordinario|etiqueta de caja con monto de cuadricula
1575|40659|CUARTO|Ordinario|etiqueta de caja con monto de cuadricula
1576|11906|MAYOR|Ordinario|banner: monto de cuadricula
1576|39458|MAYOR|Ordinario|banner: monto de cuadricula
1576|09993|CUARTO|Ordinario|etiqueta de caja con monto de cuadricula
1576|04929|QUINTO|Ordinario|etiqueta de caja con monto de cuadricula
1576|16156|SEGUNDO|Ordinario|etiqueta de caja con monto de cuadricula
1576|24172|TERCER|Ordinario|etiqueta de caja con monto de cuadricula
1576|40017|CUARTO|Ordinario|etiqueta de caja con monto de cuadricula
1577|12258|MAYOR|Ordinario|banner: monto de cuadricula
1577|38452|MAYOR|Ordinario|banner: monto de cuadricula
1577|12614|TERCER|Ordinario|etiqueta de caja con monto de cuadricula
1577|14832|CUARTO|Ordinario|etiqueta de caja con monto de cuadricula
1577|19117|QUINTO|Ordinario|etiqueta de caja con monto de cuadricula
1577|29103|CUARTO|Ordinario|etiqueta de caja con monto de cuadricula
1577|36610|TERCER|Ordinario|etiqueta de caja con monto de cuadricula
1577|37995|SEGUNDO|Ordinario|etiqueta de caja con monto de cuadricula
1578|12890|MAYOR|Ordinario|banner: monto de cuadricula
1578|42683|MAYOR|Ordinario|banner: monto de cuadricula
1578|50193|MAYOR|Ordinario|banner: monto de cuadricula
1578|03830|CUARTO|Ordinario|etiqueta de caja con monto de cuadricula
1578|47474|SEGUNDO|Ordinario|etiqueta de caja con monto de cuadricula
1578|48709|CUARTO|Ordinario|etiqueta de caja con monto de cuadricula
1578|50559|QUINTO|Ordinario|etiqueta de caja con monto de cuadricula
1578|50572|QUINTO|Ordinario|etiqueta de caja con monto de cuadricula
1580|14879|MAYOR|Ordinario|banner: monto de cuadricula
1580|40665|MAYOR|Ordinario|banner: monto de cuadricula
1580|11951|QUINTO|Ordinario|etiqueta de caja con monto de cuadricula
1580|11981|QUINTO|Ordinario|etiqueta de caja con monto de cuadricula
1580|39209|CUARTO|Ordinario|etiqueta de caja con monto de cuadricula
1580|39698|SEGUNDO|Ordinario|etiqueta de caja con monto de cuadricula
1580|45000|CUARTO|Ordinario|etiqueta de caja con monto de cuadricula
1580|50619|TERCER|Ordinario|etiqueta de caja con monto de cuadricula
1582|12687|MAYOR|Ordinario|banner: monto de cuadricula
1582|36232|MAYOR|Ordinario|banner: monto de cuadricula
1582|41813|MAYOR|Ordinario|banner: monto de cuadricula
1582|12812|CUARTO|Ordinario|etiqueta de caja con monto de cuadricula
1582|34511|TERCER|Ordinario|etiqueta de caja con monto de cuadricula
1582|36940|CUARTO|Ordinario|etiqueta de caja con monto de cuadricula
1582|38079|TERCER|Ordinario|etiqueta de caja con monto de cuadricula
1582|48888|QUINTO|Ordinario|etiqueta de caja con monto de cuadricula
1582|48950|QUINTO|Ordinario|etiqueta de caja con monto de cuadricula
1582|49559|SEGUNDO|Ordinario|etiqueta de caja con monto de cuadricula
1584|12962|MAYOR|Ordinario|banner: monto de cuadricula
1584|38214|MAYOR|Ordinario|banner: monto de cuadricula
1584|11922|CUARTO|Ordinario|etiqueta de caja con monto de cuadricula
1584|30098|TERCER|Ordinario|etiqueta de caja con monto de cuadricula
1584|32534|QUINTO|Ordinario|etiqueta de caja con monto de cuadricula
1584|28388|CUARTO|Ordinario|etiqueta de caja con monto de cuadricula
1584|35782|SEGUNDO|Ordinario|etiqueta de caja con monto de cuadricula
1587|12390|MAYOR|Ordinario|banner: monto de cuadricula
1587|40228|MAYOR|Ordinario|banner: monto de cuadricula
1587|07977|TERCER|Ordinario|etiqueta de caja con monto de cuadricula
1587|06158|TERCER|Ordinario|etiqueta de caja con monto de cuadricula
1587|12029|QUINTO|Ordinario|etiqueta de caja con monto de cuadricula
1587|12958|CUARTO|Ordinario|etiqueta de caja con monto de cuadricula
1587|50965|CUARTO|Ordinario|etiqueta de caja con monto de cuadricula
1588|05607|MAYOR|Ordinario|banner: monto de cuadricula
1588|39325|MAYOR|Ordinario|banner: monto de cuadricula
1588|05931|SEGUNDO|Ordinario|etiqueta de caja con monto de cuadricula
1588|10615|CUARTO|Ordinario|etiqueta de caja con monto de cuadricula
1588|13092|QUINTO|Ordinario|etiqueta de caja con monto de cuadricula
1588|17909|TERCER|Ordinario|etiqueta de caja con monto de cuadricula
1588|46423|CUARTO|Ordinario|etiqueta de caja con monto de cuadricula
1592|14429|MAYOR|Ordinario|banner: monto de cuadricula
1592|31679|MAYOR|Ordinario|banner: monto de cuadricula
1592|36288|MAYOR|Ordinario|banner: monto de cuadricula
1592|38062|MAYOR|Ordinario|banner: monto de cuadricula
1592|31680|Ordinario|MAYOR|casa con la nota (monto destacado o grafico)
1592|19098|SEGUNDO|Ordinario|etiqueta de caja con monto de cuadricula
1592|24538|TERCER|Ordinario|etiqueta de caja con monto de cuadricula
1592|25622|TERCER|Ordinario|etiqueta de caja con monto de cuadricula
1592|28498|QUINTO|Ordinario|etiqueta de caja con monto de cuadricula
1592|28646|CUARTO|Ordinario|etiqueta de caja con monto de cuadricula
1592|35228|CUARTO|Ordinario|etiqueta de caja con monto de cuadricula
1593|12966|MAYOR|Ordinario|banner: monto de cuadricula
1593|39709|MAYOR|Ordinario|banner: monto de cuadricula
1593|22560|CUARTO|Ordinario|etiqueta de caja con monto de cuadricula
1593|25673|SEGUNDO|Ordinario|etiqueta de caja con monto de cuadricula
1593|32021|QUINTO|Ordinario|etiqueta de caja con monto de cuadricula
1593|35205|TERCER|Ordinario|etiqueta de caja con monto de cuadricula
1593|36898|QUINTO|Ordinario|etiqueta de caja con monto de cuadricula
1593|41494|CUARTO|Ordinario|etiqueta de caja con monto de cuadricula
1594|09704|MAYOR|Ordinario|banner: monto de cuadricula
1594|05093|MAYOR|Ordinario|banner: monto de cuadricula
1594|37781|MAYOR|Ordinario|banner: monto de cuadricula
1594|05883|SEGUNDO|Ordinario|etiqueta de caja con monto de cuadricula
1594|10122|QUINTO|Ordinario|etiqueta de caja con monto de cuadricula
1594|12820|CUARTO|Ordinario|etiqueta de caja con monto de cuadricula
1594|14159|CUARTO|Ordinario|etiqueta de caja con monto de cuadricula
1594|15697|TERCER|Ordinario|etiqueta de caja con monto de cuadricula
1595|10965|MAYOR|Ordinario|banner: monto de cuadricula
1595|11537|MAYOR|Ordinario|banner: monto de cuadricula
1595|35380|MAYOR|Ordinario|banner: monto de cuadricula
1595|10966|Ordinario|MAYOR|casa con la nota (monto destacado o grafico)
1595|18559|SEGUNDO|Ordinario|etiqueta de caja con monto de cuadricula
1595|25590|QUINTO|Ordinario|etiqueta de caja con monto de cuadricula
1595|31806|CUARTO|Ordinario|etiqueta de caja con monto de cuadricula
1595|41116|TERCER|Ordinario|etiqueta de caja con monto de cuadricula
1595|43133|CUARTO|Ordinario|etiqueta de caja con monto de cuadricula
1595|48098|TERCER|Ordinario|etiqueta de caja con monto de cuadricula
1596|12764|MAYOR|Ordinario|banner: monto de cuadricula
1596|31134|MAYOR|Ordinario|banner: monto de cuadricula
1596|39795|MAYOR|Ordinario|banner: monto de cuadricula
1596|01204|QUINTO|Ordinario|etiqueta de caja con monto de cuadricula
1596|29359|CUARTO|Ordinario|etiqueta de caja con monto de cuadricula
1596|47549|CUARTO|Ordinario|etiqueta de caja con monto de cuadricula
1596|47758|SEGUNDO|Ordinario|etiqueta de caja con monto de cuadricula
1597|13728|MAYOR|Ordinario|banner: monto de cuadricula
1597|37457|MAYOR|Ordinario|banner: monto de cuadricula
1597|41992|MAYOR|Ordinario|banner: monto de cuadricula
1597|43953|QUINTO|Ordinario|etiqueta de caja con monto de cuadricula
1598|02032|MAYOR|Ordinario|banner: monto de cuadricula
1598|11947|MAYOR|Ordinario|banner: monto de cuadricula
1598|39355|MAYOR|Ordinario|banner: monto de cuadricula
1598|18538|Ordinario|MAYOR|casa con la nota (monto destacado o grafico)
1598|06994|SEGUNDO|Ordinario|etiqueta de caja con monto de cuadricula
1598|24475|CUARTO|Ordinario|etiqueta de caja con monto de cuadricula
1598|26588|QUINTO|Ordinario|etiqueta de caja con monto de cuadricula
1598|48084|TERCER|Ordinario|etiqueta de caja con monto de cuadricula
1598|48342|CUARTO|Ordinario|etiqueta de caja con monto de cuadricula
1599|10778|MAYOR|Ordinario|banner: monto de cuadricula
1599|39985|MAYOR|Ordinario|banner: monto de cuadricula
1599|02478|SEGUNDO|Ordinario|etiqueta de caja con monto de cuadricula
1599|20526|QUINTO|Ordinario|etiqueta de caja con monto de cuadricula
1599|39481|CUARTO|Ordinario|etiqueta de caja con monto de cuadricula
1599|40108|TERCER|Ordinario|etiqueta de caja con monto de cuadricula
1599|43199|CUARTO|Ordinario|etiqueta de caja con monto de cuadricula
1599|45259|TERCER|Ordinario|etiqueta de caja con monto de cuadricula
1600|11956|MAYOR|Ordinario|banner: monto de cuadricula
1600|38570|MAYOR|Ordinario|banner: monto de cuadricula
1600|07420|TERCER|Ordinario|etiqueta de caja con monto de cuadricula
1600|10778|CUARTO|Ordinario|etiqueta de caja con monto de cuadricula
1600|22946|TERCER|Ordinario|etiqueta de caja con monto de cuadricula
1600|36975|QUINTO|Ordinario|etiqueta de caja con monto de cuadricula
1600|40249|CUARTO|Ordinario|etiqueta de caja con monto de cuadricula
1601|01113|MAYOR|Ordinario|banner: monto de cuadricula
1601|11395|MAYOR|Ordinario|banner: monto de cuadricula
1601|38663|MAYOR|Ordinario|banner: monto de cuadricula
1601|12126|CUARTO|Ordinario|etiqueta de caja con monto de cuadricula
1601|20599|TERCER|Ordinario|etiqueta de caja con monto de cuadricula
1601|37950|CUARTO|Ordinario|etiqueta de caja con monto de cuadricula
1601|37988|SEGUNDO|Ordinario|etiqueta de caja con monto de cuadricula
1601|41752|QUINTO|Ordinario|etiqueta de caja con monto de cuadricula
1602|13222|MAYOR|Ordinario|banner: monto de cuadricula
1602|41056|MAYOR|Ordinario|banner: monto de cuadricula
1602|05814|TERCER|Ordinario|etiqueta de caja con monto de cuadricula
1602|20583|CUARTO|Ordinario|etiqueta de caja con monto de cuadricula
1602|23721|CUARTO|Ordinario|etiqueta de caja con monto de cuadricula
1602|28697|TERCER|Ordinario|etiqueta de caja con monto de cuadricula
1602|37868|QUINTO|Ordinario|etiqueta de caja con monto de cuadricula
1602|40586|SEGUNDO|Ordinario|etiqueta de caja con monto de cuadricula
1603|11291|MAYOR|Ordinario|banner: monto de cuadricula
1603|37104|MAYOR|Ordinario|banner: monto de cuadricula
1603|04075|TERCER|Ordinario|etiqueta de caja con monto de cuadricula
1603|08543|CUARTO|Ordinario|etiqueta de caja con monto de cuadricula
1603|20064|CUARTO|Ordinario|etiqueta de caja con monto de cuadricula
1603|23075|QUINTO|Ordinario|etiqueta de caja con monto de cuadricula
1603|32298|TERCER|Ordinario|etiqueta de caja con monto de cuadricula
1603|34057|SEGUNDO|Ordinario|etiqueta de caja con monto de cuadricula
1604|12249|MAYOR|Ordinario|banner: monto de cuadricula
1604|34652|MAYOR|Ordinario|banner: monto de cuadricula
1604|49701|MAYOR|Ordinario|banner: monto de cuadricula
1604|19504|SEXTO|Ordinario|etiqueta de caja con monto de cuadricula
1604|30198|TERCER|Ordinario|etiqueta de caja con monto de cuadricula
1604|38969|SEGUNDO|Ordinario|etiqueta de caja con monto de cuadricula
1604|42560|QUINTO|Ordinario|etiqueta de caja con monto de cuadricula
1605|12979|MAYOR|Ordinario|banner: monto de cuadricula
1605|39995|MAYOR|Ordinario|banner: monto de cuadricula
1605|40202|MAYOR|Ordinario|banner: monto de cuadricula
1605|02689|QUINTO|Ordinario|etiqueta de caja con monto de cuadricula
1605|23598|SEGUNDO|Ordinario|etiqueta de caja con monto de cuadricula
1605|27101|TERCER|Ordinario|etiqueta de caja con monto de cuadricula
1605|31617|CUARTO|Ordinario|etiqueta de caja con monto de cuadricula
1605|35769|CUARTO|Ordinario|etiqueta de caja con monto de cuadricula
1605|38700|TERCER|Ordinario|etiqueta de caja con monto de cuadricula
1606|11595|MAYOR|Ordinario|banner: monto de cuadricula
1606|27856|MAYOR|Ordinario|banner: monto de cuadricula
1606|36617|MAYOR|Ordinario|banner: monto de cuadricula
1606|27857|Ordinario|MAYOR|casa con la nota (monto destacado o grafico)
1606|06644|CUARTO|Ordinario|etiqueta de caja con monto de cuadricula
1606|10903|QUINTO|Ordinario|etiqueta de caja con monto de cuadricula
1606|13041|TERCER|Ordinario|etiqueta de caja con monto de cuadricula
1606|21067|TERCER|Ordinario|etiqueta de caja con monto de cuadricula
1606|36306|CUARTO|Ordinario|etiqueta de caja con monto de cuadricula
1607|14688|MAYOR|Ordinario|banner: monto de cuadricula
1607|39853|MAYOR|Ordinario|banner: monto de cuadricula
1607|20595|QUINTO|Ordinario|etiqueta de caja con monto de cuadricula
1607|22395|SEGUNDO|Ordinario|etiqueta de caja con monto de cuadricula
1607|27419|TERCER|Ordinario|etiqueta de caja con monto de cuadricula
1607|38489|CUARTO|Ordinario|etiqueta de caja con monto de cuadricula
1607|46626|CUARTO|Ordinario|etiqueta de caja con monto de cuadricula
1609|07495|MAYOR|Ordinario|banner: monto de cuadricula
1609|31095|MAYOR|Ordinario|banner: monto de cuadricula
1609|37677|MAYOR|Ordinario|banner: monto de cuadricula
1609|10678|TERCER|Ordinario|etiqueta de caja con monto de cuadricula
1609|12328|SEGUNDO|Ordinario|etiqueta de caja con monto de cuadricula
1609|21194|CUARTO|Ordinario|etiqueta de caja con monto de cuadricula
1609|22157|QUINTO|Ordinario|etiqueta de caja con monto de cuadricula
1609|23870|CUARTO|Ordinario|etiqueta de caja con monto de cuadricula
1609|37478|TERCER|Ordinario|etiqueta de caja con monto de cuadricula
1610|13893|MAYOR|Ordinario|banner: monto de cuadricula
1610|33364|MAYOR|Ordinario|banner: monto de cuadricula
1610|14246|SEXTO|Ordinario|etiqueta de caja con monto de cuadricula
1610|25469|QUINTO|Ordinario|etiqueta de caja con monto de cuadricula
1610|30966|TERCER|Ordinario|etiqueta de caja con monto de cuadricula
1610|27445|SEGUNDO|Ordinario|etiqueta de caja con monto de cuadricula
1610|40142|CUARTO|Ordinario|etiqueta de caja con monto de cuadricula
1611|12548|MAYOR|Ordinario|banner: monto de cuadricula
1611|31924|MAYOR|Ordinario|banner: monto de cuadricula
1611|40064|MAYOR|Ordinario|banner: monto de cuadricula
1611|01961|CUARTO|Ordinario|etiqueta de caja con monto de cuadricula
1611|16691|CUARTO|Ordinario|etiqueta de caja con monto de cuadricula
1611|28065|SEGUNDO|Ordinario|etiqueta de caja con monto de cuadricula
1611|43152|TERCER|Ordinario|etiqueta de caja con monto de cuadricula
1611|46948|QUINTO|Ordinario|etiqueta de caja con monto de cuadricula
1611|50049|TERCER|Ordinario|etiqueta de caja con monto de cuadricula
1612|13756|MAYOR|Ordinario|banner: monto de cuadricula
1612|34341|MAYOR|Ordinario|banner: monto de cuadricula
1612|05362|TERCER|Ordinario|etiqueta de caja con monto de cuadricula
1612|13800|TERCER|Ordinario|etiqueta de caja con monto de cuadricula
1612|22523|CUARTO|Ordinario|etiqueta de caja con monto de cuadricula
1612|34359|SEGUNDO|Ordinario|etiqueta de caja con monto de cuadricula
1612|38983|CUARTO|Ordinario|etiqueta de caja con monto de cuadricula
1612|42683|QUINTO|Ordinario|etiqueta de caja con monto de cuadricula
1613|10997|MAYOR|Ordinario|banner: monto de cuadricula
1613|10999|MAYOR|Ordinario|banner: monto de cuadricula
1613|16062|MAYOR|Ordinario|banner: monto de cuadricula
1613|38820|MAYOR|Ordinario|banner: monto de cuadricula
1613|10998|Ordinario|MAYOR|casa con la nota (monto destacado o grafico)
1613|07005|QUINTO|Ordinario|etiqueta de caja con monto de cuadricula
1613|29349|CUARTO|Ordinario|etiqueta de caja con monto de cuadricula
1613|25577|SEGUNDO|Ordinario|etiqueta de caja con monto de cuadricula
1613|38429|TERCER|Ordinario|etiqueta de caja con monto de cuadricula
1613|39828|CUARTO|Ordinario|etiqueta de caja con monto de cuadricula
1613|42290|TERCER|Ordinario|etiqueta de caja con monto de cuadricula
1614|11997|MAYOR|Ordinario|banner: monto de cuadricula
1614|39847|MAYOR|Ordinario|banner: monto de cuadricula
1614|07518|CUARTO|Ordinario|etiqueta de caja con monto de cuadricula
1614|06628|SEGUNDO|Ordinario|etiqueta de caja con monto de cuadricula
1614|23229|TERCER|Ordinario|etiqueta de caja con monto de cuadricula
1614|33617|CUARTO|Ordinario|etiqueta de caja con monto de cuadricula
1614|35558|TERCER|Ordinario|etiqueta de caja con monto de cuadricula
1614|46727|CUARTO|Ordinario|etiqueta de caja con monto de cuadricula
1615|12962|MAYOR|Ordinario|banner: monto de cuadricula
1615|38879|MAYOR|Ordinario|banner: monto de cuadricula
1615|19232|CUARTO|Ordinario|etiqueta de caja con monto de cuadricula
1615|46776|CUARTO|Ordinario|etiqueta de caja con monto de cuadricula
1615|12691|QUINTO|Ordinario|etiqueta de caja con monto de cuadricula
1615|24581|TERCER|Ordinario|etiqueta de caja con monto de cuadricula
1615|30790|SEGUNDO|Ordinario|etiqueta de caja con monto de cuadricula
1615|47839|TERCER|Ordinario|etiqueta de caja con monto de cuadricula
1616|12953|MAYOR|Ordinario|banner: monto de cuadricula
1616|41975|MAYOR|Ordinario|banner: monto de cuadricula
1616|09976|TERCER|Ordinario|etiqueta de caja con monto de cuadricula
1616|04416|CUARTO|Ordinario|etiqueta de caja con monto de cuadricula
1616|25538|CUARTO|Ordinario|etiqueta de caja con monto de cuadricula
1616|32656|QUINTO|Ordinario|etiqueta de caja con monto de cuadricula
1616|41138|TERCER|Ordinario|etiqueta de caja con monto de cuadricula
1616|45854|SEGUNDO|Ordinario|etiqueta de caja con monto de cuadricula
1617|12428|MAYOR|Ordinario|banner: monto de cuadricula
1617|39579|MAYOR|Ordinario|banner: monto de cuadricula
1617|05769|TERCER|Ordinario|etiqueta de caja con monto de cuadricula
1617|13527|SEGUNDO|Ordinario|etiqueta de caja con monto de cuadricula
1617|34032|TERCER|Ordinario|etiqueta de caja con monto de cuadricula
1617|40592|CUARTO|Ordinario|etiqueta de caja con monto de cuadricula
1617|44398|CUARTO|Ordinario|etiqueta de caja con monto de cuadricula
1617|49599|QUINTO|Ordinario|etiqueta de caja con monto de cuadricula
1618|12323|MAYOR|Ordinario|banner: monto de cuadricula
1618|34666|MAYOR|Ordinario|banner: monto de cuadricula
1618|18209|CUARTO|Ordinario|etiqueta de caja con monto de cuadricula
1618|18830|TERCER|Ordinario|etiqueta de caja con monto de cuadricula
1618|31806|SEGUNDO|Ordinario|etiqueta de caja con monto de cuadricula
1618|38816|QUINTO|Ordinario|etiqueta de caja con monto de cuadricula
1618|46660|CUARTO|Ordinario|etiqueta de caja con monto de cuadricula
1619|11964|MAYOR|Ordinario|banner: monto de cuadricula
1619|33694|MAYOR|Ordinario|banner: monto de cuadricula
1619|40707|MAYOR|Ordinario|banner: monto de cuadricula
1619|33695|Ordinario|MAYOR|casa con la nota (monto destacado o grafico)
1619|01988|CUARTO|Ordinario|etiqueta de caja con monto de cuadricula
1619|19141|QUINTO|Ordinario|etiqueta de caja con monto de cuadricula
1619|21223|SEGUNDO|Ordinario|etiqueta de caja con monto de cuadricula
1619|43761|CUARTO|Ordinario|etiqueta de caja con monto de cuadricula
1619|45334|TERCER|Ordinario|etiqueta de caja con monto de cuadricula
1620|07997|MAYOR|Ordinario|banner: monto de cuadricula
1620|38117|MAYOR|Ordinario|banner: monto de cuadricula
1620|38688|MAYOR|Ordinario|banner: monto de cuadricula
1620|12625|TERCER|Ordinario|etiqueta de caja con monto de cuadricula
1620|14844|SEGUNDO|Ordinario|etiqueta de caja con monto de cuadricula
1620|20412|TERCER|Ordinario|etiqueta de caja con monto de cuadricula
1620|22679|CUARTO|Ordinario|etiqueta de caja con monto de cuadricula
1620|23752|QUINTO|Ordinario|etiqueta de caja con monto de cuadricula
1620|38797|CUARTO|Ordinario|etiqueta de caja con monto de cuadricula
1621|11955|MAYOR|Ordinario|banner: monto de cuadricula
1621|16064|MAYOR|Ordinario|banner: monto de cuadricula
1621|32821|MAYOR|Ordinario|banner: monto de cuadricula
1621|07390|CUARTO|Ordinario|etiqueta de caja con monto de cuadricula
1621|08450|TERCER|Ordinario|etiqueta de caja con monto de cuadricula
1621|32231|SEGUNDO|Ordinario|etiqueta de caja con monto de cuadricula
1621|28229|QUINTO|Ordinario|etiqueta de caja con monto de cuadricula
1621|36398|TERCER|Ordinario|etiqueta de caja con monto de cuadricula
1621|38292|CUARTO|Ordinario|etiqueta de caja con monto de cuadricula
1622|12524|MAYOR|Ordinario|banner: monto de cuadricula
1622|41959|MAYOR|Ordinario|banner: monto de cuadricula
1622|47316|MAYOR|Ordinario|banner: monto de cuadricula
1622|47317|Ordinario|MAYOR|casa con la nota (monto destacado o grafico)
1622|11745|SEGUNDO|Ordinario|etiqueta de caja con monto de cuadricula
1622|07019|CUARTO|Ordinario|etiqueta de caja con monto de cuadricula
1622|14181|QUINTO|Ordinario|etiqueta de caja con monto de cuadricula
1622|20597|CUARTO|Ordinario|etiqueta de caja con monto de cuadricula
1622|39687|TERCER|Ordinario|etiqueta de caja con monto de cuadricula
1622|48030|TERCER|Ordinario|etiqueta de caja con monto de cuadricula
1623|11053|MAYOR|Ordinario|banner: monto de cuadricula
1623|37400|MAYOR|Ordinario|banner: monto de cuadricula
1623|40877|MAYOR|Ordinario|banner: monto de cuadricula
1623|41286|MAYOR|Ordinario|banner: monto de cuadricula
1623|37401|Ordinario|MAYOR|casa con la nota (monto destacado o grafico)
1623|06249|SEGUNDO|Ordinario|etiqueta de caja con monto de cuadricula
1623|39269|CUARTO|Ordinario|etiqueta de caja con monto de cuadricula
1623|40610|TERCER|Ordinario|etiqueta de caja con monto de cuadricula
1623|45471|TERCER|Ordinario|etiqueta de caja con monto de cuadricula
1623|46037|QUINTO|Ordinario|etiqueta de caja con monto de cuadricula
1623|49982|CUARTO|Ordinario|etiqueta de caja con monto de cuadricula
1624|13483|MAYOR|Ordinario|banner: monto de cuadricula
1624|39193|MAYOR|Ordinario|banner: monto de cuadricula
1624|16302|SEGUNDO|Ordinario|etiqueta de caja con monto de cuadricula
1624|20943|QUINTO|Ordinario|etiqueta de caja con monto de cuadricula
1624|22719|CUARTO|Ordinario|etiqueta de caja con monto de cuadricula
1624|27978|CUARTO|Ordinario|etiqueta de caja con monto de cuadricula
1624|42676|TERCER|Ordinario|etiqueta de caja con monto de cuadricula
1625|12776|MAYOR|Ordinario|banner: monto de cuadricula
1625|39998|MAYOR|Ordinario|banner: monto de cuadricula
1625|01090|SEGUNDO|Ordinario|etiqueta de caja con monto de cuadricula
1625|03822|CUARTO|Ordinario|etiqueta de caja con monto de cuadricula
1625|17712|QUINTO|Ordinario|etiqueta de caja con monto de cuadricula
1625|21698|CUARTO|Ordinario|etiqueta de caja con monto de cuadricula
1625|29277|TERCER|Ordinario|etiqueta de caja con monto de cuadricula
1625|40279|TERCER|Ordinario|etiqueta de caja con monto de cuadricula
1626|10555|MAYOR|Ordinario|banner: monto de cuadricula
1626|36651|MAYOR|Ordinario|banner: monto de cuadricula
1626|50670|MAYOR|Ordinario|banner: monto de cuadricula
1626|45359|Ordinario|MAYOR|casa con la nota (monto destacado o grafico)
1626|04086|SEXTO|Ordinario|etiqueta de caja con monto de cuadricula
1626|33626|QUINTO|Ordinario|etiqueta de caja con monto de cuadricula
1627|12228|MAYOR|Ordinario|banner: monto de cuadricula
1627|39227|MAYOR|Ordinario|banner: monto de cuadricula
1627|18962|CUARTO|Ordinario|etiqueta de caja con monto de cuadricula
1627|31472|SEGUNDO|Ordinario|etiqueta de caja con monto de cuadricula
1627|34800|QUINTO|Ordinario|etiqueta de caja con monto de cuadricula
1627|34851|QUINTO|Ordinario|etiqueta de caja con monto de cuadricula
1627|37641|TERCER|Ordinario|etiqueta de caja con monto de cuadricula
1627|45724|CUARTO|Ordinario|etiqueta de caja con monto de cuadricula
1627|46059|TERCER|Ordinario|etiqueta de caja con monto de cuadricula
1630|10166|MAYOR|Ordinario|banner: monto de cuadricula
1630|35880|MAYOR|Ordinario|banner: monto de cuadricula
1630|38669|MAYOR|Ordinario|banner: monto de cuadricula
1630|39744|SEXTO|Ordinario|etiqueta de caja con monto de cuadricula
1636|12578|MAYOR|Ordinario|banner: monto de cuadricula
1636|39523|MAYOR|Ordinario|banner: monto de cuadricula
1636|14257|TERCER|Ordinario|etiqueta de caja con monto de cuadricula
1636|21047|SEGUNDO|Ordinario|etiqueta de caja con monto de cuadricula
1636|23010|CUARTO|Ordinario|etiqueta de caja con monto de cuadricula
1636|35741|CUARTO|Ordinario|etiqueta de caja con monto de cuadricula
1636|38686|TERCER|Ordinario|etiqueta de caja con monto de cuadricula
1636|43380|QUINTO|Ordinario|etiqueta de caja con monto de cuadricula
1637|12276|MAYOR|Ordinario|banner: monto de cuadricula
1637|36120|MAYOR|Ordinario|banner: monto de cuadricula
1637|42387|QUINTO|Ordinario|etiqueta de caja con monto de cuadricula
1637|42997|SEXTO|Ordinario|etiqueta de caja con monto de cuadricula
1639|14290|MAYOR|Ordinario|banner: monto de cuadricula
1639|33815|MAYOR|Ordinario|banner: monto de cuadricula
1639|45799|MAYOR|Ordinario|banner: monto de cuadricula
1639|14973|Ordinario|MAYOR|casa con la nota (monto destacado o grafico)
1639|35911|SEGUNDO|Ordinario|etiqueta de caja con monto de cuadricula
1639|44484|QUINTO|Ordinario|etiqueta de caja con monto de cuadricula
1639|49443|SEXTO|Ordinario|etiqueta de caja con monto de cuadricula
1640|12930|MAYOR|Ordinario|banner: monto de cuadricula
1640|14272|MAYOR|Ordinario|banner: monto de cuadricula
1640|39771|MAYOR|Ordinario|banner: monto de cuadricula
1640|14273|Ordinario|MAYOR|casa con la nota (monto destacado o grafico)
1640|03991|SEXTO|Ordinario|etiqueta de caja con monto de cuadricula
1640|29297|CUARTO|Ordinario|etiqueta de caja con monto de cuadricula
1640|33077|CUARTO|Ordinario|etiqueta de caja con monto de cuadricula
1640|40948|SEGUNDO|Ordinario|etiqueta de caja con monto de cuadricula
1641|10285|MAYOR|Ordinario|banner: monto de cuadricula
1641|39970|MAYOR|Ordinario|banner: monto de cuadricula
1641|01611|CUARTO|Ordinario|etiqueta de caja con monto de cuadricula
1641|06820|SEGUNDO|Ordinario|etiqueta de caja con monto de cuadricula
1641|18761|TERCER|Ordinario|etiqueta de caja con monto de cuadricula
1641|33855|CUARTO|Ordinario|etiqueta de caja con monto de cuadricula
1641|37022|QUINTO|Ordinario|etiqueta de caja con monto de cuadricula
1641|37415|TERCER|Ordinario|etiqueta de caja con monto de cuadricula
1643|13272|MAYOR|Ordinario|banner: monto de cuadricula
1643|40886|MAYOR|Ordinario|banner: monto de cuadricula
1643|04707|TERCER|Ordinario|etiqueta de caja con monto de cuadricula
1643|13856|TERCER|Ordinario|etiqueta de caja con monto de cuadricula
1643|16901|SEGUNDO|Ordinario|etiqueta de caja con monto de cuadricula
1643|43641|QUINTO|Ordinario|etiqueta de caja con monto de cuadricula
1643|45629|CUARTO|Ordinario|etiqueta de caja con monto de cuadricula
1643|49013|CUARTO|Ordinario|etiqueta de caja con monto de cuadricula
1644|10872|MAYOR|Ordinario|banner: monto de cuadricula
1644|05586|MAYOR|Ordinario|banner: monto de cuadricula
1644|38034|MAYOR|Ordinario|banner: monto de cuadricula
1644|01341|CUARTO|Ordinario|etiqueta de caja con monto de cuadricula
1644|03948|TERCER|Ordinario|etiqueta de caja con monto de cuadricula
1644|19049|CUARTO|Ordinario|etiqueta de caja con monto de cuadricula
1644|35541|SEGUNDO|Ordinario|etiqueta de caja con monto de cuadricula
1644|49983|QUINTO|Ordinario|etiqueta de caja con monto de cuadricula
1648|11226|MAYOR|Ordinario|banner: monto de cuadricula
1648|41351|MAYOR|Ordinario|banner: monto de cuadricula
1648|47172|MAYOR|Ordinario|banner: monto de cuadricula
1648|06582|TERCER|Ordinario|etiqueta de caja con monto de cuadricula
1648|06028|CUARTO|Ordinario|etiqueta de caja con monto de cuadricula
1648|36183|SEGUNDO|Ordinario|etiqueta de caja con monto de cuadricula
1648|39469|CUARTO|Ordinario|etiqueta de caja con monto de cuadricula
1648|46003|QUINTO|Ordinario|etiqueta de caja con monto de cuadricula
1649|13420|MAYOR|Ordinario|banner: monto de cuadricula
1649|32445|MAYOR|Ordinario|banner: monto de cuadricula
1649|37834|MAYOR|Ordinario|banner: monto de cuadricula
1649|32446|Ordinario|MAYOR|casa con la nota (monto destacado o grafico)
1649|08028|SEGUNDO|Ordinario|etiqueta de caja con monto de cuadricula
1649|24885|CUARTO|Ordinario|etiqueta de caja con monto de cuadricula
1649|30181|QUINTO|Ordinario|etiqueta de caja con monto de cuadricula
1649|28138|TERCER|Ordinario|etiqueta de caja con monto de cuadricula
1649|34936|CUARTO|Ordinario|etiqueta de caja con monto de cuadricula
1650|13892|MAYOR|Ordinario|banner: monto de cuadricula
1650|29941|MAYOR|Destacado|REVISAR: mayor falso, nivel real por determinar
1650|38827|MAYOR|Ordinario|banner: monto de cuadricula
1650|25919|Ordinario|MAYOR|casa con la nota (monto destacado o grafico)
1650|05628|SEGUNDO|Ordinario|etiqueta de caja con monto de cuadricula
1650|29892|CUARTO|Ordinario|etiqueta de caja con monto de cuadricula
1650|34651|TERCER|Ordinario|etiqueta de caja con monto de cuadricula
1650|34969|QUINTO|Ordinario|etiqueta de caja con monto de cuadricula
1650|38918|CUARTO|Ordinario|etiqueta de caja con monto de cuadricula
1652|11983|MAYOR|Ordinario|banner: monto de cuadricula
1652|38889|MAYOR|Ordinario|banner: monto de cuadricula
1652|10026|SEGUNDO|Ordinario|etiqueta de caja con monto de cuadricula
1652|05899|QUINTO|Ordinario|etiqueta de caja con monto de cuadricula
1652|15195|TERCER|Ordinario|etiqueta de caja con monto de cuadricula
1652|22315|CUARTO|Ordinario|etiqueta de caja con monto de cuadricula
1652|42310|TERCER|Ordinario|etiqueta de caja con monto de cuadricula
1652|49388|CUARTO|Ordinario|etiqueta de caja con monto de cuadricula
1654|12449|MAYOR|Ordinario|banner: monto de cuadricula
1654|40400|MAYOR|Ordinario|banner: monto de cuadricula
1654|45437|MAYOR|Destacado|REVISAR: mayor falso, nivel real por determinar
1654|03157|CUARTO|Ordinario|etiqueta de caja con monto de cuadricula
1654|11990|SEGUNDO|Ordinario|etiqueta de caja con monto de cuadricula
1654|13111|QUINTO|Ordinario|etiqueta de caja con monto de cuadricula
1654|32537|TERCER|Ordinario|etiqueta de caja con monto de cuadricula
1654|35856|CUARTO|Ordinario|etiqueta de caja con monto de cuadricula
1654|45387|TERCER|Ordinario|etiqueta de caja con monto de cuadricula
1655|11766|MAYOR|Ordinario|banner: monto de cuadricula
1655|39969|MAYOR|Ordinario|banner: monto de cuadricula
1655|10713|CUARTO|Ordinario|etiqueta de caja con monto de cuadricula
1655|12063|QUINTO|Ordinario|etiqueta de caja con monto de cuadricula
1655|12149|QUINTO|Ordinario|etiqueta de caja con monto de cuadricula
1655|21101|TERCER|Ordinario|etiqueta de caja con monto de cuadricula
1655|28379|TERCER|Ordinario|etiqueta de caja con monto de cuadricula
1655|43191|CUARTO|Ordinario|etiqueta de caja con monto de cuadricula
1655|44636|SEGUNDO|Ordinario|etiqueta de caja con monto de cuadricula
1656|10998|MAYOR|Ordinario|banner: monto de cuadricula
1656|38629|MAYOR|Ordinario|banner: monto de cuadricula
1656|16430|CUARTO|Ordinario|etiqueta de caja con monto de cuadricula
1656|21790|CUARTO|Ordinario|etiqueta de caja con monto de cuadricula
1656|32200|SEGUNDO|Ordinario|etiqueta de caja con monto de cuadricula
1656|34386|TERCER|Ordinario|etiqueta de caja con monto de cuadricula
1656|36650|TERCER|Ordinario|etiqueta de caja con monto de cuadricula
1656|44805|QUINTO|Ordinario|etiqueta de caja con monto de cuadricula
1657|11857|MAYOR|Ordinario|banner: monto de cuadricula
1657|26778|MAYOR|Ordinario|banner: monto de cuadricula
1657|41156|MAYOR|Ordinario|banner: monto de cuadricula
1657|06372|QUINTO|Ordinario|etiqueta de caja con monto de cuadricula
1657|06409|QUINTO|Ordinario|etiqueta de caja con monto de cuadricula
1657|03294|TERCER|Ordinario|etiqueta de caja con monto de cuadricula
1657|05249|SEGUNDO|Ordinario|etiqueta de caja con monto de cuadricula
1657|45083|TERCER|Ordinario|etiqueta de caja con monto de cuadricula
1657|48497|CUARTO|Ordinario|etiqueta de caja con monto de cuadricula
1657|48871|CUARTO|Ordinario|etiqueta de caja con monto de cuadricula
1658|10801|MAYOR|Ordinario|banner: monto de cuadricula
1658|26938|MAYOR|Ordinario|banner: monto de cuadricula
1658|38996|MAYOR|Ordinario|banner: monto de cuadricula
1658|04998|Ordinario|MAYOR|casa con la nota (monto destacado o grafico)
1658|12687|SEGUNDO|Ordinario|etiqueta de caja con monto de cuadricula
1658|50633|TERCER|Ordinario|etiqueta de caja con monto de cuadricula
1659|13663|MAYOR|Ordinario|banner: monto de cuadricula
1659|41347|MAYOR|Ordinario|banner: monto de cuadricula
1659|13408|CUARTO|Ordinario|etiqueta de caja con monto de cuadricula
1659|19999|QUINTO|Ordinario|etiqueta de caja con monto de cuadricula
1659|26017|TERCER|Ordinario|etiqueta de caja con monto de cuadricula
1659|30949|SEGUNDO|Ordinario|etiqueta de caja con monto de cuadricula
1659|26264|CUARTO|Ordinario|etiqueta de caja con monto de cuadricula
1660|10758|MAYOR|Ordinario|banner: monto de cuadricula
1660|38988|MAYOR|Ordinario|banner: monto de cuadricula
1660|07020|TERCER|Ordinario|etiqueta de caja con monto de cuadricula
1660|04334|CUARTO|Ordinario|etiqueta de caja con monto de cuadricula
1660|29099|SEGUNDO|Ordinario|etiqueta de caja con monto de cuadricula
1660|35496|TERCER|Ordinario|etiqueta de caja con monto de cuadricula
1660|40933|QUINTO|Ordinario|etiqueta de caja con monto de cuadricula
1660|40979|QUINTO|Ordinario|etiqueta de caja con monto de cuadricula
1660|41066|CUARTO|Ordinario|etiqueta de caja con monto de cuadricula
1661|11120|MAYOR|Ordinario|banner: monto de cuadricula
1661|32928|MAYOR|Ordinario|banner: monto de cuadricula
1661|15180|SEXTO|Ordinario|etiqueta de caja con monto de cuadricula
1662|13222|MAYOR|Ordinario|banner: monto de cuadricula
1662|37138|MAYOR|Ordinario|banner: monto de cuadricula
1662|38885|MAYOR|Ordinario|banner: monto de cuadricula
1662|08516|QUINTO|Ordinario|etiqueta de caja con monto de cuadricula
1662|08829|CUARTO|Ordinario|etiqueta de caja con monto de cuadricula
1662|15222|SEGUNDO|Ordinario|etiqueta de caja con monto de cuadricula
1662|23439|TERCER|Ordinario|etiqueta de caja con monto de cuadricula
1662|34312|TERCER|Ordinario|etiqueta de caja con monto de cuadricula
1662|43173|CUARTO|Ordinario|etiqueta de caja con monto de cuadricula
1663|13332|MAYOR|Ordinario|banner: monto de cuadricula
1663|39553|MAYOR|Ordinario|banner: monto de cuadricula
1663|17489|TERCER|Ordinario|etiqueta de caja con monto de cuadricula
1663|18202|SEGUNDO|Ordinario|etiqueta de caja con monto de cuadricula
1663|24623|QUINTO|Ordinario|etiqueta de caja con monto de cuadricula
1663|24734|QUINTO|Ordinario|etiqueta de caja con monto de cuadricula
1663|39592|CUARTO|Ordinario|etiqueta de caja con monto de cuadricula
1663|50393|CUARTO|Ordinario|etiqueta de caja con monto de cuadricula
1664|12985|MAYOR|Ordinario|banner: monto de cuadricula
1664|37686|MAYOR|Ordinario|banner: monto de cuadricula
1664|19525|TERCER|Ordinario|etiqueta de caja con monto de cuadricula
1664|22199|CUARTO|Ordinario|etiqueta de caja con monto de cuadricula
1664|26195|QUINTO|Ordinario|etiqueta de caja con monto de cuadricula
1664|32161|SEGUNDO|Ordinario|etiqueta de caja con monto de cuadricula
1664|42364|CUARTO|Ordinario|etiqueta de caja con monto de cuadricula
1665|19502|MAYOR|Ordinario|banner: monto de cuadricula
1665|44227|MAYOR|Ordinario|banner: monto de cuadricula
1665|18749|Ordinario|MAYOR|casa con la nota (monto destacado o grafico)
1665|08395|SEGUNDO|Ordinario|etiqueta de caja con monto de cuadricula
1665|41183|SEXTO|Ordinario|etiqueta de caja con monto de cuadricula
1666|13148|MAYOR|Ordinario|banner: monto de cuadricula
1666|40916|MAYOR|Ordinario|banner: monto de cuadricula
1666|50563|MAYOR|Ordinario|banner: monto de cuadricula
1666|21239|CUARTO|Ordinario|etiqueta de caja con monto de cuadricula
1666|21729|SEGUNDO|Ordinario|etiqueta de caja con monto de cuadricula
1666|28841|CUARTO|Ordinario|etiqueta de caja con monto de cuadricula
1666|29262|QUINTO|Ordinario|etiqueta de caja con monto de cuadricula
1666|40135|TERCER|Ordinario|etiqueta de caja con monto de cuadricula
1666|41205|TERCER|Ordinario|etiqueta de caja con monto de cuadricula
1667|10250|MAYOR|Ordinario|banner: monto de cuadricula
1667|39953|MAYOR|Ordinario|banner: monto de cuadricula
1667|01143|CUARTO|Ordinario|etiqueta de caja con monto de cuadricula
1667|07629|TERCER|Ordinario|etiqueta de caja con monto de cuadricula
1667|08866|TERCER|Ordinario|etiqueta de caja con monto de cuadricula
1667|23844|CUARTO|Ordinario|etiqueta de caja con monto de cuadricula
1667|37855|QUINTO|Ordinario|etiqueta de caja con monto de cuadricula
1667|37864|QUINTO|Ordinario|etiqueta de caja con monto de cuadricula
1668|13851|MAYOR|Ordinario|banner: monto de cuadricula
1668|27742|MAYOR|Ordinario|banner: monto de cuadricula
1668|39538|MAYOR|Ordinario|banner: monto de cuadricula
1668|32151|Ordinario|MAYOR|casa con la nota (monto destacado o grafico)
1668|17920|QUINTO|Ordinario|etiqueta de caja con monto de cuadricula
1668|21047|SEGUNDO|Ordinario|etiqueta de caja con monto de cuadricula
1668|31916|TERCER|Ordinario|etiqueta de caja con monto de cuadricula
1668|28246|TERCER|Ordinario|etiqueta de caja con monto de cuadricula
1668|44059|CUARTO|Ordinario|etiqueta de caja con monto de cuadricula
1669|07691|MAYOR|Ordinario|banner: monto de cuadricula
1669|39297|MAYOR|Ordinario|banner: monto de cuadricula
1669|06171|QUINTO|Ordinario|etiqueta de caja con monto de cuadricula
1669|13342|TERCER|Ordinario|etiqueta de caja con monto de cuadricula
1669|06267|QUINTO|Ordinario|etiqueta de caja con monto de cuadricula
1669|25428|CUARTO|Ordinario|etiqueta de caja con monto de cuadricula
1669|33593|SEGUNDO|Ordinario|etiqueta de caja con monto de cuadricula
1669|49867|CUARTO|Ordinario|etiqueta de caja con monto de cuadricula
1670|11659|MAYOR|Ordinario|banner: monto de cuadricula
1670|31885|MAYOR|Ordinario|banner: monto de cuadricula
1670|38597|SEGUNDO|Ordinario|etiqueta de caja con monto de cuadricula
1670|41292|SEXTO|Ordinario|etiqueta de caja con monto de cuadricula
1671|12713|MAYOR|Ordinario|banner: monto de cuadricula
1671|39304|MAYOR|Ordinario|banner: monto de cuadricula
1671|08437|TERCER|Ordinario|etiqueta de caja con monto de cuadricula
1671|17020|CUARTO|Ordinario|etiqueta de caja con monto de cuadricula
1671|20017|QUINTO|Ordinario|etiqueta de caja con monto de cuadricula
1671|27313|CUARTO|Ordinario|etiqueta de caja con monto de cuadricula
1671|33939|SEGUNDO|Ordinario|etiqueta de caja con monto de cuadricula
1671|39330|TERCER|Ordinario|etiqueta de caja con monto de cuadricula
1673|09329|MAYOR|Ordinario|banner: monto de cuadricula
1673|38914|MAYOR|Ordinario|banner: monto de cuadricula
1673|02762|TERCER|Ordinario|etiqueta de caja con monto de cuadricula
1673|18844|CUARTO|Ordinario|etiqueta de caja con monto de cuadricula
1673|38037|TERCER|Ordinario|etiqueta de caja con monto de cuadricula
1673|38565|CUARTO|Ordinario|etiqueta de caja con monto de cuadricula
1673|40107|SEGUNDO|Ordinario|etiqueta de caja con monto de cuadricula
1673|48368|QUINTO|Ordinario|etiqueta de caja con monto de cuadricula
1674|13814|MAYOR|Ordinario|banner: monto de cuadricula
1674|38969|MAYOR|Ordinario|banner: monto de cuadricula
1674|29601|QUINTO|Ordinario|etiqueta de caja con monto de cuadricula
1674|38880|SEGUNDO|Ordinario|etiqueta de caja con monto de cuadricula
1674|47067|SEXTO|Ordinario|etiqueta de caja con monto de cuadricula
1674|49268|SEGUNDO|Ordinario|etiqueta de caja con monto de cuadricula
1675|07594|MAYOR|Ordinario|banner: monto de cuadricula
1675|38957|MAYOR|Ordinario|banner: monto de cuadricula
1675|13042|TERCER|Ordinario|etiqueta de caja con monto de cuadricula
1675|24366|QUINTO|Ordinario|etiqueta de caja con monto de cuadricula
1675|28552|CUARTO|Ordinario|etiqueta de caja con monto de cuadricula
1675|35487|SEGUNDO|Ordinario|etiqueta de caja con monto de cuadricula
1675|44252|CUARTO|Ordinario|etiqueta de caja con monto de cuadricula
1677|11269|MAYOR|Ordinario|banner: monto de cuadricula
1677|35811|MAYOR|Ordinario|banner: monto de cuadricula
1677|04126|SEGUNDO|Ordinario|etiqueta de caja con monto de cuadricula
1677|15032|CUARTO|Ordinario|etiqueta de caja con monto de cuadricula
1677|19658|TERCER|Ordinario|etiqueta de caja con monto de cuadricula
1677|19993|QUINTO|Ordinario|etiqueta de caja con monto de cuadricula
1677|22518|CUARTO|Ordinario|etiqueta de caja con monto de cuadricula
1677|31809|TERCER|Ordinario|etiqueta de caja con monto de cuadricula
1679|11370|MAYOR|Ordinario|banner: monto de cuadricula
1679|29991|MAYOR|Ordinario|banner: monto de cuadricula
1679|11084|SEGUNDO|Ordinario|etiqueta de caja con monto de cuadricula
1679|46221|SEXTO|Ordinario|etiqueta de caja con monto de cuadricula
1679|48152|QUINTO|Ordinario|etiqueta de caja con monto de cuadricula
1680|12604|MAYOR|Ordinario|banner: monto de cuadricula
1680|32297|MAYOR|Ordinario|banner: monto de cuadricula
1680|37980|MAYOR|Ordinario|banner: monto de cuadricula
1680|39689|MAYOR|Ordinario|banner: monto de cuadricula
1680|32298|Ordinario|MAYOR|casa con la nota (monto destacado o grafico)
1680|13910|TERCER|Ordinario|etiqueta de caja con monto de cuadricula
1680|14200|SEGUNDO|Ordinario|etiqueta de caja con monto de cuadricula
1680|46388|CUARTO|Ordinario|etiqueta de caja con monto de cuadricula
1680|48589|CUARTO|Ordinario|etiqueta de caja con monto de cuadricula
1680|49844|QUINTO|Ordinario|etiqueta de caja con monto de cuadricula
1681|10627|MAYOR|Ordinario|banner: monto de cuadricula
1681|41902|MAYOR|Ordinario|banner: monto de cuadricula
1681|01483|SEGUNDO|Ordinario|etiqueta de caja con monto de cuadricula
1681|02863|TERCER|Ordinario|etiqueta de caja con monto de cuadricula
1681|19923|CUARTO|Ordinario|etiqueta de caja con monto de cuadricula
1681|44229|CUARTO|Ordinario|etiqueta de caja con monto de cuadricula
1682|13083|MAYOR|Ordinario|banner: monto de cuadricula
1682|42784|MAYOR|Ordinario|banner: monto de cuadricula
1682|49558|MAYOR|Ordinario|banner: monto de cuadricula
1682|03382|TERCER|Ordinario|etiqueta de caja con monto de cuadricula
1682|19031|QUINTO|Ordinario|etiqueta de caja con monto de cuadricula
1682|19225|QUINTO|Ordinario|etiqueta de caja con monto de cuadricula
1682|28592|CUARTO|Ordinario|etiqueta de caja con monto de cuadricula
1682|30088|TERCER|Ordinario|etiqueta de caja con monto de cuadricula
1682|40157|CUARTO|Ordinario|etiqueta de caja con monto de cuadricula
1682|47597|SEGUNDO|Ordinario|etiqueta de caja con monto de cuadricula
1683|09742|MAYOR|Ordinario|banner: monto de cuadricula
1683|30280|MAYOR|Ordinario|banner: monto de cuadricula
1683|03499|SEGUNDO|Ordinario|etiqueta de caja con monto de cuadricula
1683|22173|SEGUNDO|Ordinario|etiqueta de caja con monto de cuadricula
1683|48957|SEXTO|Ordinario|etiqueta de caja con monto de cuadricula
1684|11430|MAYOR|Ordinario|banner: monto de cuadricula
1684|37682|MAYOR|Ordinario|banner: monto de cuadricula
1684|07229|QUINTO|Ordinario|etiqueta de caja con monto de cuadricula
1684|07279|QUINTO|Ordinario|etiqueta de caja con monto de cuadricula
1684|10909|SEGUNDO|Ordinario|etiqueta de caja con monto de cuadricula
1684|12152|TERCER|Ordinario|etiqueta de caja con monto de cuadricula
1684|21700|CUARTO|Ordinario|etiqueta de caja con monto de cuadricula
1684|33299|TERCER|Ordinario|etiqueta de caja con monto de cuadricula
1684|34498|CUARTO|Ordinario|etiqueta de caja con monto de cuadricula
1685|13273|MAYOR|Ordinario|banner: monto de cuadricula
1685|38429|MAYOR|Ordinario|banner: monto de cuadricula
1685|08495|QUINTO|Ordinario|etiqueta de caja con monto de cuadricula
1685|11089|TERCER|Ordinario|etiqueta de caja con monto de cuadricula
1685|26402|SEGUNDO|Ordinario|etiqueta de caja con monto de cuadricula
1685|27502|CUARTO|Ordinario|etiqueta de caja con monto de cuadricula
1685|37330|TERCER|Ordinario|etiqueta de caja con monto de cuadricula
1685|46156|CUARTO|Ordinario|etiqueta de caja con monto de cuadricula
1686|14482|MAYOR|Ordinario|banner: monto de cuadricula
1686|16158|MAYOR|Ordinario|banner: monto de cuadricula
1686|41018|MAYOR|Ordinario|banner: monto de cuadricula
1686|16159|Ordinario|MAYOR|casa con la nota (monto destacado o grafico)
1686|14896|TERCER|Ordinario|etiqueta de caja con monto de cuadricula
1686|21109|QUINTO|Ordinario|etiqueta de caja con monto de cuadricula
1686|30416|TERCER|Ordinario|etiqueta de caja con monto de cuadricula
1686|40796|QUINTO|Ordinario|etiqueta de caja con monto de cuadricula
1686|45845|SEXTO|Ordinario|etiqueta de caja con monto de cuadricula
1686|50713|CUARTO|Ordinario|etiqueta de caja con monto de cuadricula
1687|13948|MAYOR|Ordinario|banner: monto de cuadricula
1687|35033|MAYOR|Ordinario|banner: monto de cuadricula
1687|44437|MAYOR|Ordinario|banner: monto de cuadricula
1687|14886|SEXTO|Ordinario|etiqueta de caja con monto de cuadricula
1688|13093|MAYOR|Ordinario|banner: monto de cuadricula
1688|13782|MAYOR|Ordinario|banner: monto de cuadricula
1688|39590|MAYOR|Ordinario|banner: monto de cuadricula
1688|13783|Ordinario|MAYOR|casa con la nota (monto destacado o grafico)
1688|19647|SEXTO|Ordinario|etiqueta de caja con monto de cuadricula
1688|50095|TERCER|Ordinario|etiqueta de caja con monto de cuadricula
1689|06805|MAYOR|Ordinario|banner: monto de cuadricula
1689|08389|MAYOR|Ordinario|banner: monto de cuadricula
1689|40262|MAYOR|Ordinario|banner: monto de cuadricula
1689|13307|Ordinario|MAYOR|casa con la nota (monto destacado o grafico)
1689|15919|SEGUNDO|Ordinario|etiqueta de caja con monto de cuadricula
1689|19698|QUINTO|Ordinario|etiqueta de caja con monto de cuadricula
1689|19725|QUINTO|Ordinario|etiqueta de caja con monto de cuadricula
1689|25918|CUARTO|Ordinario|etiqueta de caja con monto de cuadricula
1689|32264|TERCER|Ordinario|etiqueta de caja con monto de cuadricula
1689|34069|TERCER|Ordinario|etiqueta de caja con monto de cuadricula
1689|42804|CUARTO|Ordinario|etiqueta de caja con monto de cuadricula
1690|13387|MAYOR|Ordinario|banner: monto de cuadricula
1690|41176|MAYOR|Ordinario|banner: monto de cuadricula
1690|16240|TERCER|Ordinario|etiqueta de caja con monto de cuadricula
1690|16935|CUARTO|Ordinario|etiqueta de caja con monto de cuadricula
1690|30220|TERCER|Ordinario|etiqueta de caja con monto de cuadricula
1690|44592|CUARTO|Ordinario|etiqueta de caja con monto de cuadricula
1690|50028|QUINTO|Ordinario|etiqueta de caja con monto de cuadricula
1691|11724|MAYOR|Ordinario|banner: monto de cuadricula
1691|39446|MAYOR|Ordinario|banner: monto de cuadricula
1691|01357|SEGUNDO|Ordinario|etiqueta de caja con monto de cuadricula
1691|20496|CUARTO|Ordinario|etiqueta de caja con monto de cuadricula
1691|27802|QUINTO|Ordinario|etiqueta de caja con monto de cuadricula
1691|27882|QUINTO|Ordinario|etiqueta de caja con monto de cuadricula
1691|41990|CUARTO|Ordinario|etiqueta de caja con monto de cuadricula
1691|48579|TERCER|Ordinario|etiqueta de caja con monto de cuadricula
1692|11868|MAYOR|Ordinario|banner: monto de cuadricula
1692|39730|MAYOR|Ordinario|banner: monto de cuadricula
1692|09594|TERCER|Ordinario|etiqueta de caja con monto de cuadricula
1692|36144|CUARTO|Ordinario|etiqueta de caja con monto de cuadricula
1692|38641|SEGUNDO|Ordinario|etiqueta de caja con monto de cuadricula
1692|38749|QUINTO|Ordinario|etiqueta de caja con monto de cuadricula
1692|38761|CUARTO|Ordinario|etiqueta de caja con monto de cuadricula
1692|49107|CUARTO|Ordinario|etiqueta de caja con monto de cuadricula
1693|12174|MAYOR|Ordinario|banner: monto de cuadricula
1693|38539|MAYOR|Ordinario|banner: monto de cuadricula
1693|18621|QUINTO|Ordinario|etiqueta de caja con monto de cuadricula
1693|30970|CUARTO|Ordinario|etiqueta de caja con monto de cuadricula
1693|26169|CUARTO|Ordinario|etiqueta de caja con monto de cuadricula
1693|35226|TERCER|Ordinario|etiqueta de caja con monto de cuadricula
1693|29864|SEGUNDO|Ordinario|etiqueta de caja con monto de cuadricula
1694|16930|MAYOR|Ordinario|banner: monto de cuadricula
1694|13979|MAYOR|Ordinario|banner: monto de cuadricula
1694|40128|MAYOR|Ordinario|banner: monto de cuadricula
1694|16931|Ordinario|MAYOR|casa con la nota (monto destacado o grafico)
1694|14375|TERCER|Ordinario|etiqueta de caja con monto de cuadricula
1694|11820|CUARTO|Ordinario|etiqueta de caja con monto de cuadricula
1694|18359|SEXTO|Ordinario|etiqueta de caja con monto de cuadricula
1694|25893|QUINTO|Ordinario|etiqueta de caja con monto de cuadricula
1694|32222|SEGUNDO|Ordinario|etiqueta de caja con monto de cuadricula
1694|32626|TERCER|Ordinario|etiqueta de caja con monto de cuadricula
1694|45020|QUINTO|Ordinario|etiqueta de caja con monto de cuadricula
1695|10493|MAYOR|Ordinario|banner: monto de cuadricula
1695|38972|MAYOR|Ordinario|banner: monto de cuadricula
1695|19055|CUARTO|Ordinario|etiqueta de caja con monto de cuadricula
1695|27435|CUARTO|Ordinario|etiqueta de caja con monto de cuadricula
1695|31768|QUINTO|Ordinario|etiqueta de caja con monto de cuadricula
1695|31976|QUINTO|Ordinario|etiqueta de caja con monto de cuadricula
1695|34303|TERCER|Ordinario|etiqueta de caja con monto de cuadricula
1695|34502|SEGUNDO|Ordinario|etiqueta de caja con monto de cuadricula
1695|44776|TERCER|Ordinario|etiqueta de caja con monto de cuadricula
1696|12818|MAYOR|Ordinario|banner: monto de cuadricula
1696|39353|MAYOR|Ordinario|banner: monto de cuadricula
1696|10074|CUARTO|Ordinario|etiqueta de caja con monto de cuadricula
1696|10910|TERCER|Ordinario|etiqueta de caja con monto de cuadricula
1696|11529|QUINTO|Ordinario|etiqueta de caja con monto de cuadricula
1696|19511|CUARTO|Ordinario|etiqueta de caja con monto de cuadricula
1696|34436|SEGUNDO|Ordinario|etiqueta de caja con monto de cuadricula
1698|07000|MAYOR|Ordinario|banner: monto de cuadricula
1698|22243|MAYOR|Ordinario|banner: monto de cuadricula
1698|38961|MAYOR|Ordinario|banner: monto de cuadricula
1698|22244|Ordinario|MAYOR|casa con la nota (monto destacado o grafico)
1698|07898|QUINTO|Ordinario|etiqueta de caja con monto de cuadricula
1698|09272|TERCER|Ordinario|etiqueta de caja con monto de cuadricula
1698|09909|SEGUNDO|Ordinario|etiqueta de caja con monto de cuadricula
1698|15883|SEXTO|Ordinario|etiqueta de caja con monto de cuadricula
1698|20199|QUINTO|Ordinario|etiqueta de caja con monto de cuadricula
1698|44053|CUARTO|Ordinario|etiqueta de caja con monto de cuadricula
1699|11922|MAYOR|Ordinario|banner: monto de cuadricula
1699|39997|MAYOR|Ordinario|banner: monto de cuadricula
1699|10830|QUINTO|Ordinario|etiqueta de caja con monto de cuadricula
1699|16129|CUARTO|Ordinario|etiqueta de caja con monto de cuadricula
1699|38626|SEGUNDO|Ordinario|etiqueta de caja con monto de cuadricula
1699|45421|CUARTO|Ordinario|etiqueta de caja con monto de cuadricula
1699|48769|TERCER|Ordinario|etiqueta de caja con monto de cuadricula
1700|11634|MAYOR|Ordinario|banner: monto de cuadricula
1700|08384|MAYOR|Ordinario|banner: monto de cuadricula
1700|39882|MAYOR|Ordinario|banner: monto de cuadricula
1700|10621|SEGUNDO|Ordinario|etiqueta de caja con monto de cuadricula
1700|13995|QUINTO|Ordinario|etiqueta de caja con monto de cuadricula
1700|24889|CUARTO|Ordinario|etiqueta de caja con monto de cuadricula
1700|27177|TERCER|Ordinario|etiqueta de caja con monto de cuadricula
1700|33452|TERCER|Ordinario|etiqueta de caja con monto de cuadricula
1700|44292|CUARTO|Ordinario|etiqueta de caja con monto de cuadricula
1703|12584|MAYOR|Ordinario|banner: monto de cuadricula
1703|26936|MAYOR|Ordinario|banner: monto de cuadricula
1703|38998|MAYOR|Ordinario|banner: monto de cuadricula
1703|03850|QUINTO|Ordinario|etiqueta de caja con monto de cuadricula
1703|03869|QUINTO|Ordinario|etiqueta de caja con monto de cuadricula
1703|14653|TERCER|Ordinario|etiqueta de caja con monto de cuadricula
1703|32595|SEGUNDO|Ordinario|etiqueta de caja con monto de cuadricula
1703|39721|CUARTO|Ordinario|etiqueta de caja con monto de cuadricula
1703|50912|CUARTO|Ordinario|etiqueta de caja con monto de cuadricula
1704|10966|MAYOR|Ordinario|banner: monto de cuadricula
1704|39955|MAYOR|Ordinario|banner: monto de cuadricula
1704|01866|TERCER|Ordinario|etiqueta de caja con monto de cuadricula
1704|03780|CUARTO|Ordinario|etiqueta de caja con monto de cuadricula
1704|11074|CUARTO|Ordinario|etiqueta de caja con monto de cuadricula
1704|13497|SEGUNDO|Ordinario|etiqueta de caja con monto de cuadricula
1704|14441|QUINTO|Ordinario|etiqueta de caja con monto de cuadricula
1704|14492|QUINTO|Ordinario|etiqueta de caja con monto de cuadricula
1704|36418|TERCER|Ordinario|etiqueta de caja con monto de cuadricula
1705|12739|MAYOR|Ordinario|banner: monto de cuadricula
1705|40147|MAYOR|Ordinario|banner: monto de cuadricula
1705|03194|TERCER|Ordinario|etiqueta de caja con monto de cuadricula
1705|14824|TERCER|Ordinario|etiqueta de caja con monto de cuadricula
1705|14864|QUINTO|Ordinario|etiqueta de caja con monto de cuadricula
1705|42465|CUARTO|Ordinario|etiqueta de caja con monto de cuadricula
1705|49124|CUARTO|Ordinario|etiqueta de caja con monto de cuadricula
1706|13537|MAYOR|Ordinario|banner: monto de cuadricula
1706|43942|MAYOR|Ordinario|banner: monto de cuadricula
1706|50209|Ordinario|MAYOR|casa con la nota (monto destacado o grafico)
1706|16648|QUINTO|Ordinario|etiqueta de caja con monto de cuadricula
1706|41660|SEXTO|Ordinario|etiqueta de caja con monto de cuadricula
1706|45201|TERCER|Ordinario|etiqueta de caja con monto de cuadricula
1706|47957|QUINTO|Ordinario|etiqueta de caja con monto de cuadricula
1707|10027|MAYOR|Ordinario|banner: monto de cuadricula
1707|11144|MAYOR|Ordinario|banner: monto de cuadricula
1707|38509|MAYOR|Ordinario|banner: monto de cuadricula
1707|10028|Ordinario|MAYOR|casa con la nota (monto destacado o grafico)
1707|01023|QUINTO|Ordinario|etiqueta de caja con monto de cuadricula
1707|11860|CUARTO|Ordinario|etiqueta de caja con monto de cuadricula
1707|16585|CUARTO|Ordinario|etiqueta de caja con monto de cuadricula
1707|21972|TERCER|Ordinario|etiqueta de caja con monto de cuadricula
1707|23286|TERCER|Ordinario|etiqueta de caja con monto de cuadricula
1707|33994|SEGUNDO|Ordinario|etiqueta de caja con monto de cuadricula
1708|13893|MAYOR|Ordinario|banner: monto de cuadricula
1708|30254|MAYOR|Ordinario|banner: monto de cuadricula
1708|39840|MAYOR|Ordinario|banner: monto de cuadricula
1708|35050|Ordinario|MAYOR|casa con la nota (monto destacado o grafico)
1708|03923|CUARTO|Ordinario|etiqueta de caja con monto de cuadricula
1708|18280|TERCER|Ordinario|etiqueta de caja con monto de cuadricula
1708|23897|TERCER|Ordinario|etiqueta de caja con monto de cuadricula
1708|33054|SEGUNDO|Ordinario|etiqueta de caja con monto de cuadricula
1708|47600|QUINTO|Ordinario|etiqueta de caja con monto de cuadricula
1708|47680|CUARTO|Ordinario|etiqueta de caja con monto de cuadricula
1709|12858|MAYOR|Ordinario|banner: monto de cuadricula
1709|14976|MAYOR|Ordinario|banner: monto de cuadricula
1709|37909|MAYOR|Ordinario|banner: monto de cuadricula
1709|33844|TERCER|Ordinario|etiqueta de caja con monto de cuadricula
1709|34591|QUINTO|Ordinario|etiqueta de caja con monto de cuadricula
1709|34903|SEXTO|Ordinario|etiqueta de caja con monto de cuadricula
1709|36936|SEGUNDO|Ordinario|etiqueta de caja con monto de cuadricula
1709|44240|QUINTO|Ordinario|etiqueta de caja con monto de cuadricula
1710|10977|MAYOR|Ordinario|banner: monto de cuadricula
1710|38213|MAYOR|Ordinario|banner: monto de cuadricula
1710|06420|QUINTO|Ordinario|etiqueta de caja con monto de cuadricula
1710|06467|QUINTO|Ordinario|etiqueta de caja con monto de cuadricula
1710|12618|CUARTO|Ordinario|etiqueta de caja con monto de cuadricula
1710|33298|TERCER|Ordinario|etiqueta de caja con monto de cuadricula
1710|49101|CUARTO|Ordinario|etiqueta de caja con monto de cuadricula
1711|13656|MAYOR|Ordinario|banner: monto de cuadricula
1711|39918|MAYOR|Ordinario|banner: monto de cuadricula
1711|02584|CUARTO|Ordinario|etiqueta de caja con monto de cuadricula
1711|04017|CUARTO|Ordinario|etiqueta de caja con monto de cuadricula
1711|13768|TERCER|Ordinario|etiqueta de caja con monto de cuadricula
1711|21016|TERCER|Ordinario|etiqueta de caja con monto de cuadricula
1711|38905|QUINTO|Ordinario|etiqueta de caja con monto de cuadricula
1711|46707|SEGUNDO|Ordinario|etiqueta de caja con monto de cuadricula
1712|09807|MAYOR|Ordinario|banner: monto de cuadricula
1712|09927|MAYOR|Ordinario|banner: monto de cuadricula
1712|37595|MAYOR|Ordinario|banner: monto de cuadricula
1712|06526|Ordinario|MAYOR|casa con la nota (monto destacado o grafico)
1712|06285|TERCER|Ordinario|etiqueta de caja con monto de cuadricula
1712|19821|CUARTO|Ordinario|etiqueta de caja con monto de cuadricula
1712|21849|CUARTO|Ordinario|etiqueta de caja con monto de cuadricula
1712|34815|SEGUNDO|Ordinario|etiqueta de caja con monto de cuadricula
1712|38822|CUARTO|Ordinario|etiqueta de caja con monto de cuadricula
1713|11872|MAYOR|Ordinario|banner: monto de cuadricula
1713|39901|MAYOR|Ordinario|banner: monto de cuadricula
1713|15765|CUARTO|Ordinario|etiqueta de caja con monto de cuadricula
1713|17094|QUINTO|Ordinario|etiqueta de caja con monto de cuadricula
1713|22009|TERCER|Ordinario|etiqueta de caja con monto de cuadricula
1713|26624|SEGUNDO|Ordinario|etiqueta de caja con monto de cuadricula
1713|43226|TERCER|Ordinario|etiqueta de caja con monto de cuadricula
1713|46020|CUARTO|Ordinario|etiqueta de caja con monto de cuadricula
1714|13414|MAYOR|Ordinario|banner: monto de cuadricula
1714|38327|MAYOR|Ordinario|banner: monto de cuadricula
1714|44938|MAYOR|Destacado|REVISAR: mayor falso, nivel real por determinar
1714|24209|Ordinario|MAYOR|casa con la nota (monto destacado o grafico)
1714|09564|SEGUNDO|Ordinario|etiqueta de caja con monto de cuadricula
1714|17741|SEXTO|Ordinario|etiqueta de caja con monto de cuadricula
1714|21869|TERCER|Ordinario|etiqueta de caja con monto de cuadricula
1714|33187|TERCER|Ordinario|etiqueta de caja con monto de cuadricula
1714|27954|QUINTO|Ordinario|etiqueta de caja con monto de cuadricula
1714|35013|QUINTO|Ordinario|etiqueta de caja con monto de cuadricula
1715|13610|MAYOR|Ordinario|banner: monto de cuadricula
1715|41967|MAYOR|Ordinario|banner: monto de cuadricula
1715|09208|TERCER|Ordinario|etiqueta de caja con monto de cuadricula
1715|13339|CUARTO|Ordinario|etiqueta de caja con monto de cuadricula
1715|24063|TERCER|Ordinario|etiqueta de caja con monto de cuadricula
1715|29719|QUINTO|Ordinario|etiqueta de caja con monto de cuadricula
1715|29760|QUINTO|Ordinario|etiqueta de caja con monto de cuadricula
1715|42438|SEGUNDO|Ordinario|etiqueta de caja con monto de cuadricula
1715|49794|CUARTO|Ordinario|etiqueta de caja con monto de cuadricula
1716|12859|MAYOR|Ordinario|banner: monto de cuadricula
1716|30657|MAYOR|Ordinario|banner: monto de cuadricula
1716|39947|MAYOR|Ordinario|banner: monto de cuadricula
1716|30659|Ordinario|MAYOR|casa con la nota (monto destacado o grafico)
1716|11666|TERCER|Ordinario|etiqueta de caja con monto de cuadricula
1716|15465|CUARTO|Ordinario|etiqueta de caja con monto de cuadricula
1716|27606|SEGUNDO|Ordinario|etiqueta de caja con monto de cuadricula
1716|45731|TERCER|Ordinario|etiqueta de caja con monto de cuadricula
1716|47376|CUARTO|Ordinario|etiqueta de caja con monto de cuadricula
1717|12250|MAYOR|Ordinario|banner: monto de cuadricula
1717|33077|MAYOR|Ordinario|banner: monto de cuadricula
1717|39419|MAYOR|Ordinario|banner: monto de cuadricula
1717|33078|Ordinario|MAYOR|casa con la nota (monto destacado o grafico)
1717|09134|TERCER|Ordinario|etiqueta de caja con monto de cuadricula
1717|22975|CUARTO|Ordinario|etiqueta de caja con monto de cuadricula
1717|30221|CUARTO|Ordinario|etiqueta de caja con monto de cuadricula
1717|36119|TERCER|Ordinario|etiqueta de caja con monto de cuadricula
1717|41490|QUINTO|Ordinario|etiqueta de caja con monto de cuadricula
1718|11860|MAYOR|Ordinario|banner: monto de cuadricula
1718|31209|MAYOR|Ordinario|banner: monto de cuadricula
1718|38739|MAYOR|Ordinario|banner: monto de cuadricula
1718|10887|Ordinario|MAYOR|casa con la nota (monto destacado o grafico)
1718|22211|TERCER|Ordinario|etiqueta de caja con monto de cuadricula
1718|29136|SEXTO|Ordinario|etiqueta de caja con monto de cuadricula
1718|26097|QUINTO|Ordinario|etiqueta de caja con monto de cuadricula
1718|34966|QUINTO|Ordinario|etiqueta de caja con monto de cuadricula
1718|49539|TERCER|Ordinario|etiqueta de caja con monto de cuadricula
1719|12195|MAYOR|Ordinario|banner: monto de cuadricula
1719|41987|MAYOR|Ordinario|banner: monto de cuadricula
1719|03996|SEGUNDO|Ordinario|etiqueta de caja con monto de cuadricula
1719|11490|TERCER|Ordinario|etiqueta de caja con monto de cuadricula
1719|19831|TERCER|Ordinario|etiqueta de caja con monto de cuadricula
1719|35970|CUARTO|Ordinario|etiqueta de caja con monto de cuadricula
1719|39896|CUARTO|Ordinario|etiqueta de caja con monto de cuadricula
1719|45534|QUINTO|Ordinario|etiqueta de caja con monto de cuadricula
1720|12392|MAYOR|Ordinario|banner: monto de cuadricula
1720|38675|MAYOR|Ordinario|banner: monto de cuadricula
1720|07797|TERCER|Ordinario|etiqueta de caja con monto de cuadricula
1720|11539|TERCER|Ordinario|etiqueta de caja con monto de cuadricula
1720|29444|CUARTO|Ordinario|etiqueta de caja con monto de cuadricula
1720|28402|SEGUNDO|Ordinario|etiqueta de caja con monto de cuadricula
1720|39436|QUINTO|Ordinario|etiqueta de caja con monto de cuadricula
1720|40632|CUARTO|Ordinario|etiqueta de caja con monto de cuadricula
1721|11549|MAYOR|Ordinario|banner: monto de cuadricula
1721|40313|MAYOR|Ordinario|banner: monto de cuadricula
1721|07211|TERCER|Ordinario|etiqueta de caja con monto de cuadricula
1721|34967|QUINTO|Ordinario|etiqueta de caja con monto de cuadricula
1721|29469|CUARTO|Ordinario|etiqueta de caja con monto de cuadricula
1721|39096|CUARTO|Ordinario|etiqueta de caja con monto de cuadricula
1721|42256|TERCER|Ordinario|etiqueta de caja con monto de cuadricula
1721|43319|SEGUNDO|Ordinario|etiqueta de caja con monto de cuadricula
1722|13286|MAYOR|Ordinario|banner: monto de cuadricula
1722|42592|MAYOR|Ordinario|banner: monto de cuadricula
1722|49468|Ordinario|MAYOR|casa con la nota (monto destacado o grafico)
1722|04324|SEGUNDO|Ordinario|etiqueta de caja con monto de cuadricula
1722|28073|QUINTO|Ordinario|etiqueta de caja con monto de cuadricula
1722|37894|QUINTO|Ordinario|etiqueta de caja con monto de cuadricula
1722|47203|SEXTO|Ordinario|etiqueta de caja con monto de cuadricula
1722|48766|TERCER|Ordinario|etiqueta de caja con monto de cuadricula
1725|14233|MAYOR|Ordinario|banner: monto de cuadricula
1725|51792|MAYOR|Ordinario|banner: monto de cuadricula
1725|57053|MAYOR|Ordinario|banner: monto de cuadricula
1725|09059|TERCER|Ordinario|etiqueta de caja con monto de cuadricula
1725|16005|TERCER|Ordinario|etiqueta de caja con monto de cuadricula
1725|19130|QUINTO|Ordinario|etiqueta de caja con monto de cuadricula
1725|53440|SEGUNDO|Ordinario|etiqueta de caja con monto de cuadricula
1726|13770|MAYOR|Ordinario|banner: monto de cuadricula
1726|46530|MAYOR|Ordinario|banner: monto de cuadricula
1726|11528|QUINTO|Ordinario|etiqueta de caja con monto de cuadricula
1726|08179|TERCER|Ordinario|etiqueta de caja con monto de cuadricula
1726|22253|SEXTO|Ordinario|etiqueta de caja con monto de cuadricula
1726|35666|CUARTO|Ordinario|etiqueta de caja con monto de cuadricula
1726|55370|TERCER|Ordinario|etiqueta de caja con monto de cuadricula
1727|16474|MAYOR|Ordinario|banner: monto de cuadricula
1727|47381|MAYOR|Ordinario|banner: monto de cuadricula
1727|54397|MAYOR|Ordinario|banner: monto de cuadricula
1727|54396|Ordinario|MAYOR|casa con la nota (monto destacado o grafico)
1727|23778|SEGUNDO|Ordinario|etiqueta de caja con monto de cuadricula
1727|40603|TERCER|Ordinario|etiqueta de caja con monto de cuadricula
1727|41231|QUINTO|Ordinario|etiqueta de caja con monto de cuadricula
1728|14445|MAYOR|Ordinario|banner: monto de cuadricula
1728|46189|MAYOR|Ordinario|banner: monto de cuadricula
1728|13785|QUINTO|Ordinario|etiqueta de caja con monto de cuadricula
1728|13875|SEGUNDO|Ordinario|etiqueta de caja con monto de cuadricula
1728|20620|TERCER|Ordinario|etiqueta de caja con monto de cuadricula
1728|25593|SEXTO|Ordinario|etiqueta de caja con monto de cuadricula
1728|59289|TERCER|Ordinario|etiqueta de caja con monto de cuadricula
1729|12045|MAYOR|Ordinario|banner: monto de cuadricula
1729|12078|MAYOR|Ordinario|banner: monto de cuadricula
1729|39771|MAYOR|Ordinario|banner: monto de cuadricula
1729|12046|Ordinario|MAYOR|casa con la nota (monto destacado o grafico)
1729|09798|SEGUNDO|Ordinario|etiqueta de caja con monto de cuadricula
1729|14292|SEXTO|Ordinario|etiqueta de caja con monto de cuadricula
1729|21766|TERCER|Ordinario|etiqueta de caja con monto de cuadricula
1729|43558|QUINTO|Ordinario|etiqueta de caja con monto de cuadricula
1729|46654|TERCER|Ordinario|etiqueta de caja con monto de cuadricula
1730|13367|MAYOR|Ordinario|banner: monto de cuadricula
1730|48046|MAYOR|Ordinario|banner: monto de cuadricula
1730|10895|SEGUNDO|Ordinario|etiqueta de caja con monto de cuadricula
1730|20186|SEXTO|Ordinario|etiqueta de caja con monto de cuadricula
1730|53598|QUINTO|Ordinario|etiqueta de caja con monto de cuadricula
1730|54867|TERCER|Ordinario|etiqueta de caja con monto de cuadricula
1730|56576|TERCER|Ordinario|etiqueta de caja con monto de cuadricula
1731|14862|MAYOR|Ordinario|banner: monto de cuadricula
1731|45742|MAYOR|Ordinario|banner: monto de cuadricula
1731|46011|MAYOR|Ordinario|banner: monto de cuadricula
1731|21249|Ordinario|MAYOR|casa con la nota (monto destacado o grafico)
1731|03432|TERCER|Ordinario|etiqueta de caja con monto de cuadricula
1731|24530|SEGUNDO|Ordinario|etiqueta de caja con monto de cuadricula
1731|60206|TERCER|Ordinario|etiqueta de caja con monto de cuadricula
1733|09960|MAYOR|Ordinario|banner: monto de cuadricula
1733|11066|MAYOR|Ordinario|banner: monto de cuadricula
1733|31550|MAYOR|Ordinario|banner: monto de cuadricula
1733|48013|MAYOR|Ordinario|banner: monto de cuadricula
1733|53378|MAYOR|Ordinario|banner: monto de cuadricula
1733|01111|TERCER|Ordinario|etiqueta de caja con monto de cuadricula
1733|07958|TERCER|Ordinario|etiqueta de caja con monto de cuadricula
1733|07982|CUARTO|Ordinario|etiqueta de caja con monto de cuadricula
1733|48909|SEGUNDO|Ordinario|etiqueta de caja con monto de cuadricula
1734|11214|MAYOR|Ordinario|banner: monto de cuadricula
1734|11547|MAYOR|Ordinario|banner: monto de cuadricula
1734|06221|Ordinario|MAYOR|casa con la nota (monto destacado o grafico)
1734|13050|TERCER|Ordinario|etiqueta de caja con monto de cuadricula
1734|13462|SEGUNDO|Ordinario|etiqueta de caja con monto de cuadricula
1734|39716|SEXTO|Ordinario|etiqueta de caja con monto de cuadricula
1734|42427|CUARTO|Ordinario|etiqueta de caja con monto de cuadricula
1735|13345|MAYOR|Ordinario|banner: monto de cuadricula
1735|36511|MAYOR|Ordinario|banner: monto de cuadricula
1735|40956|MAYOR|Ordinario|banner: monto de cuadricula
1735|03650|Ordinario|MAYOR|casa con la nota (monto destacado o grafico)
1735|54665|QUINTO|Ordinario|etiqueta de caja con monto de cuadricula
1735|58911|SEXTO|Ordinario|etiqueta de caja con monto de cuadricula
1736|17335|MAYOR|Ordinario|banner: monto de cuadricula
1736|42456|MAYOR|Ordinario|banner: monto de cuadricula
1736|55030|MAYOR|Ordinario|banner: monto de cuadricula
1736|54993|SEXTO|Ordinario|etiqueta de caja con monto de cuadricula
1737|11634|MAYOR|Ordinario|banner: monto de cuadricula
1737|46222|MAYOR|Ordinario|banner: monto de cuadricula
1737|08074|TERCER|Ordinario|etiqueta de caja con monto de cuadricula
1737|17894|SEXTO|Ordinario|etiqueta de caja con monto de cuadricula
1737|58227|SEGUNDO|Ordinario|etiqueta de caja con monto de cuadricula
1738|14066|MAYOR|Ordinario|banner: monto de cuadricula
1738|31061|MAYOR|Ordinario|banner: monto de cuadricula
1738|45856|MAYOR|Ordinario|banner: monto de cuadricula
1738|09644|QUINTO|Ordinario|etiqueta de caja con monto de cuadricula
1738|09825|TERCER|Ordinario|etiqueta de caja con monto de cuadricula
1738|12595|SEXTO|Ordinario|etiqueta de caja con monto de cuadricula
1738|27112|CUARTO|Ordinario|etiqueta de caja con monto de cuadricula
1738|44917|SEGUNDO|Ordinario|etiqueta de caja con monto de cuadricula
1738|58153|TERCER|Ordinario|etiqueta de caja con monto de cuadricula
1739|15500|MAYOR|Ordinario|banner: monto de cuadricula
1739|35899|MAYOR|Destacado|REVISAR: mayor falso, nivel real por determinar
1739|45876|MAYOR|Ordinario|banner: monto de cuadricula
1739|33283|Ordinario|MAYOR|casa con la nota (monto destacado o grafico)
1739|07662|SEXTO|Ordinario|etiqueta de caja con monto de cuadricula
1739|16116|TERCER|Ordinario|etiqueta de caja con monto de cuadricula
1739|20454|SEGUNDO|Ordinario|etiqueta de caja con monto de cuadricula
1739|34605|CUARTO|Ordinario|etiqueta de caja con monto de cuadricula
1739|35688|QUINTO|Ordinario|etiqueta de caja con monto de cuadricula
1739|35886|TERCER|Ordinario|etiqueta de caja con monto de cuadricula
1740|14998|MAYOR|Ordinario|banner: monto de cuadricula
1740|48724|MAYOR|Ordinario|banner: monto de cuadricula
1740|55322|MAYOR|Ordinario|banner: monto de cuadricula
1740|11525|CUARTO|Ordinario|etiqueta de caja con monto de cuadricula
1740|18669|SEXTO|Ordinario|etiqueta de caja con monto de cuadricula
1740|23555|SEGUNDO|Ordinario|etiqueta de caja con monto de cuadricula
1740|43331|TERCER|Ordinario|etiqueta de caja con monto de cuadricula
1740|51292|QUINTO|Ordinario|etiqueta de caja con monto de cuadricula
1741|16334|MAYOR|Ordinario|banner: monto de cuadricula
1741|26078|MAYOR|Ordinario|banner: monto de cuadricula
1741|48391|MAYOR|Ordinario|banner: monto de cuadricula
1741|22259|QUINTO|Ordinario|etiqueta de caja con monto de cuadricula
1741|31157|SEGUNDO|Ordinario|etiqueta de caja con monto de cuadricula
1741|38607|TERCER|Ordinario|etiqueta de caja con monto de cuadricula
1741|39020|CUARTO|Ordinario|etiqueta de caja con monto de cuadricula
1741|34045|SEXTO|Ordinario|etiqueta de caja con monto de cuadricula
1742|13982|MAYOR|Ordinario|banner: monto de cuadricula
1742|41066|MAYOR|Ordinario|banner: monto de cuadricula
1742|47890|MAYOR|Ordinario|banner: monto de cuadricula
1742|16042|Ordinario|MAYOR|casa con la nota (monto destacado o grafico)
1742|01322|TERCER|Ordinario|etiqueta de caja con monto de cuadricula
1742|24368|TERCER|Ordinario|etiqueta de caja con monto de cuadricula
1742|51837|SEGUNDO|Ordinario|etiqueta de caja con monto de cuadricula
1743|12472|MAYOR|Ordinario|banner: monto de cuadricula
1743|46716|MAYOR|Ordinario|banner: monto de cuadricula
1743|03464|SEXTO|Ordinario|etiqueta de caja con monto de cuadricula
1743|05164|SEGUNDO|Ordinario|etiqueta de caja con monto de cuadricula
1743|05565|TERCER|Ordinario|etiqueta de caja con monto de cuadricula
1743|20855|TERCER|Ordinario|etiqueta de caja con monto de cuadricula
1743|22156|QUINTO|Ordinario|etiqueta de caja con monto de cuadricula
1744|04488|MAYOR|Ordinario|banner: monto de cuadricula
1744|11975|MAYOR|Ordinario|banner: monto de cuadricula
1744|46777|MAYOR|Ordinario|banner: monto de cuadricula
1744|04489|Ordinario|MAYOR|casa con la nota (monto destacado o grafico)
1744|04063|QUINTO|Ordinario|etiqueta de caja con monto de cuadricula
1744|16746|SEXTO|Ordinario|etiqueta de caja con monto de cuadricula
1744|20154|TERCER|Ordinario|etiqueta de caja con monto de cuadricula
1744|45684|TERCER|Ordinario|etiqueta de caja con monto de cuadricula
1744|52538|SEGUNDO|Ordinario|etiqueta de caja con monto de cuadricula
1745|15958|MAYOR|Ordinario|banner: monto de cuadricula
1745|50049|MAYOR|Ordinario|banner: monto de cuadricula
1745|02822|SEXTO|Ordinario|etiqueta de caja con monto de cuadricula
1745|17089|TERCER|Ordinario|etiqueta de caja con monto de cuadricula
1745|24124|SEGUNDO|Ordinario|etiqueta de caja con monto de cuadricula
1745|53231|TERCER|Ordinario|etiqueta de caja con monto de cuadricula
1745|57937|QUINTO|Ordinario|etiqueta de caja con monto de cuadricula
1749|14516|MAYOR|Ordinario|banner: monto de cuadricula
1749|48880|MAYOR|Ordinario|banner: monto de cuadricula
1749|59734|MAYOR|Ordinario|banner: monto de cuadricula
1749|22169|SEGUNDO|Ordinario|etiqueta de caja con monto de cuadricula
1749|25027|TERCER|Ordinario|etiqueta de caja con monto de cuadricula
1749|49456|SEXTO|Ordinario|etiqueta de caja con monto de cuadricula
1750|11712|MAYOR|Ordinario|banner: monto de cuadricula
1750|46216|MAYOR|Ordinario|banner: monto de cuadricula
1750|06443|TERCER|Ordinario|etiqueta de caja con monto de cuadricula
1750|03689|SEXTO|Ordinario|etiqueta de caja con monto de cuadricula
1750|11879|TERCER|Ordinario|etiqueta de caja con monto de cuadricula
1750|39129|SEGUNDO|Ordinario|etiqueta de caja con monto de cuadricula
1750|60220|QUINTO|Ordinario|etiqueta de caja con monto de cuadricula
1751|13978|MAYOR|Ordinario|banner: monto de cuadricula
1751|33200|MAYOR|Ordinario|banner: monto de cuadricula
1751|49307|MAYOR|Ordinario|banner: monto de cuadricula
1751|33201|Ordinario|MAYOR|casa con la nota (monto destacado o grafico)
1751|07007|CUARTO|Ordinario|etiqueta de caja con monto de cuadricula
1751|13584|TERCER|Ordinario|etiqueta de caja con monto de cuadricula
1751|38319|TERCER|Ordinario|etiqueta de caja con monto de cuadricula
1751|47870|QUINTO|Ordinario|etiqueta de caja con monto de cuadricula
1751|51596|SEXTO|Ordinario|etiqueta de caja con monto de cuadricula
1752|14555|MAYOR|Ordinario|banner: monto de cuadricula
1752|22856|MAYOR|Ordinario|banner: monto de cuadricula
1752|23532|MAYOR|Ordinario|banner: monto de cuadricula
1752|47996|MAYOR|Ordinario|banner: monto de cuadricula
1752|23533|Ordinario|MAYOR|casa con la nota (monto destacado o grafico)
1752|02671|TERCER|Ordinario|etiqueta de caja con monto de cuadricula
1752|54559|TERCER|Ordinario|etiqueta de caja con monto de cuadricula
1752|58455|QUINTO|Ordinario|etiqueta de caja con monto de cuadricula
1753|15821|MAYOR|Ordinario|banner: monto de cuadricula
1753|28096|MAYOR|Ordinario|banner: monto de cuadricula
1753|28926|MAYOR|Ordinario|banner: monto de cuadricula
1753|46901|MAYOR|Ordinario|banner: monto de cuadricula
1753|28097|Ordinario|MAYOR|casa con la nota (monto destacado o grafico)
1753|09719|QUINTO|Ordinario|etiqueta de caja con monto de cuadricula
1753|27525|TERCER|Ordinario|etiqueta de caja con monto de cuadricula
1753|35171|TERCER|Ordinario|etiqueta de caja con monto de cuadricula
1754|13369|MAYOR|Ordinario|banner: monto de cuadricula
1754|36913|MAYOR|Ordinario|banner: monto de cuadricula
1754|12717|SEGUNDO|Ordinario|etiqueta de caja con monto de cuadricula
1754|21598|TERCER|Ordinario|etiqueta de caja con monto de cuadricula
1754|26078|SEXTO|Ordinario|etiqueta de caja con monto de cuadricula
1754|30466|SEGUNDO|Ordinario|etiqueta de caja con monto de cuadricula
1754|36473|QUINTO|Ordinario|etiqueta de caja con monto de cuadricula
1755|16129|MAYOR|Ordinario|banner: monto de cuadricula
1755|48089|MAYOR|Ordinario|banner: monto de cuadricula
1755|02220|SEXTO|Ordinario|etiqueta de caja con monto de cuadricula
1755|47241|QUINTO|Ordinario|etiqueta de caja con monto de cuadricula
1755|47497|TERCER|Ordinario|etiqueta de caja con monto de cuadricula
1755|47827|SEGUNDO|Ordinario|etiqueta de caja con monto de cuadricula
1756|16379|MAYOR|Ordinario|banner: monto de cuadricula
1756|50586|MAYOR|Ordinario|banner: monto de cuadricula
1756|59227|MAYOR|Ordinario|banner: monto de cuadricula
1756|17636|SEXTO|Ordinario|etiqueta de caja con monto de cuadricula
1756|22741|QUINTO|Ordinario|etiqueta de caja con monto de cuadricula
1756|39941|TERCER|Ordinario|etiqueta de caja con monto de cuadricula
1756|60309|SEGUNDO|Ordinario|etiqueta de caja con monto de cuadricula
1757|16861|MAYOR|Ordinario|banner: monto de cuadricula
1757|44093|MAYOR|Ordinario|banner: monto de cuadricula
1757|18646|TERCER|Ordinario|etiqueta de caja con monto de cuadricula
1757|28955|SEGUNDO|Ordinario|etiqueta de caja con monto de cuadricula
1757|40335|TERCER|Ordinario|etiqueta de caja con monto de cuadricula
1758|16887|MAYOR|Ordinario|banner: monto de cuadricula
1758|49064|MAYOR|Ordinario|banner: monto de cuadricula
1758|57247|MAYOR|Ordinario|banner: monto de cuadricula
1758|22081|QUINTO|Ordinario|etiqueta de caja con monto de cuadricula
1758|36925|CUARTO|Ordinario|etiqueta de caja con monto de cuadricula
1758|35723|SEXTO|Ordinario|etiqueta de caja con monto de cuadricula
1758|46414|SEGUNDO|Ordinario|etiqueta de caja con monto de cuadricula
1758|57598|TERCER|Ordinario|etiqueta de caja con monto de cuadricula
1759|13194|MAYOR|Ordinario|banner: monto de cuadricula
1759|45949|MAYOR|Ordinario|banner: monto de cuadricula
1759|07602|CUARTO|Ordinario|etiqueta de caja con monto de cuadricula
1759|12626|CUARTO|Ordinario|etiqueta de caja con monto de cuadricula
1759|07123|QUINTO|Ordinario|etiqueta de caja con monto de cuadricula
1759|14441|TERCER|Ordinario|etiqueta de caja con monto de cuadricula
1759|19746|SEXTO|Ordinario|etiqueta de caja con monto de cuadricula
1759|37347|TERCER|Ordinario|etiqueta de caja con monto de cuadricula
1759|38927|SEGUNDO|Ordinario|etiqueta de caja con monto de cuadricula
1760|06985|MAYOR|Ordinario|banner: monto de cuadricula
1760|36407|MAYOR|Ordinario|banner: monto de cuadricula
1760|47026|MAYOR|Ordinario|banner: monto de cuadricula
1760|36409|Ordinario|MAYOR|casa con la nota (monto destacado o grafico)
1760|01219|QUINTO|Ordinario|etiqueta de caja con monto de cuadricula
1760|14667|TERCER|Ordinario|etiqueta de caja con monto de cuadricula
1760|16500|TERCER|Ordinario|etiqueta de caja con monto de cuadricula
1760|46290|CUARTO|Ordinario|etiqueta de caja con monto de cuadricula
1760|58322|SEXTO|Ordinario|etiqueta de caja con monto de cuadricula
1761|12961|MAYOR|Ordinario|banner: monto de cuadricula
1761|48820|MAYOR|Ordinario|banner: monto de cuadricula
1761|02812|CUARTO|Ordinario|etiqueta de caja con monto de cuadricula
1761|06366|SEGUNDO|Ordinario|etiqueta de caja con monto de cuadricula
1761|24969|SEXTO|Ordinario|etiqueta de caja con monto de cuadricula
1761|25286|TERCER|Ordinario|etiqueta de caja con monto de cuadricula
1761|37197|TERCER|Ordinario|etiqueta de caja con monto de cuadricula
1763|16098|MAYOR|Ordinario|banner: monto de cuadricula
1763|46367|MAYOR|Ordinario|banner: monto de cuadricula
1763|01295|CUARTO|Ordinario|etiqueta de caja con monto de cuadricula
1763|17384|TERCER|Ordinario|etiqueta de caja con monto de cuadricula
1763|25467|SEXTO|Ordinario|etiqueta de caja con monto de cuadricula
1763|25525|SEGUNDO|Ordinario|etiqueta de caja con monto de cuadricula
1763|33308|TERCER|Ordinario|etiqueta de caja con monto de cuadricula
1765|08150|MAYOR|Ordinario|banner: monto de cuadricula
1765|45669|MAYOR|Ordinario|banner: monto de cuadricula
1765|10943|SEXTO|Ordinario|etiqueta de caja con monto de cuadricula
1765|11490|CUARTO|Ordinario|etiqueta de caja con monto de cuadricula
1765|13902|TERCER|Ordinario|etiqueta de caja con monto de cuadricula
1765|33930|CUARTO|Ordinario|etiqueta de caja con monto de cuadricula
1765|45038|TERCER|Ordinario|etiqueta de caja con monto de cuadricula
1765|52650|SEGUNDO|Ordinario|etiqueta de caja con monto de cuadricula
1767|15829|MAYOR|Ordinario|banner: monto de cuadricula
1767|50173|MAYOR|Ordinario|banner: monto de cuadricula
1767|11540|SEXTO|Ordinario|etiqueta de caja con monto de cuadricula
1767|15078|CUARTO|Ordinario|etiqueta de caja con monto de cuadricula
1767|30773|TERCER|Ordinario|etiqueta de caja con monto de cuadricula
1768|14095|MAYOR|Ordinario|banner: monto de cuadricula
1768|46975|MAYOR|Ordinario|banner: monto de cuadricula
1768|06644|SEGUNDO|Ordinario|etiqueta de caja con monto de cuadricula
1768|18246|SEXTO|Ordinario|etiqueta de caja con monto de cuadricula
1768|38964|CUARTO|Ordinario|etiqueta de caja con monto de cuadricula
1768|32680|TERCER|Ordinario|etiqueta de caja con monto de cuadricula
1769|02780|MAYOR|Ordinario|banner: monto de cuadricula
1769|12727|MAYOR|Ordinario|banner: monto de cuadricula
1769|46107|MAYOR|Ordinario|banner: monto de cuadricula
1769|08458|Ordinario|MAYOR|casa con la nota (monto destacado o grafico)
1769|05376|QUINTO|Ordinario|etiqueta de caja con monto de cuadricula
1769|20075|CUARTO|Ordinario|etiqueta de caja con monto de cuadricula
1769|23322|SEXTO|Ordinario|etiqueta de caja con monto de cuadricula
1769|35461|SEGUNDO|Ordinario|etiqueta de caja con monto de cuadricula
1769|44771|TERCER|Ordinario|etiqueta de caja con monto de cuadricula
1770|13109|MAYOR|Ordinario|banner: monto de cuadricula
1770|49130|MAYOR|Ordinario|banner: monto de cuadricula
1770|59109|MAYOR|Ordinario|banner: monto de cuadricula
1770|11640|SEGUNDO|Ordinario|etiqueta de caja con monto de cuadricula
1770|25396|SEXTO|Ordinario|etiqueta de caja con monto de cuadricula
1770|40917|TERCER|Ordinario|etiqueta de caja con monto de cuadricula
1770|49651|QUINTO|Ordinario|etiqueta de caja con monto de cuadricula
1770|52259|CUARTO|Ordinario|etiqueta de caja con monto de cuadricula
1771|15272|MAYOR|Ordinario|banner: monto de cuadricula
1771|42546|MAYOR|Ordinario|banner: monto de cuadricula
1771|06080|TERCER|Ordinario|etiqueta de caja con monto de cuadricula
1771|21097|TERCER|Ordinario|etiqueta de caja con monto de cuadricula
1771|38910|QUINTO|Ordinario|etiqueta de caja con monto de cuadricula
1771|32777|SEGUNDO|Ordinario|etiqueta de caja con monto de cuadricula
1771|45810|SEXTO|Ordinario|etiqueta de caja con monto de cuadricula
1772|09385|MAYOR|Ordinario|banner: monto de cuadricula
1772|10742|MAYOR|Ordinario|banner: monto de cuadricula
1772|45119|MAYOR|Ordinario|banner: monto de cuadricula
1772|09386|Ordinario|MAYOR|casa con la nota (monto destacado o grafico)
1772|08630|SEGUNDO|Ordinario|etiqueta de caja con monto de cuadricula
1772|45259|SEXTO|Ordinario|etiqueta de caja con monto de cuadricula
1772|59667|TERCER|Ordinario|etiqueta de caja con monto de cuadricula
1773|14470|MAYOR|Ordinario|banner: monto de cuadricula
1773|47398|MAYOR|Ordinario|banner: monto de cuadricula
1773|13890|SEXTO|Ordinario|etiqueta de caja con monto de cuadricula
1773|17686|TERCER|Ordinario|etiqueta de caja con monto de cuadricula
1773|35596|SEGUNDO|Ordinario|etiqueta de caja con monto de cuadricula
1773|48913|TERCER|Ordinario|etiqueta de caja con monto de cuadricula
1774|13910|MAYOR|Ordinario|banner: monto de cuadricula
1774|47896|MAYOR|Ordinario|banner: monto de cuadricula
1774|10704|CUARTO|Ordinario|etiqueta de caja con monto de cuadricula
1774|13372|SEXTO|Ordinario|etiqueta de caja con monto de cuadricula
1774|37399|TERCER|Ordinario|etiqueta de caja con monto de cuadricula
1774|52061|TERCER|Ordinario|etiqueta de caja con monto de cuadricula
1774|55594|SEGUNDO|Ordinario|etiqueta de caja con monto de cuadricula
1775|14979|MAYOR|Ordinario|banner: monto de cuadricula
1775|41826|MAYOR|Ordinario|banner: monto de cuadricula
1775|47002|MAYOR|Ordinario|banner: monto de cuadricula
1775|36734|Ordinario|MAYOR|casa con la nota (monto destacado o grafico)
1775|04906|SEGUNDO|Ordinario|etiqueta de caja con monto de cuadricula
1775|30602|TERCER|Ordinario|etiqueta de caja con monto de cuadricula
1775|38963|QUINTO|Ordinario|etiqueta de caja con monto de cuadricula
1775|52879|TERCER|Ordinario|etiqueta de caja con monto de cuadricula
1776|06158|MAYOR|Ordinario|banner: monto de cuadricula
1776|47019|MAYOR|Ordinario|banner: monto de cuadricula
1776|07536|SEGUNDO|Ordinario|etiqueta de caja con monto de cuadricula
1776|13351|SEXTO|Ordinario|etiqueta de caja con monto de cuadricula
1777|13701|MAYOR|Ordinario|banner: monto de cuadricula
1777|46900|MAYOR|Ordinario|banner: monto de cuadricula
1777|11417|SEGUNDO|Ordinario|etiqueta de caja con monto de cuadricula
1777|07824|TERCER|Ordinario|etiqueta de caja con monto de cuadricula
1777|17009|CUARTO|Ordinario|etiqueta de caja con monto de cuadricula
1777|35888|TERCER|Ordinario|etiqueta de caja con monto de cuadricula
1777|46971|SEXTO|Ordinario|etiqueta de caja con monto de cuadricula
1778|17172|MAYOR|Ordinario|banner: monto de cuadricula
1778|44109|MAYOR|Ordinario|banner: monto de cuadricula
1778|43647|SEXTO|Ordinario|etiqueta de caja con monto de cuadricula
1778|43673|SEXTO|Ordinario|etiqueta de caja con monto de cuadricula
1778|46446|SEGUNDO|Ordinario|etiqueta de caja con monto de cuadricula
1779|15862|MAYOR|Ordinario|banner: monto de cuadricula
1779|48445|MAYOR|Ordinario|banner: monto de cuadricula
1779|36631|TERCER|Ordinario|etiqueta de caja con monto de cuadricula
1779|40543|SEGUNDO|Ordinario|etiqueta de caja con monto de cuadricula
1780|17695|MAYOR|Ordinario|banner: monto de cuadricula
1780|47992|MAYOR|Ordinario|banner: monto de cuadricula
1780|10773|SEXTO|Ordinario|etiqueta de caja con monto de cuadricula
1780|18523|TERCER|Ordinario|etiqueta de caja con monto de cuadricula
1780|36752|SEGUNDO|Ordinario|etiqueta de caja con monto de cuadricula
1780|47208|CUARTO|Ordinario|etiqueta de caja con monto de cuadricula
1781|12933|MAYOR|Ordinario|banner: monto de cuadricula
1781|48769|MAYOR|Ordinario|banner: monto de cuadricula
1781|03833|TERCER|Ordinario|etiqueta de caja con monto de cuadricula
1781|11462|QUINTO|Ordinario|etiqueta de caja con monto de cuadricula
1781|19713|CUARTO|Ordinario|etiqueta de caja con monto de cuadricula
1781|45524|SEGUNDO|Ordinario|etiqueta de caja con monto de cuadricula
1781|52797|TERCER|Ordinario|etiqueta de caja con monto de cuadricula
1782|13997|MAYOR|Ordinario|banner: monto de cuadricula
1782|48041|MAYOR|Ordinario|banner: monto de cuadricula
1782|10968|SEXTO|Ordinario|etiqueta de caja con monto de cuadricula
1782|36974|SEGUNDO|Ordinario|etiqueta de caja con monto de cuadricula
1782|33853|TERCER|Ordinario|etiqueta de caja con monto de cuadricula
1782|40149|QUINTO|Ordinario|etiqueta de caja con monto de cuadricula
1782|56482|TERCER|Ordinario|etiqueta de caja con monto de cuadricula
1783|12158|MAYOR|Ordinario|banner: monto de cuadricula
1783|38987|MAYOR|Ordinario|banner: monto de cuadricula
1783|39452|MAYOR|Ordinario|banner: monto de cuadricula
1783|25419|SEGUNDO|Ordinario|etiqueta de caja con monto de cuadricula
1783|49129|SEXTO|Ordinario|etiqueta de caja con monto de cuadricula
1783|56563|QUINTO|Ordinario|etiqueta de caja con monto de cuadricula
1784|14134|MAYOR|Ordinario|banner: monto de cuadricula
1784|38761|MAYOR|Ordinario|banner: monto de cuadricula
1784|40167|MAYOR|Ordinario|banner: monto de cuadricula
1784|60160|MAYOR|Ordinario|banner: monto de cuadricula
1784|34942|SEXTO|MAYOR|casa con la nota (monto destacado o grafico)
1784|35607|QUINTO|Ordinario|etiqueta de caja con monto de cuadricula
1784|58896|SEGUNDO|Ordinario|etiqueta de caja con monto de cuadricula
1785|15640|MAYOR|Ordinario|banner: monto de cuadricula
1785|18827|MAYOR|Ordinario|banner: monto de cuadricula
1785|48302|MAYOR|Ordinario|banner: monto de cuadricula
1785|18828|Ordinario|MAYOR|casa con la nota (monto destacado o grafico)
1785|07646|TERCER|Ordinario|etiqueta de caja con monto de cuadricula
1785|16057|TERCER|Ordinario|etiqueta de caja con monto de cuadricula
1785|22355|SEXTO|Ordinario|etiqueta de caja con monto de cuadricula
1785|53146|SEGUNDO|Ordinario|etiqueta de caja con monto de cuadricula
1786|09262|MAYOR|Ordinario|banner: monto de cuadricula
1786|12915|MAYOR|Ordinario|banner: monto de cuadricula
1786|14662|MAYOR|Ordinario|banner: monto de cuadricula
1786|47534|MAYOR|Ordinario|banner: monto de cuadricula
1786|02782|Ordinario|MAYOR|casa con la nota (monto destacado o grafico)
1786|08445|TERCER|Ordinario|etiqueta de caja con monto de cuadricula
1786|34409|SEXTO|Ordinario|etiqueta de caja con monto de cuadricula
1786|36599|SEGUNDO|Ordinario|etiqueta de caja con monto de cuadricula
1786|56125|TERCER|Ordinario|etiqueta de caja con monto de cuadricula
1787|15583|MAYOR|Ordinario|banner: monto de cuadricula
1787|44483|MAYOR|Ordinario|banner: monto de cuadricula
1787|14069|QUINTO|Ordinario|etiqueta de caja con monto de cuadricula
1787|19822|SEXTO|Ordinario|etiqueta de caja con monto de cuadricula
1787|51234|SEGUNDO|Ordinario|etiqueta de caja con monto de cuadricula
1787|52695|TERCER|Ordinario|etiqueta de caja con monto de cuadricula
1787|54766|TERCER|Ordinario|etiqueta de caja con monto de cuadricula
1788|14291|MAYOR|Ordinario|banner: monto de cuadricula
1788|47261|MAYOR|Ordinario|banner: monto de cuadricula
1788|21954|SEXTO|Ordinario|etiqueta de caja con monto de cuadricula
1788|33012|QUINTO|Ordinario|etiqueta de caja con monto de cuadricula
1788|39687|TERCER|Ordinario|etiqueta de caja con monto de cuadricula
1788|58541|TERCER|Ordinario|etiqueta de caja con monto de cuadricula
1789|12636|MAYOR|Ordinario|banner: monto de cuadricula
1789|41730|MAYOR|Ordinario|banner: monto de cuadricula
1789|11532|SEGUNDO|Ordinario|etiqueta de caja con monto de cuadricula
1789|37177|SEXTO|Ordinario|etiqueta de caja con monto de cuadricula
1789|37810|CUARTO|Ordinario|etiqueta de caja con monto de cuadricula
1789|52212|TERCER|Ordinario|etiqueta de caja con monto de cuadricula
1790|14024|MAYOR|Ordinario|banner: monto de cuadricula
1790|48573|MAYOR|Ordinario|banner: monto de cuadricula
1790|02020|SEXTO|Ordinario|etiqueta de caja con monto de cuadricula
1790|04393|TERCER|Ordinario|etiqueta de caja con monto de cuadricula
1790|57054|SEGUNDO|Ordinario|etiqueta de caja con monto de cuadricula
1790|58388|TERCER|Ordinario|etiqueta de caja con monto de cuadricula
1791|13943|MAYOR|Ordinario|banner: monto de cuadricula
1791|46099|MAYOR|Ordinario|banner: monto de cuadricula
1791|09432|CUARTO|Ordinario|etiqueta de caja con monto de cuadricula
1791|05431|TERCER|Ordinario|etiqueta de caja con monto de cuadricula
1791|36273|CUARTO|Ordinario|etiqueta de caja con monto de cuadricula
1791|36403|TERCER|Ordinario|etiqueta de caja con monto de cuadricula
1791|45057|SEXTO|Ordinario|etiqueta de caja con monto de cuadricula
1791|54197|SEGUNDO|Ordinario|etiqueta de caja con monto de cuadricula
1792|11205|MAYOR|Ordinario|banner: monto de cuadricula
1792|47977|MAYOR|Ordinario|banner: monto de cuadricula
1792|01428|TERCER|Ordinario|etiqueta de caja con monto de cuadricula
1792|21437|SEXTO|Ordinario|etiqueta de caja con monto de cuadricula
1792|34638|TERCER|Ordinario|etiqueta de caja con monto de cuadricula
1793|11724|MAYOR|Ordinario|banner: monto de cuadricula
1793|45872|MAYOR|Ordinario|banner: monto de cuadricula
1793|19856|SEGUNDO|Ordinario|etiqueta de caja con monto de cuadricula
1793|24091|SEXTO|Ordinario|etiqueta de caja con monto de cuadricula
1793|34065|TERCER|Ordinario|etiqueta de caja con monto de cuadricula
1793|43776|QUINTO|Ordinario|etiqueta de caja con monto de cuadricula
1794|15052|MAYOR|Ordinario|banner: monto de cuadricula
1794|47174|MAYOR|Ordinario|banner: monto de cuadricula
1794|06240|TERCER|Ordinario|etiqueta de caja con monto de cuadricula
1794|15595|CUARTO|Ordinario|etiqueta de caja con monto de cuadricula
1794|35115|SEXTO|Ordinario|etiqueta de caja con monto de cuadricula
1794|42274|SEGUNDO|Ordinario|etiqueta de caja con monto de cuadricula
1794|52572|TERCER|Ordinario|etiqueta de caja con monto de cuadricula
1795|13606|MAYOR|Ordinario|banner: monto de cuadricula
1795|46375|MAYOR|Ordinario|banner: monto de cuadricula
1795|07135|TERCER|Ordinario|etiqueta de caja con monto de cuadricula
1795|05510|SEGUNDO|Ordinario|etiqueta de caja con monto de cuadricula
1796|15599|MAYOR|Ordinario|banner: monto de cuadricula
1796|48352|MAYOR|Ordinario|banner: monto de cuadricula
1796|37096|CUARTO|Ordinario|etiqueta de caja con monto de cuadricula
1796|32350|SEXTO|Ordinario|etiqueta de caja con monto de cuadricula
1796|34620|TERCER|Ordinario|etiqueta de caja con monto de cuadricula
1796|54957|SEGUNDO|Ordinario|etiqueta de caja con monto de cuadricula
1797|13471|MAYOR|Ordinario|banner: monto de cuadricula
1797|47292|MAYOR|Ordinario|banner: monto de cuadricula
1797|01939|TERCER|Ordinario|etiqueta de caja con monto de cuadricula
1797|11897|SEXTO|Ordinario|etiqueta de caja con monto de cuadricula
1797|31373|TERCER|Ordinario|etiqueta de caja con monto de cuadricula
1797|45673|SEGUNDO|Ordinario|etiqueta de caja con monto de cuadricula
1798|06970|MAYOR|Ordinario|banner: monto de cuadricula
1798|49847|MAYOR|Ordinario|banner: monto de cuadricula
1798|58656|MAYOR|Ordinario|banner: monto de cuadricula
1798|02228|SEGUNDO|Ordinario|etiqueta de caja con monto de cuadricula
1798|34601|TERCER|Ordinario|etiqueta de caja con monto de cuadricula
1799|17013|MAYOR|Ordinario|banner: monto de cuadricula
1799|46837|MAYOR|Ordinario|banner: monto de cuadricula
1799|14605|TERCER|Ordinario|etiqueta de caja con monto de cuadricula
1799|27412|SEGUNDO|Ordinario|etiqueta de caja con monto de cuadricula
1799|43838|SEXTO|Ordinario|etiqueta de caja con monto de cuadricula
1800|14374|MAYOR|Ordinario|banner: monto de cuadricula
1800|47693|MAYOR|Ordinario|banner: monto de cuadricula
1800|09431|SEGUNDO|Ordinario|etiqueta de caja con monto de cuadricula
1800|27120|CUARTO|Ordinario|etiqueta de caja con monto de cuadricula
1800|58049|TERCER|Ordinario|etiqueta de caja con monto de cuadricula
1801|15890|MAYOR|Ordinario|banner: monto de cuadricula
1801|47043|MAYOR|Ordinario|banner: monto de cuadricula
1801|18319|SEGUNDO|Ordinario|etiqueta de caja con monto de cuadricula
1801|28049|TERCER|Ordinario|etiqueta de caja con monto de cuadricula
1801|38698|CUARTO|Ordinario|etiqueta de caja con monto de cuadricula
1801|44556|SEXTO|Ordinario|etiqueta de caja con monto de cuadricula
1801|57839|TERCER|Ordinario|etiqueta de caja con monto de cuadricula
1802|14672|MAYOR|Ordinario|banner: monto de cuadricula
1802|49175|MAYOR|Ordinario|banner: monto de cuadricula
1802|09659|CUARTO|Ordinario|etiqueta de caja con monto de cuadricula
1802|11534|TERCER|Ordinario|etiqueta de caja con monto de cuadricula
1802|47474|CUARTO|Ordinario|etiqueta de caja con monto de cuadricula
1802|48898|TERCER|Ordinario|etiqueta de caja con monto de cuadricula
1803|15325|MAYOR|Ordinario|banner: monto de cuadricula
1803|22653|MAYOR|Ordinario|banner: monto de cuadricula
1803|48255|MAYOR|Ordinario|banner: monto de cuadricula
1803|22654|Ordinario|MAYOR|casa con la nota (monto destacado o grafico)
1803|18173|SEXTO|Ordinario|etiqueta de caja con monto de cuadricula
1803|38756|SEGUNDO|Ordinario|etiqueta de caja con monto de cuadricula
1803|41574|TERCER|Ordinario|etiqueta de caja con monto de cuadricula
1803|48510|SEGUNDO|Ordinario|etiqueta de caja con monto de cuadricula
1804|14945|MAYOR|Ordinario|banner: monto de cuadricula
1804|48967|MAYOR|Ordinario|banner: monto de cuadricula
1804|05459|TERCER|Ordinario|etiqueta de caja con monto de cuadricula
1804|29047|SEGUNDO|Ordinario|etiqueta de caja con monto de cuadricula
1804|36968|CUARTO|Ordinario|etiqueta de caja con monto de cuadricula
1804|51202|TERCER|Ordinario|etiqueta de caja con monto de cuadricula
1805|12739|MAYOR|Ordinario|banner: monto de cuadricula
1805|46802|MAYOR|Ordinario|banner: monto de cuadricula
1805|11460|TERCER|Ordinario|etiqueta de caja con monto de cuadricula
1805|12908|SEGUNDO|Ordinario|etiqueta de caja con monto de cuadricula
1805|20937|TERCER|Ordinario|etiqueta de caja con monto de cuadricula
1805|52600|SEXTO|Ordinario|etiqueta de caja con monto de cuadricula
1806|16648|MAYOR|Ordinario|banner: monto de cuadricula
1806|22904|MAYOR|Ordinario|banner: monto de cuadricula
1806|39964|MAYOR|Ordinario|banner: monto de cuadricula
1806|14162|QUINTO|Ordinario|etiqueta de caja con monto de cuadricula
1806|23342|TERCER|Ordinario|etiqueta de caja con monto de cuadricula
1806|26468|TERCER|Ordinario|etiqueta de caja con monto de cuadricula
1806|38174|SEXTO|Ordinario|etiqueta de caja con monto de cuadricula
1806|45809|SEGUNDO|Ordinario|etiqueta de caja con monto de cuadricula
1807|15591|MAYOR|Ordinario|banner: monto de cuadricula
1807|47528|MAYOR|Ordinario|banner: monto de cuadricula
1807|08165|QUINTO|Ordinario|etiqueta de caja con monto de cuadricula
1807|39148|SEGUNDO|Ordinario|etiqueta de caja con monto de cuadricula
1807|49819|TERCER|Ordinario|etiqueta de caja con monto de cuadricula
1807|52246|CUARTO|Ordinario|etiqueta de caja con monto de cuadricula
1808|13327|MAYOR|Ordinario|banner: monto de cuadricula
1808|19983|MAYOR|Ordinario|banner: monto de cuadricula
1808|42149|MAYOR|Ordinario|banner: monto de cuadricula
1808|54791|MAYOR|Ordinario|banner: monto de cuadricula
1808|33950|SEGUNDO|Ordinario|etiqueta de caja con monto de cuadricula
1808|48492|TERCER|Ordinario|etiqueta de caja con monto de cuadricula
1809|13988|MAYOR|Ordinario|banner: monto de cuadricula
1809|45953|MAYOR|Ordinario|banner: monto de cuadricula
1809|01485|CUARTO|Ordinario|etiqueta de caja con monto de cuadricula
1809|11050|CUARTO|Ordinario|etiqueta de caja con monto de cuadricula
1809|38292|TERCER|Ordinario|etiqueta de caja con monto de cuadricula
1809|59464|SEGUNDO|Ordinario|etiqueta de caja con monto de cuadricula
1810|15939|MAYOR|Ordinario|banner: monto de cuadricula
1810|42701|MAYOR|Ordinario|banner: monto de cuadricula
1810|13358|SEGUNDO|Ordinario|etiqueta de caja con monto de cuadricula
1810|26728|SEXTO|Ordinario|etiqueta de caja con monto de cuadricula
1810|28420|TERCER|Ordinario|etiqueta de caja con monto de cuadricula
1810|48810|QUINTO|Ordinario|etiqueta de caja con monto de cuadricula
1810|52266|QUINTO|Ordinario|etiqueta de caja con monto de cuadricula
1811|14696|MAYOR|Ordinario|banner: monto de cuadricula
1811|43144|MAYOR|Destacado|REVISAR: mayor falso, nivel real por determinar
1811|47366|MAYOR|Ordinario|banner: monto de cuadricula
1811|05730|TERCER|Ordinario|etiqueta de caja con monto de cuadricula
1811|11533|CUARTO|Ordinario|etiqueta de caja con monto de cuadricula
1811|27073|SEGUNDO|Ordinario|etiqueta de caja con monto de cuadricula
1811|44946|TERCER|Ordinario|etiqueta de caja con monto de cuadricula
1812|13465|MAYOR|Ordinario|banner: monto de cuadricula
1812|40732|MAYOR|Ordinario|banner: monto de cuadricula
1812|45404|MAYOR|Ordinario|banner: monto de cuadricula
1812|14341|CUARTO|Ordinario|etiqueta de caja con monto de cuadricula
1812|20250|TERCER|Ordinario|etiqueta de caja con monto de cuadricula
1812|31080|SEXTO|Ordinario|etiqueta de caja con monto de cuadricula
1812|46459|SEGUNDO|Ordinario|etiqueta de caja con monto de cuadricula
1813|15526|MAYOR|Ordinario|banner: monto de cuadricula
1813|47011|MAYOR|Ordinario|banner: monto de cuadricula
1813|13803|SEGUNDO|Ordinario|etiqueta de caja con monto de cuadricula
1813|18140|SEXTO|Ordinario|etiqueta de caja con monto de cuadricula
1813|31588|TERCER|Ordinario|etiqueta de caja con monto de cuadricula
1813|43344|CUARTO|Ordinario|etiqueta de caja con monto de cuadricula
1813|43649|TERCER|Ordinario|etiqueta de caja con monto de cuadricula
1814|14790|MAYOR|Ordinario|banner: monto de cuadricula
1814|47810|MAYOR|Ordinario|banner: monto de cuadricula
1814|60939|MAYOR|Ordinario|banner: monto de cuadricula
1814|03179|TERCER|Ordinario|etiqueta de caja con monto de cuadricula
1814|15184|TERCER|Ordinario|etiqueta de caja con monto de cuadricula
1814|33229|SEGUNDO|Ordinario|etiqueta de caja con monto de cuadricula
1815|15268|MAYOR|Ordinario|banner: monto de cuadricula
1815|48381|MAYOR|Ordinario|banner: monto de cuadricula
1815|36133|SEXTO|Ordinario|etiqueta de caja con monto de cuadricula
1815|32687|TERCER|Ordinario|etiqueta de caja con monto de cuadricula
1815|51459|SEGUNDO|Ordinario|etiqueta de caja con monto de cuadricula
1815|58003|TERCER|Ordinario|etiqueta de caja con monto de cuadricula
1816|15615|MAYOR|Ordinario|banner: monto de cuadricula
1816|41254|MAYOR|Ordinario|banner: monto de cuadricula
1816|46707|MAYOR|Ordinario|banner: monto de cuadricula
1816|41255|Ordinario|MAYOR|casa con la nota (monto destacado o grafico)
1816|09845|SEGUNDO|Ordinario|etiqueta de caja con monto de cuadricula
1816|17125|SEXTO|Ordinario|etiqueta de caja con monto de cuadricula
1816|21440|TERCER|Ordinario|etiqueta de caja con monto de cuadricula
1817|13276|MAYOR|Ordinario|banner: monto de cuadricula
1817|47787|MAYOR|Ordinario|banner: monto de cuadricula
1817|11006|TERCER|Ordinario|etiqueta de caja con monto de cuadricula
1817|23787|SEGUNDO|Ordinario|etiqueta de caja con monto de cuadricula
1817|50176|TERCER|Ordinario|etiqueta de caja con monto de cuadricula
1818|14070|MAYOR|Ordinario|banner: monto de cuadricula
1818|45545|MAYOR|Ordinario|banner: monto de cuadricula
1818|13506|CUARTO|Ordinario|etiqueta de caja con monto de cuadricula
1818|16599|CUARTO|Ordinario|etiqueta de caja con monto de cuadricula
1818|18523|TERCER|Ordinario|etiqueta de caja con monto de cuadricula
1818|34021|TERCER|Ordinario|etiqueta de caja con monto de cuadricula
1818|41742|SEXTO|Ordinario|etiqueta de caja con monto de cuadricula
1819|16078|MAYOR|Ordinario|banner: monto de cuadricula
1819|46543|MAYOR|Ordinario|banner: monto de cuadricula
1819|26500|TERCER|Ordinario|etiqueta de caja con monto de cuadricula
1819|34920|TERCER|Ordinario|etiqueta de caja con monto de cuadricula
1819|30043|SEGUNDO|Ordinario|etiqueta de caja con monto de cuadricula
1820|15812|MAYOR|Ordinario|banner: monto de cuadricula
1820|47123|MAYOR|Ordinario|banner: monto de cuadricula
1820|52107|MAYOR|Ordinario|banner: monto de cuadricula
1820|16750|TERCER|Ordinario|etiqueta de caja con monto de cuadricula
1820|19683|CUARTO|Ordinario|etiqueta de caja con monto de cuadricula
1820|27027|TERCER|Ordinario|etiqueta de caja con monto de cuadricula
1820|36570|CUARTO|Ordinario|etiqueta de caja con monto de cuadricula
1820|41606|QUINTO|Ordinario|etiqueta de caja con monto de cuadricula
1820|51214|SEXTO|Ordinario|etiqueta de caja con monto de cuadricula
1820|60625|SEGUNDO|Ordinario|etiqueta de caja con monto de cuadricula
1821|14014|MAYOR|Ordinario|banner: monto de cuadricula
1821|41054|MAYOR|Ordinario|banner: monto de cuadricula
1821|47659|MAYOR|Ordinario|banner: monto de cuadricula
1821|14634|CUARTO|Ordinario|etiqueta de caja con monto de cuadricula
1821|30229|TERCER|Ordinario|etiqueta de caja con monto de cuadricula
1821|45775|SEGUNDO|Ordinario|etiqueta de caja con monto de cuadricula
1822|13961|MAYOR|Ordinario|banner: monto de cuadricula
1822|48869|MAYOR|Ordinario|banner: monto de cuadricula
1822|14333|TERCER|Ordinario|etiqueta de caja con monto de cuadricula
1822|42932|SEXTO|Ordinario|etiqueta de caja con monto de cuadricula
1822|47394|SEGUNDO|Ordinario|etiqueta de caja con monto de cuadricula
1822|52724|TERCER|Ordinario|etiqueta de caja con monto de cuadricula
1823|13755|MAYOR|Ordinario|banner: monto de cuadricula
1823|47004|MAYOR|Ordinario|banner: monto de cuadricula
1823|07501|CUARTO|Ordinario|etiqueta de caja con monto de cuadricula
1823|30820|TERCER|Ordinario|etiqueta de caja con monto de cuadricula
1824|15387|MAYOR|Ordinario|banner: monto de cuadricula
1824|47899|MAYOR|Ordinario|banner: monto de cuadricula
1824|24300|TERCER|Ordinario|etiqueta de caja con monto de cuadricula
1824|50293|SEGUNDO|Ordinario|etiqueta de caja con monto de cuadricula
1825|13219|MAYOR|Ordinario|banner: monto de cuadricula
1825|47291|MAYOR|Ordinario|banner: monto de cuadricula
1825|01377|TERCER|Ordinario|etiqueta de caja con monto de cuadricula
1825|02147|CUARTO|Ordinario|etiqueta de caja con monto de cuadricula
1825|03647|SEGUNDO|Ordinario|etiqueta de caja con monto de cuadricula
1825|55032|TERCER|Ordinario|etiqueta de caja con monto de cuadricula
1826|14953|MAYOR|Ordinario|banner: monto de cuadricula
1826|28307|MAYOR|Ordinario|banner: monto de cuadricula
1826|49716|MAYOR|Ordinario|banner: monto de cuadricula
1826|13795|CUARTO|Ordinario|etiqueta de caja con monto de cuadricula
1826|56181|TERCER|Ordinario|etiqueta de caja con monto de cuadricula
1826|56543|SEGUNDO|Ordinario|etiqueta de caja con monto de cuadricula
1827|15892|MAYOR|Ordinario|banner: monto de cuadricula
1827|42760|MAYOR|Ordinario|banner: monto de cuadricula
1827|42285|TERCER|Ordinario|etiqueta de caja con monto de cuadricula
1828|12535|MAYOR|Ordinario|banner: monto de cuadricula
1828|49960|MAYOR|Ordinario|banner: monto de cuadricula
1828|21877|TERCER|Ordinario|etiqueta de caja con monto de cuadricula
1828|33947|QUINTO|Ordinario|etiqueta de caja con monto de cuadricula
1828|54745|TERCER|Ordinario|etiqueta de caja con monto de cuadricula
1828|56558|SEGUNDO|Ordinario|etiqueta de caja con monto de cuadricula
1828|57743|CUARTO|Ordinario|etiqueta de caja con monto de cuadricula
1829|12926|MAYOR|Ordinario|banner: monto de cuadricula
1829|41926|MAYOR|Ordinario|banner: monto de cuadricula
1829|50426|TERCER|Ordinario|etiqueta de caja con monto de cuadricula
1829|51919|CUARTO|Ordinario|etiqueta de caja con monto de cuadricula
1829|54085|TERCER|Ordinario|etiqueta de caja con monto de cuadricula
1830|15808|MAYOR|Ordinario|banner: monto de cuadricula
1830|46163|MAYOR|Ordinario|banner: monto de cuadricula
1830|18273|TERCER|Ordinario|etiqueta de caja con monto de cuadricula
1831|13782|MAYOR|Ordinario|banner: monto de cuadricula
1831|39184|MAYOR|Ordinario|banner: monto de cuadricula
1831|19191|QUINTO|Ordinario|etiqueta de caja con monto de cuadricula
1831|54814|SEXTO|Ordinario|etiqueta de caja con monto de cuadricula
1832|02448|MAYOR|Ordinario|banner: monto de cuadricula
1832|08792|MAYOR|Ordinario|banner: monto de cuadricula
1832|37331|MAYOR|Ordinario|banner: monto de cuadricula
1832|02345|SEGUNDO|Ordinario|etiqueta de caja con monto de cuadricula
1832|15067|SEXTO|Ordinario|etiqueta de caja con monto de cuadricula
1832|34231|SEGUNDO|Ordinario|etiqueta de caja con monto de cuadricula
1832|42364|TERCER|Ordinario|etiqueta de caja con monto de cuadricula
1832|54083|CUARTO|Ordinario|etiqueta de caja con monto de cuadricula
1833|06068|MAYOR|Ordinario|banner: monto de cuadricula
1833|10632|MAYOR|Ordinario|banner: monto de cuadricula
1833|44393|MAYOR|Ordinario|banner: monto de cuadricula
1833|06069|Ordinario|MAYOR|casa con la nota (monto destacado o grafico)
1833|08741|QUINTO|Ordinario|etiqueta de caja con monto de cuadricula
1833|11397|TERCER|Ordinario|etiqueta de caja con monto de cuadricula
1833|31894|SEGUNDO|Ordinario|etiqueta de caja con monto de cuadricula
1833|26842|TERCER|Ordinario|etiqueta de caja con monto de cuadricula
1833|40806|SEXTO|Ordinario|etiqueta de caja con monto de cuadricula
1834|10733|MAYOR|Ordinario|banner: monto de cuadricula
1834|14022|MAYOR|Ordinario|banner: monto de cuadricula
1834|47885|MAYOR|Ordinario|banner: monto de cuadricula
1834|16195|SEXTO|Ordinario|etiqueta de caja con monto de cuadricula
1834|31130|SEGUNDO|Ordinario|etiqueta de caja con monto de cuadricula
1834|38166|CUARTO|Ordinario|etiqueta de caja con monto de cuadricula
1834|49626|TERCER|Ordinario|etiqueta de caja con monto de cuadricula
1835|13628|MAYOR|Ordinario|banner: monto de cuadricula
1835|26520|MAYOR|Destacado|REVISAR: mayor falso, nivel real por determinar
1835|47613|MAYOR|Ordinario|banner: monto de cuadricula
1835|11531|TERCER|Ordinario|etiqueta de caja con monto de cuadricula
1835|14121|TERCER|Ordinario|etiqueta de caja con monto de cuadricula
1835|50451|SEGUNDO|Ordinario|etiqueta de caja con monto de cuadricula
1836|14473|MAYOR|Ordinario|banner: monto de cuadricula
1836|46976|MAYOR|Ordinario|banner: monto de cuadricula
1836|06843|TERCER|Ordinario|etiqueta de caja con monto de cuadricula
1836|35468|SEXTO|Ordinario|etiqueta de caja con monto de cuadricula
1836|30605|TERCER|Ordinario|etiqueta de caja con monto de cuadricula
1836|54177|SEGUNDO|Ordinario|etiqueta de caja con monto de cuadricula
1837|15132|MAYOR|Ordinario|banner: monto de cuadricula
1837|10717|QUINTO|Ordinario|etiqueta de caja con monto de cuadricula
1837|21446|SEXTO|Ordinario|etiqueta de caja con monto de cuadricula
1837|34646|TERCER|Ordinario|etiqueta de caja con monto de cuadricula
1837|44607|SEGUNDO|Ordinario|etiqueta de caja con monto de cuadricula
1837|35341|TERCER|Ordinario|etiqueta de caja con monto de cuadricula
1838|13628|MAYOR|Ordinario|banner: monto de cuadricula
1838|45940|MAYOR|Ordinario|banner: monto de cuadricula
1838|15815|SEGUNDO|Ordinario|etiqueta de caja con monto de cuadricula
1838|16840|TERCER|Ordinario|etiqueta de caja con monto de cuadricula
1838|47111|TERCER|Ordinario|etiqueta de caja con monto de cuadricula
1839|13080|MAYOR|Ordinario|banner: monto de cuadricula
1839|44926|MAYOR|Ordinario|banner: monto de cuadricula
1839|02139|TERCER|Ordinario|etiqueta de caja con monto de cuadricula
1839|20254|TERCER|Ordinario|etiqueta de caja con monto de cuadricula
1839|24786|SEXTO|Ordinario|etiqueta de caja con monto de cuadricula
1839|35732|SEGUNDO|Ordinario|etiqueta de caja con monto de cuadricula
1840|15288|MAYOR|Ordinario|banner: monto de cuadricula
1840|40808|MAYOR|Ordinario|banner: monto de cuadricula
1840|15843|CUARTO|Ordinario|etiqueta de caja con monto de cuadricula
1840|26649|SEGUNDO|Ordinario|etiqueta de caja con monto de cuadricula
1840|60761|TERCER|Ordinario|etiqueta de caja con monto de cuadricula
1841|15763|MAYOR|Ordinario|banner: monto de cuadricula
1841|43698|MAYOR|Ordinario|banner: monto de cuadricula
1841|49245|MAYOR|Ordinario|banner: monto de cuadricula
1841|43699|Ordinario|MAYOR|casa con la nota (monto destacado o grafico)
1841|07136|TERCER|Ordinario|etiqueta de caja con monto de cuadricula
1841|21432|SEGUNDO|Ordinario|etiqueta de caja con monto de cuadricula
1841|58128|TERCER|Ordinario|etiqueta de caja con monto de cuadricula
1842|16231|MAYOR|Ordinario|banner: monto de cuadricula
1842|47853|MAYOR|Ordinario|banner: monto de cuadricula
1842|09404|TERCER|Ordinario|etiqueta de caja con monto de cuadricula
1842|32292|SEGUNDO|Ordinario|etiqueta de caja con monto de cuadricula
1842|59017|TERCER|Ordinario|etiqueta de caja con monto de cuadricula
1843|15070|MAYOR|Ordinario|banner: monto de cuadricula
1843|46274|MAYOR|Ordinario|banner: monto de cuadricula
1843|22733|TERCER|Ordinario|etiqueta de caja con monto de cuadricula
1843|32028|CUARTO|Ordinario|etiqueta de caja con monto de cuadricula
1843|57322|TERCER|Ordinario|etiqueta de caja con monto de cuadricula
1844|14547|MAYOR|Ordinario|banner: monto de cuadricula
1844|49168|MAYOR|Ordinario|banner: monto de cuadricula
1844|14076|TERCER|Ordinario|etiqueta de caja con monto de cuadricula
1844|25742|TERCER|Ordinario|etiqueta de caja con monto de cuadricula
1844|29853|SEXTO|Ordinario|etiqueta de caja con monto de cuadricula
1844|31115|SEGUNDO|Ordinario|etiqueta de caja con monto de cuadricula
1844|40644|CUARTO|Ordinario|etiqueta de caja con monto de cuadricula
1844|41710|QUINTO|Ordinario|etiqueta de caja con monto de cuadricula
1844|57087|CUARTO|Ordinario|etiqueta de caja con monto de cuadricula
1845|07217|MAYOR|Ordinario|banner: monto de cuadricula
1845|46799|MAYOR|Ordinario|banner: monto de cuadricula
1845|07393|TERCER|Ordinario|etiqueta de caja con monto de cuadricula
1845|14892|QUINTO|Ordinario|etiqueta de caja con monto de cuadricula
1845|27421|SEGUNDO|Ordinario|etiqueta de caja con monto de cuadricula
1846|11358|MAYOR|Ordinario|banner: monto de cuadricula
1846|43617|MAYOR|Ordinario|banner: monto de cuadricula
1846|08540|TERCER|Ordinario|etiqueta de caja con monto de cuadricula
1846|14913|CUARTO|Ordinario|etiqueta de caja con monto de cuadricula
1846|20560|TERCER|Ordinario|etiqueta de caja con monto de cuadricula
1847|10719|MAYOR|Ordinario|banner: monto de cuadricula
1847|10807|MAYOR|Ordinario|banner: monto de cuadricula
1847|46998|MAYOR|Ordinario|banner: monto de cuadricula
1847|10720|Ordinario|MAYOR|casa con la nota (monto destacado o grafico)
1847|01411|SEGUNDO|Ordinario|etiqueta de caja con monto de cuadricula
1847|04562|TERCER|Ordinario|etiqueta de caja con monto de cuadricula
1847|12415|CUARTO|Ordinario|etiqueta de caja con monto de cuadricula
1847|21779|CUARTO|Ordinario|etiqueta de caja con monto de cuadricula
1847|23896|SEXTO|Ordinario|etiqueta de caja con monto de cuadricula
1847|40217|TERCER|Ordinario|etiqueta de caja con monto de cuadricula
1848|15270|MAYOR|Ordinario|banner: monto de cuadricula
1848|46639|MAYOR|Ordinario|banner: monto de cuadricula
1848|10388|SEXTO|Ordinario|etiqueta de caja con monto de cuadricula
1848|15723|TERCER|Ordinario|etiqueta de caja con monto de cuadricula
1848|44792|SEGUNDO|Ordinario|etiqueta de caja con monto de cuadricula
1848|58266|TERCER|Ordinario|etiqueta de caja con monto de cuadricula
1849|13458|MAYOR|Ordinario|banner: monto de cuadricula
1849|46519|MAYOR|Ordinario|banner: monto de cuadricula
1849|12380|QUINTO|Ordinario|etiqueta de caja con monto de cuadricula
1849|24903|TERCER|Ordinario|etiqueta de caja con monto de cuadricula
1849|45335|SEGUNDO|Ordinario|etiqueta de caja con monto de cuadricula
1849|54496|TERCER|Ordinario|etiqueta de caja con monto de cuadricula
1849|55406|CUARTO|Ordinario|etiqueta de caja con monto de cuadricula
1850|14710|MAYOR|Ordinario|banner: monto de cuadricula
1850|46192|MAYOR|Ordinario|banner: monto de cuadricula
1850|09713|SEXTO|Ordinario|etiqueta de caja con monto de cuadricula
1850|12663|TERCER|Ordinario|etiqueta de caja con monto de cuadricula
1850|15585|TERCER|Ordinario|etiqueta de caja con monto de cuadricula
1850|19892|SEGUNDO|Ordinario|etiqueta de caja con monto de cuadricula
1850|50741|QUINTO|Ordinario|etiqueta de caja con monto de cuadricula
1851|13996|MAYOR|Ordinario|banner: monto de cuadricula
1851|40506|MAYOR|Ordinario|banner: monto de cuadricula
1851|11127|SEGUNDO|Ordinario|etiqueta de caja con monto de cuadricula
1851|19340|SEXTO|Ordinario|etiqueta de caja con monto de cuadricula
1851|30729|SEGUNDO|Ordinario|etiqueta de caja con monto de cuadricula
1851|40674|TERCER|Ordinario|etiqueta de caja con monto de cuadricula
1852|14606|MAYOR|Ordinario|banner: monto de cuadricula
1852|48378|MAYOR|Ordinario|banner: monto de cuadricula
1852|03773|SEGUNDO|Ordinario|etiqueta de caja con monto de cuadricula
1852|13913|SEXTO|Ordinario|etiqueta de caja con monto de cuadricula
1852|42667|TERCER|Ordinario|etiqueta de caja con monto de cuadricula
1853|17659|MAYOR|Ordinario|banner: monto de cuadricula
1853|29458|MAYOR|Ordinario|banner: monto de cuadricula
1853|46753|MAYOR|Ordinario|banner: monto de cuadricula
1853|34904|Ordinario|MAYOR|casa con la nota (monto destacado o grafico)
1853|01111|TERCER|Ordinario|etiqueta de caja con monto de cuadricula
1853|24671|TERCER|Ordinario|etiqueta de caja con monto de cuadricula
1853|34352|SEGUNDO|Ordinario|etiqueta de caja con monto de cuadricula
1854|15009|MAYOR|Ordinario|banner: monto de cuadricula
1854|43182|MAYOR|Ordinario|banner: monto de cuadricula
1854|54350|MAYOR|Ordinario|banner: monto de cuadricula
1854|14774|CUARTO|Ordinario|etiqueta de caja con monto de cuadricula
1854|37150|TERCER|Ordinario|etiqueta de caja con monto de cuadricula
1854|38635|SEXTO|Ordinario|etiqueta de caja con monto de cuadricula
1854|51230|TERCER|Ordinario|etiqueta de caja con monto de cuadricula
1854|54679|SEGUNDO|Ordinario|etiqueta de caja con monto de cuadricula
1855|10528|MAYOR|Ordinario|banner: monto de cuadricula
1855|45089|MAYOR|Ordinario|banner: monto de cuadricula
1855|10236|SEGUNDO|Ordinario|etiqueta de caja con monto de cuadricula
1855|10880|SEXTO|Ordinario|etiqueta de caja con monto de cuadricula
1855|23292|TERCER|Ordinario|etiqueta de caja con monto de cuadricula
1855|44137|TERCER|Ordinario|etiqueta de caja con monto de cuadricula
1856|06108|MAYOR|Ordinario|banner: monto de cuadricula
1856|06961|MAYOR|Ordinario|banner: monto de cuadricula
1856|47936|MAYOR|Ordinario|banner: monto de cuadricula
1856|11727|QUINTO|Ordinario|etiqueta de caja con monto de cuadricula
1856|58010|SEGUNDO|Ordinario|etiqueta de caja con monto de cuadricula
1856|60819|TERCER|Ordinario|etiqueta de caja con monto de cuadricula
1857|17485|MAYOR|Ordinario|banner: monto de cuadricula
1857|46768|MAYOR|Ordinario|banner: monto de cuadricula
1857|20339|CUARTO|Ordinario|etiqueta de caja con monto de cuadricula
1857|22127|TERCER|Ordinario|etiqueta de caja con monto de cuadricula
1857|23735|TERCER|Ordinario|etiqueta de caja con monto de cuadricula
1857|43395|SEGUNDO|Ordinario|etiqueta de caja con monto de cuadricula
1858|01416|MAYOR|Ordinario|banner: monto de cuadricula
1858|12827|MAYOR|Ordinario|banner: monto de cuadricula
1858|48095|MAYOR|Ordinario|banner: monto de cuadricula
1858|07737|Ordinario|MAYOR|casa con la nota (monto destacado o grafico)
1858|07054|CUARTO|Ordinario|etiqueta de caja con monto de cuadricula
1858|15143|TERCER|Ordinario|etiqueta de caja con monto de cuadricula
1858|20619|TERCER|Ordinario|etiqueta de caja con monto de cuadricula
1858|29664|SEGUNDO|Ordinario|etiqueta de caja con monto de cuadricula
1858|50106|QUINTO|Ordinario|etiqueta de caja con monto de cuadricula
1860|08855|MAYOR|Ordinario|banner: monto de cuadricula
1860|42746|MAYOR|Ordinario|banner: monto de cuadricula
1860|16115|SEGUNDO|Ordinario|etiqueta de caja con monto de cuadricula
1860|22511|TERCER|Ordinario|etiqueta de caja con monto de cuadricula
1860|51513|TERCER|Ordinario|etiqueta de caja con monto de cuadricula
1861|13666|MAYOR|Ordinario|banner: monto de cuadricula
1861|47075|MAYOR|Ordinario|banner: monto de cuadricula
1861|11276|TERCER|Ordinario|etiqueta de caja con monto de cuadricula
1861|13222|SEGUNDO|Ordinario|etiqueta de caja con monto de cuadricula
1861|44372|TERCER|Ordinario|etiqueta de caja con monto de cuadricula
1862|47841|MAYOR|Ordinario|banner: monto de cuadricula
1862|48149|TERCER|Ordinario|etiqueta de caja con monto de cuadricula
1863|14975|MAYOR|Ordinario|banner: monto de cuadricula
1863|48154|MAYOR|Ordinario|banner: monto de cuadricula
1863|10173|CUARTO|Ordinario|etiqueta de caja con monto de cuadricula
1863|18135|CUARTO|Ordinario|etiqueta de caja con monto de cuadricula
1863|39941|SEGUNDO|Ordinario|etiqueta de caja con monto de cuadricula
1863|49515|TERCER|Ordinario|etiqueta de caja con monto de cuadricula
1863|55427|TERCER|Ordinario|etiqueta de caja con monto de cuadricula
1864|12354|MAYOR|Ordinario|banner: monto de cuadricula
1864|45934|MAYOR|Ordinario|banner: monto de cuadricula
1864|03322|SEGUNDO|Ordinario|etiqueta de caja con monto de cuadricula
1864|09949|CUARTO|Ordinario|etiqueta de caja con monto de cuadricula
1864|29915|TERCER|Ordinario|etiqueta de caja con monto de cuadricula
1865|15509|MAYOR|Ordinario|banner: monto de cuadricula
1865|48149|MAYOR|Ordinario|banner: monto de cuadricula
1865|10734|QUINTO|Ordinario|etiqueta de caja con monto de cuadricula
1865|37182|TERCER|Ordinario|etiqueta de caja con monto de cuadricula
1865|33488|SEGUNDO|Ordinario|etiqueta de caja con monto de cuadricula
1865|34633|TERCER|Ordinario|etiqueta de caja con monto de cuadricula
1866|14976|MAYOR|Ordinario|banner: monto de cuadricula
1866|38354|MAYOR|Ordinario|banner: monto de cuadricula
1866|44680|MAYOR|Ordinario|banner: monto de cuadricula
1866|38355|Ordinario|MAYOR|casa con la nota (monto destacado o grafico)
1866|11818|CUARTO|Ordinario|etiqueta de caja con monto de cuadricula
1866|15243|TERCER|Ordinario|etiqueta de caja con monto de cuadricula
1866|29317|TERCER|Ordinario|etiqueta de caja con monto de cuadricula
1866|33627|SEGUNDO|Ordinario|etiqueta de caja con monto de cuadricula
1866|47871|QUINTO|Ordinario|etiqueta de caja con monto de cuadricula
1867|13999|MAYOR|Ordinario|banner: monto de cuadricula
1867|46795|MAYOR|Ordinario|banner: monto de cuadricula
1867|08834|SEXTO|Ordinario|etiqueta de caja con monto de cuadricula
1867|04739|SEGUNDO|Ordinario|etiqueta de caja con monto de cuadricula
1867|14133|TERCER|Ordinario|etiqueta de caja con monto de cuadricula
1867|51887|TERCER|Ordinario|etiqueta de caja con monto de cuadricula
1868|04273|MAYOR|Ordinario|banner: monto de cuadricula
1868|12516|MAYOR|Ordinario|banner: monto de cuadricula
1868|16655|MAYOR|Ordinario|banner: monto de cuadricula
1868|48947|MAYOR|Ordinario|banner: monto de cuadricula
1868|09939|Ordinario|MAYOR|casa con la nota (monto destacado o grafico)
1868|01017|SEXTO|Ordinario|etiqueta de caja con monto de cuadricula
1868|29758|CUARTO|Ordinario|etiqueta de caja con monto de cuadricula
1868|34987|CUARTO|Ordinario|etiqueta de caja con monto de cuadricula
1868|51553|TERCER|Ordinario|etiqueta de caja con monto de cuadricula
1868|60133|SEGUNDO|Ordinario|etiqueta de caja con monto de cuadricula
1869|15217|MAYOR|Ordinario|banner: monto de cuadricula
1869|49574|MAYOR|Ordinario|banner: monto de cuadricula
1869|04508|SEGUNDO|Ordinario|etiqueta de caja con monto de cuadricula
1869|37705|TERCER|Ordinario|etiqueta de caja con monto de cuadricula
1869|40508|QUINTO|Ordinario|etiqueta de caja con monto de cuadricula
1869|50201|TERCER|Ordinario|etiqueta de caja con monto de cuadricula
1870|17562|MAYOR|Ordinario|banner: monto de cuadricula
1870|48873|MAYOR|Ordinario|banner: monto de cuadricula
1870|59535|MAYOR|Ordinario|banner: monto de cuadricula
1870|28659|SEGUNDO|Ordinario|etiqueta de caja con monto de cuadricula
1870|54707|TERCER|Ordinario|etiqueta de caja con monto de cuadricula
1871|09854|MAYOR|Ordinario|banner: monto de cuadricula
1871|47181|MAYOR|Ordinario|banner: monto de cuadricula
1871|05647|CUARTO|Ordinario|etiqueta de caja con monto de cuadricula
1871|57587|TERCER|Ordinario|etiqueta de caja con monto de cuadricula
1871|59787|TERCER|Ordinario|etiqueta de caja con monto de cuadricula
1872|14983|MAYOR|Ordinario|banner: monto de cuadricula
1872|46664|MAYOR|Ordinario|banner: monto de cuadricula
1872|20853|SEGUNDO|Ordinario|etiqueta de caja con monto de cuadricula
1872|24809|TERCER|Ordinario|etiqueta de caja con monto de cuadricula
1872|27764|TERCER|Ordinario|etiqueta de caja con monto de cuadricula
1873|13993|MAYOR|Ordinario|banner: monto de cuadricula
1873|44601|MAYOR|Ordinario|banner: monto de cuadricula
1873|28273|TERCER|Ordinario|etiqueta de caja con monto de cuadricula
1873|36865|SEGUNDO|Ordinario|etiqueta de caja con monto de cuadricula
1874|13984|MAYOR|Ordinario|banner: monto de cuadricula
1874|47421|MAYOR|Ordinario|banner: monto de cuadricula
1874|04104|SEXTO|Ordinario|etiqueta de caja con monto de cuadricula
1874|07050|SEGUNDO|Ordinario|etiqueta de caja con monto de cuadricula
1874|13759|CUARTO|Ordinario|etiqueta de caja con monto de cuadricula
1874|35941|QUINTO|Ordinario|etiqueta de caja con monto de cuadricula
1874|39530|TERCER|Ordinario|etiqueta de caja con monto de cuadricula
1875|03579|MAYOR|Ordinario|banner: monto de cuadricula
1875|14669|MAYOR|Ordinario|banner: monto de cuadricula
1875|45661|MAYOR|Ordinario|banner: monto de cuadricula
1875|28983|SEGUNDO|Ordinario|etiqueta de caja con monto de cuadricula
1875|33465|TERCER|Ordinario|etiqueta de caja con monto de cuadricula
1875|43275|TERCER|Ordinario|etiqueta de caja con monto de cuadricula
1875|47553|QUINTO|Ordinario|etiqueta de caja con monto de cuadricula
1876|16022|MAYOR|Ordinario|banner: monto de cuadricula
1876|44586|MAYOR|Ordinario|banner: monto de cuadricula
1876|14699|SEGUNDO|Ordinario|etiqueta de caja con monto de cuadricula
1876|26382|TERCER|Ordinario|etiqueta de caja con monto de cuadricula
1876|49506|TERCER|Ordinario|etiqueta de caja con monto de cuadricula
1876|58548|CUARTO|Ordinario|etiqueta de caja con monto de cuadricula
1877|13884|MAYOR|Ordinario|banner: monto de cuadricula
1877|49883|MAYOR|Ordinario|banner: monto de cuadricula
1877|55168|MAYOR|Ordinario|banner: monto de cuadricula
1877|04358|CUARTO|Ordinario|etiqueta de caja con monto de cuadricula
1877|12757|SEXTO|Ordinario|etiqueta de caja con monto de cuadricula
1877|06259|SEGUNDO|Ordinario|etiqueta de caja con monto de cuadricula
1877|48249|TERCER|Ordinario|etiqueta de caja con monto de cuadricula
1878|16914|MAYOR|Ordinario|banner: monto de cuadricula
1878|46351|MAYOR|Ordinario|banner: monto de cuadricula
1878|27176|TERCER|Ordinario|etiqueta de caja con monto de cuadricula
1878|43064|SEGUNDO|Ordinario|etiqueta de caja con monto de cuadricula
1878|43920|TERCER|Ordinario|etiqueta de caja con monto de cuadricula
1879|15298|MAYOR|Ordinario|banner: monto de cuadricula
1879|45446|MAYOR|Ordinario|banner: monto de cuadricula
1879|36732|TERCER|Ordinario|etiqueta de caja con monto de cuadricula
1879|54694|SEGUNDO|Ordinario|etiqueta de caja con monto de cuadricula
1880|09057|MAYOR|Ordinario|banner: monto de cuadricula
1880|14270|MAYOR|Ordinario|banner: monto de cuadricula
1880|40568|MAYOR|Ordinario|banner: monto de cuadricula
1880|14271|Ordinario|MAYOR|casa con la nota (monto destacado o grafico)
1881|15997|MAYOR|Ordinario|banner: monto de cuadricula
1881|39555|MAYOR|Ordinario|banner: monto de cuadricula
1881|02221|TERCER|Ordinario|etiqueta de caja con monto de cuadricula
1881|02415|SEGUNDO|Ordinario|etiqueta de caja con monto de cuadricula
1881|16032|CUARTO|Ordinario|etiqueta de caja con monto de cuadricula
1881|25552|SEGUNDO|Ordinario|etiqueta de caja con monto de cuadricula
1881|26203|SEXTO|Ordinario|etiqueta de caja con monto de cuadricula
1881|37571|QUINTO|Ordinario|etiqueta de caja con monto de cuadricula
1882|14971|MAYOR|Ordinario|banner: monto de cuadricula
1882|48927|MAYOR|Ordinario|banner: monto de cuadricula
1882|15121|QUINTO|Ordinario|etiqueta de caja con monto de cuadricula
1882|15206|TERCER|Ordinario|etiqueta de caja con monto de cuadricula
1882|23098|SEGUNDO|Ordinario|etiqueta de caja con monto de cuadricula
1882|54611|TERCER|Ordinario|etiqueta de caja con monto de cuadricula
1883|13161|MAYOR|Ordinario|banner: monto de cuadricula
1883|47555|MAYOR|Ordinario|banner: monto de cuadricula
1883|32646|TERCER|Ordinario|etiqueta de caja con monto de cuadricula
1883|49173|SEGUNDO|Ordinario|etiqueta de caja con monto de cuadricula
1884|16351|MAYOR|Ordinario|banner: monto de cuadricula
1884|43327|MAYOR|Ordinario|banner: monto de cuadricula
1884|01076|TERCER|Ordinario|etiqueta de caja con monto de cuadricula
1884|13810|SEXTO|Ordinario|etiqueta de caja con monto de cuadricula
1884|17382|CUARTO|Ordinario|etiqueta de caja con monto de cuadricula
1884|26146|TERCER|Ordinario|etiqueta de caja con monto de cuadricula
1884|47123|SEGUNDO|Ordinario|etiqueta de caja con monto de cuadricula
1885|13451|MAYOR|Ordinario|banner: monto de cuadricula
1885|45949|MAYOR|Destacado|REVISAR: mayor falso, nivel real por determinar
1885|34673|TERCER|Ordinario|etiqueta de caja con monto de cuadricula
1885|28439|TERCER|Ordinario|etiqueta de caja con monto de cuadricula
1885|45875|SEGUNDO|Ordinario|etiqueta de caja con monto de cuadricula
1886|11757|MAYOR|Ordinario|banner: monto de cuadricula
1886|46309|MAYOR|Ordinario|banner: monto de cuadricula
1886|09553|SEXTO|Ordinario|etiqueta de caja con monto de cuadricula
1886|11446|QUINTO|Ordinario|etiqueta de caja con monto de cuadricula
1886|17734|TERCER|Ordinario|etiqueta de caja con monto de cuadricula
1886|26809|TERCER|Ordinario|etiqueta de caja con monto de cuadricula
1886|33176|CUARTO|Ordinario|etiqueta de caja con monto de cuadricula
1886|29840|SEGUNDO|Ordinario|etiqueta de caja con monto de cuadricula
1887|17142|MAYOR|Ordinario|banner: monto de cuadricula
1887|45718|MAYOR|Ordinario|banner: monto de cuadricula
1887|36012|TERCER|Ordinario|etiqueta de caja con monto de cuadricula
1887|34896|TERCER|Ordinario|etiqueta de caja con monto de cuadricula
1887|46790|SEGUNDO|Ordinario|etiqueta de caja con monto de cuadricula
1888|15435|MAYOR|Ordinario|banner: monto de cuadricula
1888|49863|MAYOR|Ordinario|banner: monto de cuadricula
1888|42952|TERCER|Ordinario|etiqueta de caja con monto de cuadricula
1888|44625|TERCER|Ordinario|etiqueta de caja con monto de cuadricula
1888|39908|SEGUNDO|Ordinario|etiqueta de caja con monto de cuadricula
1889|15094|MAYOR|Ordinario|banner: monto de cuadricula
1889|37912|MAYOR|Ordinario|banner: monto de cuadricula
1889|45699|MAYOR|Ordinario|banner: monto de cuadricula
1889|37913|Ordinario|MAYOR|casa con la nota (monto destacado o grafico)
1889|27503|TERCER|Ordinario|etiqueta de caja con monto de cuadricula
1889|29224|SEGUNDO|Ordinario|etiqueta de caja con monto de cuadricula
1889|32365|SEXTO|Ordinario|etiqueta de caja con monto de cuadricula
1889|60935|TERCER|Ordinario|etiqueta de caja con monto de cuadricula
1890|12363|MAYOR|Ordinario|banner: monto de cuadricula
1890|48877|MAYOR|Ordinario|banner: monto de cuadricula
1890|08767|Ordinario|MAYOR|casa con la nota (monto destacado o grafico)
1890|17402|TERCER|Ordinario|etiqueta de caja con monto de cuadricula
1890|36157|SEGUNDO|Ordinario|etiqueta de caja con monto de cuadricula
1890|56184|TERCER|Ordinario|etiqueta de caja con monto de cuadricula
1891|13749|MAYOR|Ordinario|banner: monto de cuadricula
1891|47243|MAYOR|Ordinario|banner: monto de cuadricula
1891|07045|TERCER|Ordinario|etiqueta de caja con monto de cuadricula
1891|34659|QUINTO|Ordinario|etiqueta de caja con monto de cuadricula
1891|36383|SEXTO|Ordinario|etiqueta de caja con monto de cuadricula
1891|32056|TERCER|Ordinario|etiqueta de caja con monto de cuadricula
1891|53197|SEGUNDO|Ordinario|etiqueta de caja con monto de cuadricula
1892|17933|MAYOR|Ordinario|banner: monto de cuadricula
1892|48967|MAYOR|Ordinario|banner: monto de cuadricula
1892|44231|SEGUNDO|Ordinario|etiqueta de caja con monto de cuadricula
1892|46957|TERCER|Ordinario|etiqueta de caja con monto de cuadricula
1893|16509|MAYOR|Ordinario|banner: monto de cuadricula
1893|48886|MAYOR|Ordinario|banner: monto de cuadricula
1893|18751|TERCER|Ordinario|etiqueta de caja con monto de cuadricula
1893|34184|TERCER|Ordinario|etiqueta de caja con monto de cuadricula
1893|32044|SEGUNDO|Ordinario|etiqueta de caja con monto de cuadricula
1894|13462|MAYOR|Ordinario|banner: monto de cuadricula
1894|44906|MAYOR|Ordinario|banner: monto de cuadricula
1894|09375|CUARTO|Ordinario|etiqueta de caja con monto de cuadricula
1894|20414|TERCER|Ordinario|etiqueta de caja con monto de cuadricula
1894|34185|SEXTO|Ordinario|etiqueta de caja con monto de cuadricula
1894|58623|TERCER|Ordinario|etiqueta de caja con monto de cuadricula
1895|11564|MAYOR|Ordinario|banner: monto de cuadricula
1895|47528|MAYOR|Ordinario|banner: monto de cuadricula
1895|07888|SEGUNDO|Ordinario|etiqueta de caja con monto de cuadricula
1895|08200|CUARTO|Ordinario|etiqueta de caja con monto de cuadricula
1895|05292|SEXTO|Ordinario|etiqueta de caja con monto de cuadricula
1895|06833|TERCER|Ordinario|etiqueta de caja con monto de cuadricula
1895|30299|TERCER|Ordinario|etiqueta de caja con monto de cuadricula
1896|13915|MAYOR|Ordinario|banner: monto de cuadricula
1896|46138|MAYOR|Ordinario|banner: monto de cuadricula
1896|09503|TERCER|Ordinario|etiqueta de caja con monto de cuadricula
1897|15360|MAYOR|Ordinario|banner: monto de cuadricula
1897|49001|MAYOR|Ordinario|banner: monto de cuadricula
1897|06021|TERCER|Ordinario|etiqueta de caja con monto de cuadricula
1897|22055|TERCER|Ordinario|etiqueta de caja con monto de cuadricula
1897|37857|CUARTO|Ordinario|etiqueta de caja con monto de cuadricula
1897|35131|SEGUNDO|Ordinario|etiqueta de caja con monto de cuadricula
1898|12081|MAYOR|Ordinario|banner: monto de cuadricula
1898|47859|MAYOR|Ordinario|banner: monto de cuadricula
1898|08091|TERCER|Ordinario|etiqueta de caja con monto de cuadricula
1898|10733|TERCER|Ordinario|etiqueta de caja con monto de cuadricula
1899|14177|MAYOR|Ordinario|banner: monto de cuadricula
1899|40121|MAYOR|Ordinario|banner: monto de cuadricula
1899|44376|MAYOR|Ordinario|banner: monto de cuadricula
1899|40122|Ordinario|MAYOR|casa con la nota (monto destacado o grafico)
1899|01374|TERCER|Ordinario|etiqueta de caja con monto de cuadricula
1899|22163|SEGUNDO|Ordinario|etiqueta de caja con monto de cuadricula
1899|34593|TERCER|Ordinario|etiqueta de caja con monto de cuadricula
1899|42778|SEXTO|Ordinario|etiqueta de caja con monto de cuadricula
1900|14992|MAYOR|Ordinario|banner: monto de cuadricula
1900|41113|MAYOR|Ordinario|banner: monto de cuadricula
1900|43712|MAYOR|Ordinario|banner: monto de cuadricula
1900|02287|TERCER|Ordinario|etiqueta de caja con monto de cuadricula
1900|23825|QUINTO|Ordinario|etiqueta de caja con monto de cuadricula
1900|25838|TERCER|Ordinario|etiqueta de caja con monto de cuadricula
1900|28584|QUINTO|Ordinario|etiqueta de caja con monto de cuadricula
1900|52163|SEXTO|Ordinario|etiqueta de caja con monto de cuadricula
1900|54247|SEGUNDO|Ordinario|etiqueta de caja con monto de cuadricula
1901|14975|MAYOR|Ordinario|banner: monto de cuadricula
1901|50552|MAYOR|Ordinario|banner: monto de cuadricula
1901|59473|MAYOR|Ordinario|banner: monto de cuadricula
1901|10764|TERCER|Ordinario|etiqueta de caja con monto de cuadricula
1901|34124|TERCER|Ordinario|etiqueta de caja con monto de cuadricula
1901|58843|SEGUNDO|Ordinario|etiqueta de caja con monto de cuadricula
1902|11626|MAYOR|Ordinario|banner: monto de cuadricula
1902|46291|MAYOR|Ordinario|banner: monto de cuadricula
1902|13405|TERCER|Ordinario|etiqueta de caja con monto de cuadricula
1902|24918|SEGUNDO|Ordinario|etiqueta de caja con monto de cuadricula
1903|14765|MAYOR|Ordinario|banner: monto de cuadricula
1903|48286|MAYOR|Ordinario|banner: monto de cuadricula
1903|57111|MAYOR|Ordinario|banner: monto de cuadricula
1903|57113|MAYOR|Ordinario|banner: monto de cuadricula
1903|12771|SEGUNDO|Ordinario|etiqueta de caja con monto de cuadricula
1903|15420|TERCER|Ordinario|etiqueta de caja con monto de cuadricula
1903|21521|TERCER|Ordinario|etiqueta de caja con monto de cuadricula
1903|28411|CUARTO|Ordinario|etiqueta de caja con monto de cuadricula
1903|36493|SEXTO|Ordinario|etiqueta de caja con monto de cuadricula
1904|12390|MAYOR|Ordinario|banner: monto de cuadricula
1904|47587|MAYOR|Ordinario|banner: monto de cuadricula
1904|08788|QUINTO|Ordinario|etiqueta de caja con monto de cuadricula
1904|17090|TERCER|Ordinario|etiqueta de caja con monto de cuadricula
1904|26087|TERCER|Ordinario|etiqueta de caja con monto de cuadricula
1904|56095|SEGUNDO|Ordinario|etiqueta de caja con monto de cuadricula
1905|12097|MAYOR|Ordinario|banner: monto de cuadricula
1905|38620|MAYOR|Ordinario|banner: monto de cuadricula
1905|46526|MAYOR|Ordinario|banner: monto de cuadricula
1905|11649|CUARTO|Ordinario|etiqueta de caja con monto de cuadricula
1905|19775|SEGUNDO|Ordinario|etiqueta de caja con monto de cuadricula
1905|59491|TERCER|Ordinario|etiqueta de caja con monto de cuadricula
1906|13800|MAYOR|Ordinario|banner: monto de cuadricula
1906|13873|MAYOR|Ordinario|banner: monto de cuadricula
1906|48288|MAYOR|Ordinario|banner: monto de cuadricula
1906|12109|TERCER|Ordinario|etiqueta de caja con monto de cuadricula
1906|28076|SEGUNDO|Ordinario|etiqueta de caja con monto de cuadricula
1906|51480|TERCER|Ordinario|etiqueta de caja con monto de cuadricula
1907|14877|MAYOR|Ordinario|banner: monto de cuadricula
1907|27671|MAYOR|Ordinario|banner: monto de cuadricula
1907|34333|MAYOR|Ordinario|banner: monto de cuadricula
1907|45920|MAYOR|Ordinario|banner: monto de cuadricula
1907|27672|Ordinario|MAYOR|casa con la nota (monto destacado o grafico)
1907|20311|TERCER|Ordinario|etiqueta de caja con monto de cuadricula
1907|34202|TERCER|Ordinario|etiqueta de caja con monto de cuadricula
1907|42442|SEGUNDO|Ordinario|etiqueta de caja con monto de cuadricula
1908|13606|MAYOR|Ordinario|banner: monto de cuadricula
1908|48934|MAYOR|Ordinario|banner: monto de cuadricula
1908|60255|MAYOR|Ordinario|banner: monto de cuadricula
1908|60256|Ordinario|MAYOR|casa con la nota (monto destacado o grafico)
1908|07814|TERCER|Ordinario|etiqueta de caja con monto de cuadricula
1908|29262|SEGUNDO|Ordinario|etiqueta de caja con monto de cuadricula
1908|40725|TERCER|Ordinario|etiqueta de caja con monto de cuadricula
1909|20381|MAYOR|Ordinario|banner: monto de cuadricula
1909|47316|MAYOR|Ordinario|banner: monto de cuadricula
1909|11874|CUARTO|Ordinario|etiqueta de caja con monto de cuadricula
1909|25662|TERCER|Ordinario|etiqueta de caja con monto de cuadricula
1909|44639|SEGUNDO|Ordinario|etiqueta de caja con monto de cuadricula
1909|46592|TERCER|Ordinario|etiqueta de caja con monto de cuadricula
1910|17077|MAYOR|Ordinario|banner: monto de cuadricula
1910|51008|MAYOR|Ordinario|banner: monto de cuadricula
1910|59099|MAYOR|Ordinario|banner: monto de cuadricula
1910|19888|SEGUNDO|Ordinario|etiqueta de caja con monto de cuadricula
1910|36362|CUARTO|Ordinario|etiqueta de caja con monto de cuadricula
1911|13690|MAYOR|Ordinario|banner: monto de cuadricula
1911|45560|MAYOR|Ordinario|banner: monto de cuadricula
1911|33597|SEGUNDO|Ordinario|etiqueta de caja con monto de cuadricula
1926|16313|MAYOR|Ordinario|banner: monto de cuadricula
1926|40392|MAYOR|Ordinario|banner: monto de cuadricula
1926|49434|MAYOR|Ordinario|banner: monto de cuadricula
1926|16314|Ordinario|MAYOR|casa con la nota (monto destacado o grafico)
1927|01807|MAYOR|Ordinario|banner: monto de cuadricula
1927|13374|MAYOR|Ordinario|banner: monto de cuadricula
1927|15783|MAYOR|Ordinario|banner: monto de cuadricula
1927|42099|MAYOR|Ordinario|banner: monto de cuadricula
1927|46178|MAYOR|Ordinario|banner: monto de cuadricula
1927|08056|Ordinario|MAYOR|casa con la nota (monto destacado o grafico)
1927|04769|QUINTO|Ordinario|etiqueta de caja con monto de cuadricula
1927|22302|SEXTO|Ordinario|etiqueta de caja con monto de cuadricula
1927|31550|SEGUNDO|Ordinario|etiqueta de caja con monto de cuadricula
1927|45083|CUARTO|Ordinario|etiqueta de caja con monto de cuadricula
1927|45337|QUINTO|Ordinario|etiqueta de caja con monto de cuadricula
1928|14680|MAYOR|Ordinario|banner: monto de cuadricula
1928|23690|MAYOR|Ordinario|banner: monto de cuadricula
1928|48179|MAYOR|Ordinario|banner: monto de cuadricula
1928|11367|SEXTO|Ordinario|etiqueta de caja con monto de cuadricula
1928|12916|QUINTO|Ordinario|etiqueta de caja con monto de cuadricula
1928|28151|SEGUNDO|Ordinario|etiqueta de caja con monto de cuadricula
1928|38116|TERCER|Ordinario|etiqueta de caja con monto de cuadricula
1929|17040|MAYOR|Ordinario|banner: monto de cuadricula
1929|21715|MAYOR|Ordinario|banner: monto de cuadricula
1929|47637|MAYOR|Ordinario|banner: monto de cuadricula
1929|27615|SEGUNDO|Ordinario|etiqueta de caja con monto de cuadricula
1930|14948|MAYOR|Ordinario|banner: monto de cuadricula
1930|46084|MAYOR|Ordinario|banner: monto de cuadricula
1930|47060|MAYOR|Ordinario|banner: monto de cuadricula
1930|46085|Ordinario|MAYOR|casa con la nota (monto destacado o grafico)
1930|09395|TERCER|Ordinario|etiqueta de caja con monto de cuadricula
1930|57157|SEGUNDO|Ordinario|etiqueta de caja con monto de cuadricula
1931|13858|MAYOR|Ordinario|banner: monto de cuadricula
1931|50613|MAYOR|Ordinario|banner: monto de cuadricula
1931|55027|MAYOR|Ordinario|banner: monto de cuadricula
1931|06111|SEGUNDO|Ordinario|etiqueta de caja con monto de cuadricula
1931|13186|TERCER|Ordinario|etiqueta de caja con monto de cuadricula
1931|53721|QUINTO|Ordinario|etiqueta de caja con monto de cuadricula
1932|14066|MAYOR|Ordinario|banner: monto de cuadricula
1932|46531|MAYOR|Ordinario|banner: monto de cuadricula
1932|03042|SEGUNDO|Ordinario|etiqueta de caja con monto de cuadricula
1932|13363|QUINTO|Ordinario|etiqueta de caja con monto de cuadricula
1932|21428|TERCER|Ordinario|etiqueta de caja con monto de cuadricula
1933|14048|MAYOR|Ordinario|banner: monto de cuadricula
1933|42108|MAYOR|Ordinario|banner: monto de cuadricula
1933|46126|MAYOR|Ordinario|banner: monto de cuadricula
1933|53533|MAYOR|Ordinario|banner: monto de cuadricula
1933|11742|TERCER|Ordinario|etiqueta de caja con monto de cuadricula
1933|27495|CUARTO|Ordinario|etiqueta de caja con monto de cuadricula
1933|48375|SEGUNDO|Ordinario|etiqueta de caja con monto de cuadricula
1934|15159|MAYOR|Ordinario|banner: monto de cuadricula
1934|18542|MAYOR|Ordinario|banner: monto de cuadricula
1934|45996|MAYOR|Ordinario|banner: monto de cuadricula
1934|18543|Ordinario|MAYOR|casa con la nota (monto destacado o grafico)
1934|12978|QUINTO|Ordinario|etiqueta de caja con monto de cuadricula
1934|36571|SEGUNDO|Ordinario|etiqueta de caja con monto de cuadricula
1935|13989|MAYOR|Ordinario|banner: monto de cuadricula
1935|43898|MAYOR|Ordinario|banner: monto de cuadricula
1935|45695|MAYOR|Ordinario|banner: monto de cuadricula
1935|01219|SEXTO|Ordinario|etiqueta de caja con monto de cuadricula
1935|16248|TERCER|Ordinario|etiqueta de caja con monto de cuadricula
1935|17629|SEGUNDO|Ordinario|etiqueta de caja con monto de cuadricula
1936|15823|MAYOR|Ordinario|banner: monto de cuadricula
1936|46008|MAYOR|Ordinario|banner: monto de cuadricula
1936|49517|TERCER|Ordinario|etiqueta de caja con monto de cuadricula
1937|05795|MAYOR|Ordinario|banner: monto de cuadricula
1937|11560|MAYOR|Ordinario|banner: monto de cuadricula
1937|46602|MAYOR|Ordinario|banner: monto de cuadricula
1937|05796|Ordinario|MAYOR|casa con la nota (monto destacado o grafico)
1937|11004|CUARTO|Ordinario|etiqueta de caja con monto de cuadricula
1937|16680|TERCER|Ordinario|etiqueta de caja con monto de cuadricula
1937|52146|SEGUNDO|Ordinario|etiqueta de caja con monto de cuadricula
1938|16545|MAYOR|Ordinario|banner: monto de cuadricula
1938|48805|MAYOR|Ordinario|banner: monto de cuadricula
1938|56107|MAYOR|Ordinario|banner: monto de cuadricula
1938|04719|SEXTO|Ordinario|etiqueta de caja con monto de cuadricula
1938|26652|SEGUNDO|Ordinario|etiqueta de caja con monto de cuadricula
1938|31393|TERCER|Ordinario|etiqueta de caja con monto de cuadricula
1939|04521|MAYOR|Ordinario|banner: monto de cuadricula
1939|10965|MAYOR|Ordinario|banner: monto de cuadricula
1939|48937|MAYOR|Ordinario|banner: monto de cuadricula
1939|04522|Ordinario|MAYOR|casa con la nota (monto destacado o grafico)
1939|02332|SEXTO|Ordinario|etiqueta de caja con monto de cuadricula
1939|06128|SEXTO|Ordinario|etiqueta de caja con monto de cuadricula
1939|16083|TERCER|Ordinario|etiqueta de caja con monto de cuadricula
1940|14059|MAYOR|Ordinario|banner: monto de cuadricula
1940|45673|MAYOR|Ordinario|banner: monto de cuadricula
1940|19894|QUINTO|Ordinario|etiqueta de caja con monto de cuadricula
1940|43940|SEGUNDO|Ordinario|etiqueta de caja con monto de cuadricula
1941|16570|MAYOR|Ordinario|banner: monto de cuadricula
1941|17584|MAYOR|Ordinario|banner: monto de cuadricula
1941|42080|MAYOR|Ordinario|banner: monto de cuadricula
1941|17585|Ordinario|MAYOR|casa con la nota (monto destacado o grafico)
1941|26668|QUINTO|Ordinario|etiqueta de caja con monto de cuadricula
1941|35360|QUINTO|Ordinario|etiqueta de caja con monto de cuadricula
1941|41536|CUARTO|Ordinario|etiqueta de caja con monto de cuadricula
1941|51329|SEXTO|Ordinario|etiqueta de caja con monto de cuadricula
1942|09959|MAYOR|Ordinario|banner: monto de cuadricula
1942|12900|MAYOR|Ordinario|banner: monto de cuadricula
1942|47910|MAYOR|Ordinario|banner: monto de cuadricula
1942|09960|Ordinario|MAYOR|casa con la nota (monto destacado o grafico)
1942|15182|QUINTO|Ordinario|etiqueta de caja con monto de cuadricula
1942|22459|SEGUNDO|Ordinario|etiqueta de caja con monto de cuadricula
1943|16678|MAYOR|Ordinario|banner: monto de cuadricula
1943|47212|MAYOR|Ordinario|banner: monto de cuadricula
1943|19915|SEGUNDO|Ordinario|etiqueta de caja con monto de cuadricula
1943|41012|TERCER|Ordinario|etiqueta de caja con monto de cuadricula
1944|15495|MAYOR|Ordinario|banner: monto de cuadricula
1944|47948|MAYOR|Ordinario|banner: monto de cuadricula
1944|09224|CUARTO|Ordinario|etiqueta de caja con monto de cuadricula
1944|40028|SEGUNDO|Ordinario|etiqueta de caja con monto de cuadricula
1945|09226|MAYOR|Ordinario|banner: monto de cuadricula
1945|07296|MAYOR|Ordinario|banner: monto de cuadricula
1945|38660|MAYOR|Ordinario|banner: monto de cuadricula
1945|09227|Ordinario|MAYOR|casa con la nota (monto destacado o grafico)
1945|11093|SEXTO|Ordinario|etiqueta de caja con monto de cuadricula
1945|16848|QUINTO|Ordinario|etiqueta de caja con monto de cuadricula
1945|17144|SEGUNDO|Ordinario|etiqueta de caja con monto de cuadricula
1977|13973|MAYOR|Ordinario|banner: monto de cuadricula
1977|47194|MAYOR|Ordinario|banner: monto de cuadricula
1977|11823|TERCER|Ordinario|etiqueta de caja con monto de cuadricula
1977|36686|CUARTO|Ordinario|etiqueta de caja con monto de cuadricula
1977|51970|SEGUNDO|Ordinario|etiqueta de caja con monto de cuadricula
1978|16229|MAYOR|Ordinario|banner: monto de cuadricula
1978|37808|MAYOR|Ordinario|banner: monto de cuadricula
1978|48103|MAYOR|Ordinario|banner: monto de cuadricula
1978|37809|Ordinario|MAYOR|casa con la nota (monto destacado o grafico)
1978|43541|TERCER|Ordinario|etiqueta de caja con monto de cuadricula
1978|50847|SEGUNDO|Ordinario|etiqueta de caja con monto de cuadricula
1978|54169|QUINTO|Ordinario|etiqueta de caja con monto de cuadricula
1979|17098|MAYOR|Ordinario|banner: monto de cuadricula
1979|49451|MAYOR|Ordinario|banner: monto de cuadricula
1979|28693|SEGUNDO|Ordinario|etiqueta de caja con monto de cuadricula
1979|45226|TERCER|Ordinario|etiqueta de caja con monto de cuadricula
1980|15752|MAYOR|Ordinario|banner: monto de cuadricula
1980|49326|MAYOR|Ordinario|banner: monto de cuadricula
1980|53082|SEGUNDO|Ordinario|etiqueta de caja con monto de cuadricula
1980|59831|TERCER|Ordinario|etiqueta de caja con monto de cuadricula
1981|16764|MAYOR|Ordinario|banner: monto de cuadricula
1981|49749|MAYOR|Ordinario|banner: monto de cuadricula
1981|13019|CUARTO|Ordinario|etiqueta de caja con monto de cuadricula
1981|50842|TERCER|Ordinario|etiqueta de caja con monto de cuadricula
1981|58644|TERCER|Ordinario|etiqueta de caja con monto de cuadricula
1982|15906|MAYOR|Ordinario|banner: monto de cuadricula
1982|50525|MAYOR|Ordinario|banner: monto de cuadricula
1982|58665|MAYOR|Ordinario|banner: monto de cuadricula
1982|34413|SEGUNDO|Ordinario|etiqueta de caja con monto de cuadricula
1982|40459|QUINTO|Ordinario|etiqueta de caja con monto de cuadricula
1982|59310|CUARTO|Ordinario|etiqueta de caja con monto de cuadricula
1982|59858|TERCER|Ordinario|etiqueta de caja con monto de cuadricula
1983|13698|MAYOR|Ordinario|banner: monto de cuadricula
1983|46154|MAYOR|Ordinario|banner: monto de cuadricula
1983|37635|CUARTO|Ordinario|etiqueta de caja con monto de cuadricula
1983|47909|TERCER|Ordinario|etiqueta de caja con monto de cuadricula
1984|14767|MAYOR|Ordinario|banner: monto de cuadricula
1984|48945|MAYOR|Ordinario|banner: monto de cuadricula
1984|60147|MAYOR|Ordinario|banner: monto de cuadricula
1984|04012|SEGUNDO|Ordinario|etiqueta de caja con monto de cuadricula
1984|47863|TERCER|Ordinario|etiqueta de caja con monto de cuadricula
1985|15473|MAYOR|Ordinario|banner: monto de cuadricula
1985|49542|MAYOR|Ordinario|banner: monto de cuadricula
1985|10244|QUINTO|Ordinario|etiqueta de caja con monto de cuadricula
1985|19587|TERCER|Ordinario|etiqueta de caja con monto de cuadricula
1985|37936|SEXTO|Ordinario|etiqueta de caja con monto de cuadricula
1985|33257|CUARTO|Ordinario|etiqueta de caja con monto de cuadricula
1985|58362|SEGUNDO|Ordinario|etiqueta de caja con monto de cuadricula
1985|60409|TERCER|Ordinario|etiqueta de caja con monto de cuadricula
1986|02535|QUINTO|Ordinario|etiqueta de caja con monto de cuadricula
1986|17941|SEGUNDO|Ordinario|etiqueta de caja con monto de cuadricula
1986|47738|TERCER|Ordinario|etiqueta de caja con monto de cuadricula
1987|07955|MAYOR|Ordinario|banner: monto de cuadricula
1987|40665|MAYOR|Ordinario|banner: monto de cuadricula
1987|46865|MAYOR|Ordinario|banner: monto de cuadricula
1987|14502|SEGUNDO|Ordinario|etiqueta de caja con monto de cuadricula
1988|09909|MAYOR|Ordinario|banner: monto de cuadricula
1988|42566|MAYOR|Ordinario|banner: monto de cuadricula
1988|45669|MAYOR|Ordinario|banner: monto de cuadricula
1988|45670|Ordinario|MAYOR|casa con la nota (monto destacado o grafico)
1988|17028|QUINTO|Ordinario|etiqueta de caja con monto de cuadricula
1988|18004|SEGUNDO|Ordinario|etiqueta de caja con monto de cuadricula
1988|22838|SEXTO|Ordinario|etiqueta de caja con monto de cuadricula
1988|27401|TERCER|Ordinario|etiqueta de caja con monto de cuadricula
1988|46919|QUINTO|Ordinario|etiqueta de caja con monto de cuadricula
1988|54886|TERCER|Ordinario|etiqueta de caja con monto de cuadricula
1989|14528|MAYOR|Ordinario|banner: monto de cuadricula
1989|50249|MAYOR|Ordinario|banner: monto de cuadricula
1989|16399|SEGUNDO|Ordinario|etiqueta de caja con monto de cuadricula
1989|18348|CUARTO|Ordinario|etiqueta de caja con monto de cuadricula
1989|57542|TERCER|Ordinario|etiqueta de caja con monto de cuadricula
1990|11524|MAYOR|Ordinario|banner: monto de cuadricula
1990|45506|MAYOR|Ordinario|banner: monto de cuadricula
1990|01684|QUINTO|Ordinario|etiqueta de caja con monto de cuadricula
1990|08442|SEGUNDO|Ordinario|etiqueta de caja con monto de cuadricula
1990|09788|CUARTO|Ordinario|etiqueta de caja con monto de cuadricula
1990|44609|TERCER|Ordinario|etiqueta de caja con monto de cuadricula
1991|15617|MAYOR|Ordinario|banner: monto de cuadricula
1991|36101|MAYOR|Ordinario|banner: monto de cuadricula
1991|45222|MAYOR|Ordinario|banner: monto de cuadricula
1991|45293|MAYOR|Ordinario|banner: monto de cuadricula
1991|39021|Ordinario|MAYOR|casa con la nota (monto destacado o grafico)
1991|34432|SEGUNDO|Ordinario|etiqueta de caja con monto de cuadricula
1991|37826|TERCER|Ordinario|etiqueta de caja con monto de cuadricula
1992|16205|MAYOR|Ordinario|banner: monto de cuadricula
1992|47340|MAYOR|Ordinario|banner: monto de cuadricula
1992|51413|CUARTO|Ordinario|etiqueta de caja con monto de cuadricula
1992|54745|SEGUNDO|Ordinario|etiqueta de caja con monto de cuadricula
2000|08797|MAYOR|Ordinario|banner: monto de cuadricula
2000|34015|MAYOR|Ordinario|banner: monto de cuadricula
2000|18157|SEGUNDO|Ordinario|etiqueta de caja con monto de cuadricula
2005|15942|MAYOR|Ordinario|banner: monto de cuadricula
2005|28853|MAYOR|Ordinario|banner: monto de cuadricula
2005|42321|MAYOR|Ordinario|banner: monto de cuadricula
2005|28854|Ordinario|MAYOR|casa con la nota (monto destacado o grafico)
2005|29982|SEGUNDO|Ordinario|etiqueta de caja con monto de cuadricula
2005|49546|CUARTO|Ordinario|etiqueta de caja con monto de cuadricula
2005|54883|TERCER|Ordinario|etiqueta de caja con monto de cuadricula
2006|03434|MAYOR|Ordinario|banner: monto de cuadricula
2006|13539|MAYOR|Ordinario|banner: monto de cuadricula
2006|14122|MAYOR|Ordinario|banner: monto de cuadricula
2006|48915|MAYOR|Ordinario|banner: monto de cuadricula
2006|08593|SEXTO|MAYOR|casa con la nota (monto destacado o grafico)
2006|36080|SEGUNDO|Ordinario|etiqueta de caja con monto de cuadricula
2006|34297|TERCER|Ordinario|etiqueta de caja con monto de cuadricula
2007|14240|MAYOR|Ordinario|banner: monto de cuadricula
2007|46115|MAYOR|Ordinario|banner: monto de cuadricula
2007|02425|TERCER|Ordinario|etiqueta de caja con monto de cuadricula
2007|26492|SEGUNDO|Ordinario|etiqueta de caja con monto de cuadricula
2007|33255|CUARTO|Ordinario|etiqueta de caja con monto de cuadricula
2007|41170|QUINTO|Ordinario|etiqueta de caja con monto de cuadricula
2008|15575|MAYOR|Ordinario|banner: monto de cuadricula
2008|48498|MAYOR|Ordinario|banner: monto de cuadricula
2008|17079|SEGUNDO|Ordinario|etiqueta de caja con monto de cuadricula
2008|17327|CUARTO|Ordinario|etiqueta de caja con monto de cuadricula
2009|14782|MAYOR|Ordinario|banner: monto de cuadricula
2009|47911|MAYOR|Ordinario|banner: monto de cuadricula
2009|06777|SEXTO|Ordinario|etiqueta de caja con monto de cuadricula
2009|27249|SEGUNDO|Ordinario|etiqueta de caja con monto de cuadricula
2009|52852|QUINTO|Ordinario|etiqueta de caja con monto de cuadricula
2009|55448|CUARTO|Ordinario|etiqueta de caja con monto de cuadricula
2009|60577|TERCER|Ordinario|etiqueta de caja con monto de cuadricula
2010|14466|MAYOR|Ordinario|banner: monto de cuadricula
2010|49826|MAYOR|Ordinario|banner: monto de cuadricula
2010|08940|SEXTO|Ordinario|etiqueta de caja con monto de cuadricula
2010|50573|SEGUNDO|Ordinario|etiqueta de caja con monto de cuadricula
2011|15963|MAYOR|Ordinario|banner: monto de cuadricula
2011|39019|MAYOR|Ordinario|banner: monto de cuadricula
2011|46916|MAYOR|Ordinario|banner: monto de cuadricula
2011|13234|TERCER|Ordinario|etiqueta de caja con monto de cuadricula
2011|34861|SEGUNDO|Ordinario|etiqueta de caja con monto de cuadricula
2011|57194|SEXTO|Ordinario|etiqueta de caja con monto de cuadricula
2012|16802|MAYOR|Ordinario|banner: monto de cuadricula
2012|44919|MAYOR|Ordinario|banner: monto de cuadricula
2012|50615|MAYOR|Ordinario|banner: monto de cuadricula
2012|23115|TERCER|Ordinario|etiqueta de caja con monto de cuadricula
2012|47967|SEGUNDO|Ordinario|etiqueta de caja con monto de cuadricula
2013|10716|MAYOR|Ordinario|banner: monto de cuadricula
2013|10720|MAYOR|Ordinario|banner: monto de cuadricula
2013|40030|MAYOR|Ordinario|banner: monto de cuadricula
2013|10717|Ordinario|MAYOR|casa con la nota (monto destacado o grafico)
2013|09844|CUARTO|Ordinario|etiqueta de caja con monto de cuadricula
2013|04194|TERCER|Ordinario|etiqueta de caja con monto de cuadricula
2013|16084|TERCER|Ordinario|etiqueta de caja con monto de cuadricula
2013|46234|SEGUNDO|Ordinario|etiqueta de caja con monto de cuadricula
2014|18068|MAYOR|Ordinario|banner: monto de cuadricula
2014|44814|MAYOR|Ordinario|banner: monto de cuadricula
2014|46479|MAYOR|Ordinario|banner: monto de cuadricula
2014|51065|MAYOR|Ordinario|banner: monto de cuadricula
2014|34290|TERCER|Ordinario|etiqueta de caja con monto de cuadricula
2014|45231|TERCER|Ordinario|etiqueta de caja con monto de cuadricula
2014|43070|CUARTO|Ordinario|etiqueta de caja con monto de cuadricula
2015|10735|MAYOR|Ordinario|banner: monto de cuadricula
2015|15445|MAYOR|Ordinario|banner: monto de cuadricula
2015|36905|MAYOR|Ordinario|banner: monto de cuadricula
2015|46275|MAYOR|Ordinario|banner: monto de cuadricula
2015|09665|Ordinario|MAYOR|casa con la nota (monto destacado o grafico)
2015|21861|SEGUNDO|Ordinario|etiqueta de caja con monto de cuadricula
2015|39041|SEGUNDO|Ordinario|etiqueta de caja con monto de cuadricula
2016|15160|MAYOR|Ordinario|banner: monto de cuadricula
2016|49869|MAYOR|Ordinario|banner: monto de cuadricula
2016|49871|Ordinario|MAYOR|casa con la nota (monto destacado o grafico)
2016|09075|CUARTO|Ordinario|etiqueta de caja con monto de cuadricula
2016|16346|SEGUNDO|Ordinario|etiqueta de caja con monto de cuadricula
2016|25948|QUINTO|Ordinario|etiqueta de caja con monto de cuadricula
2016|30097|QUINTO|Ordinario|etiqueta de caja con monto de cuadricula
2016|49874|TERCER|Ordinario|etiqueta de caja con monto de cuadricula
2017|01201|TERCER|Ordinario|etiqueta de caja con monto de cuadricula
2017|23293|SEXTO|Ordinario|etiqueta de caja con monto de cuadricula
2017|48749|SEXTO|Ordinario|etiqueta de caja con monto de cuadricula
2017|54025|QUINTO|Ordinario|etiqueta de caja con monto de cuadricula
2017|55925|SEGUNDO|Ordinario|etiqueta de caja con monto de cuadricula
2018|01322|MAYOR|Ordinario|banner: monto de cuadricula
2018|11944|MAYOR|Ordinario|banner: monto de cuadricula
2018|13771|MAYOR|Ordinario|banner: monto de cuadricula
2018|45880|MAYOR|Ordinario|banner: monto de cuadricula
2018|07325|Ordinario|MAYOR|casa con la nota (monto destacado o grafico)
2018|03924|SEXTO|Ordinario|etiqueta de caja con monto de cuadricula
2018|10685|SEXTO|Ordinario|etiqueta de caja con monto de cuadricula
2018|19257|SEGUNDO|Ordinario|etiqueta de caja con monto de cuadricula
2018|23575|CUARTO|Ordinario|etiqueta de caja con monto de cuadricula
2018|42720|TERCER|Ordinario|etiqueta de caja con monto de cuadricula
2019|14787|MAYOR|Ordinario|banner: monto de cuadricula
2019|33980|MAYOR|Ordinario|banner: monto de cuadricula
2019|49227|MAYOR|Ordinario|banner: monto de cuadricula
2019|39463|SEXTO|MAYOR|casa con la nota (monto destacado o grafico)
2019|11168|QUINTO|Ordinario|etiqueta de caja con monto de cuadricula
2019|39039|SEXTO|Ordinario|etiqueta de caja con monto de cuadricula
2019|52674|CUARTO|Ordinario|etiqueta de caja con monto de cuadricula
2019|58561|SEGUNDO|Ordinario|etiqueta de caja con monto de cuadricula
2020|13487|MAYOR|Ordinario|banner: monto de cuadricula
2020|47520|MAYOR|Ordinario|banner: monto de cuadricula
2020|53225|MAYOR|Ordinario|banner: monto de cuadricula
2020|53227|MAYOR|Ordinario|banner: monto de cuadricula
2020|53226|Ordinario|MAYOR|casa con la nota (monto destacado o grafico)
2020|01187|QUINTO|Ordinario|etiqueta de caja con monto de cuadricula
2020|08901|TERCER|Ordinario|etiqueta de caja con monto de cuadricula
2020|20033|SEXTO|Ordinario|etiqueta de caja con monto de cuadricula
2020|34361|SEGUNDO|Ordinario|etiqueta de caja con monto de cuadricula
2021|13053|MAYOR|Ordinario|banner: monto de cuadricula
2021|36851|MAYOR|Destacado|REVISAR: mayor falso, nivel real por determinar
2021|47484|MAYOR|Ordinario|banner: monto de cuadricula
2021|09203|SEXTO|Ordinario|etiqueta de caja con monto de cuadricula
2021|06059|SEGUNDO|Ordinario|etiqueta de caja con monto de cuadricula
2021|33299|QUINTO|Ordinario|etiqueta de caja con monto de cuadricula
2021|49890|SEXTO|Ordinario|etiqueta de caja con monto de cuadricula
2022|17235|MAYOR|Ordinario|banner: monto de cuadricula
2022|29428|MAYOR|Ordinario|banner: monto de cuadricula
2022|47997|MAYOR|Ordinario|banner: monto de cuadricula
2022|29429|Ordinario|MAYOR|casa con la nota (monto destacado o grafico)
2022|09654|TERCER|Ordinario|etiqueta de caja con monto de cuadricula
2022|20212|SEGUNDO|Ordinario|etiqueta de caja con monto de cuadricula
2022|39557|TERCER|Ordinario|etiqueta de caja con monto de cuadricula
2022|58449|CUARTO|Ordinario|etiqueta de caja con monto de cuadricula
2023|05038|MAYOR|Ordinario|banner: monto de cuadricula
2023|11196|MAYOR|Ordinario|banner: monto de cuadricula
2023|11565|MAYOR|Ordinario|banner: monto de cuadricula
2023|45187|MAYOR|Ordinario|banner: monto de cuadricula
2023|11814|SEXTO|Ordinario|etiqueta de caja con monto de cuadricula
2023|12231|TERCER|Ordinario|etiqueta de caja con monto de cuadricula
2023|22371|SEGUNDO|Ordinario|etiqueta de caja con monto de cuadricula
2024|11595|MAYOR|Ordinario|banner: monto de cuadricula
2024|11917|MAYOR|Ordinario|banner: monto de cuadricula
2024|45920|MAYOR|Ordinario|banner: monto de cuadricula
2024|32922|SEGUNDO|Ordinario|etiqueta de caja con monto de cuadricula
2024|28296|CUARTO|Ordinario|etiqueta de caja con monto de cuadricula
2025|21251|MAYOR|Ordinario|banner: monto de cuadricula
2025|22089|MAYOR|Ordinario|banner: monto de cuadricula
2025|46510|MAYOR|Ordinario|banner: monto de cuadricula
2025|22090|Ordinario|MAYOR|casa con la nota (monto destacado o grafico)
2025|11320|TERCER|Ordinario|etiqueta de caja con monto de cuadricula
2025|12963|SEGUNDO|Ordinario|etiqueta de caja con monto de cuadricula
2025|08396|SEXTO|Ordinario|etiqueta de caja con monto de cuadricula
2026|17874|MAYOR|Ordinario|banner: monto de cuadricula
2026|51767|MAYOR|Ordinario|banner: monto de cuadricula
2026|23218|TERCER|Ordinario|etiqueta de caja con monto de cuadricula
2026|23391|TERCER|Ordinario|etiqueta de caja con monto de cuadricula
2026|45302|CUARTO|Ordinario|etiqueta de caja con monto de cuadricula
2026|53776|SEXTO|Ordinario|etiqueta de caja con monto de cuadricula
2026|55287|SEGUNDO|Ordinario|etiqueta de caja con monto de cuadricula
2027|16117|MAYOR|Ordinario|banner: monto de cuadricula
2027|49631|MAYOR|Ordinario|banner: monto de cuadricula
2027|35941|TERCER|Ordinario|etiqueta de caja con monto de cuadricula
2027|47699|SEGUNDO|Ordinario|etiqueta de caja con monto de cuadricula
2027|54506|SEXTO|Ordinario|etiqueta de caja con monto de cuadricula
2028|16565|MAYOR|Ordinario|banner: monto de cuadricula
2028|41417|MAYOR|Ordinario|banner: monto de cuadricula
2028|51007|MAYOR|Ordinario|banner: monto de cuadricula
2028|27780|Ordinario|MAYOR|casa con la nota (monto destacado o grafico)
2028|24308|TERCER|Ordinario|etiqueta de caja con monto de cuadricula
2028|40236|QUINTO|Ordinario|etiqueta de caja con monto de cuadricula
2028|44224|QUINTO|Ordinario|etiqueta de caja con monto de cuadricula
2028|49826|SEGUNDO|Ordinario|etiqueta de caja con monto de cuadricula
2028|55837|SEXTO|Ordinario|etiqueta de caja con monto de cuadricula
2029|15277|MAYOR|Ordinario|banner: monto de cuadricula
2029|47796|MAYOR|Ordinario|banner: monto de cuadricula
2029|04327|SEXTO|Ordinario|etiqueta de caja con monto de cuadricula
2029|08110|SEXTO|Ordinario|etiqueta de caja con monto de cuadricula
2029|32592|CUARTO|Ordinario|etiqueta de caja con monto de cuadricula
2029|39078|QUINTO|Ordinario|etiqueta de caja con monto de cuadricula
2029|50380|TERCER|Ordinario|etiqueta de caja con monto de cuadricula
2029|51694|SEGUNDO|Ordinario|etiqueta de caja con monto de cuadricula
2030|13988|MAYOR|Ordinario|banner: monto de cuadricula
2030|48359|MAYOR|Ordinario|banner: monto de cuadricula
2030|20502|CUARTO|Ordinario|etiqueta de caja con monto de cuadricula
2030|40444|SEGUNDO|Ordinario|etiqueta de caja con monto de cuadricula
2031|14694|MAYOR|Ordinario|banner: monto de cuadricula
2031|49747|MAYOR|Ordinario|banner: monto de cuadricula
2031|58000|MAYOR|Ordinario|banner: monto de cuadricula
2031|29340|TERCER|Ordinario|etiqueta de caja con monto de cuadricula
2031|35317|SEXTO|Ordinario|etiqueta de caja con monto de cuadricula
2031|58486|SEGUNDO|Ordinario|etiqueta de caja con monto de cuadricula
2032|16318|MAYOR|Ordinario|banner: monto de cuadricula
2032|49638|MAYOR|Ordinario|banner: monto de cuadricula
2032|16439|CUARTO|Ordinario|etiqueta de caja con monto de cuadricula
2032|22929|SEXTO|Ordinario|etiqueta de caja con monto de cuadricula
2032|48353|SEGUNDO|Ordinario|etiqueta de caja con monto de cuadricula
2032|52805|TERCER|Ordinario|etiqueta de caja con monto de cuadricula
2033|14626|MAYOR|Ordinario|banner: monto de cuadricula
2033|46692|MAYOR|Ordinario|banner: monto de cuadricula
2033|16158|SEGUNDO|Ordinario|etiqueta de caja con monto de cuadricula
2033|50057|CUARTO|Ordinario|etiqueta de caja con monto de cuadricula
2034|15562|MAYOR|Ordinario|banner: monto de cuadricula
2034|44152|MAYOR|Ordinario|banner: monto de cuadricula
2034|05610|TERCER|Ordinario|etiqueta de caja con monto de cuadricula
2034|06150|SEXTO|Ordinario|etiqueta de caja con monto de cuadricula
2034|29185|TERCER|Ordinario|etiqueta de caja con monto de cuadricula
2034|29529|SEGUNDO|Ordinario|etiqueta de caja con monto de cuadricula
2034|54247|QUINTO|Ordinario|etiqueta de caja con monto de cuadricula
2034|54633|QUINTO|Ordinario|etiqueta de caja con monto de cuadricula
2035|12812|MAYOR|Ordinario|banner: monto de cuadricula
2035|17940|MAYOR|Ordinario|banner: monto de cuadricula
2035|11181|QUINTO|Ordinario|etiqueta de caja con monto de cuadricula
2035|12029|SEXTO|Ordinario|etiqueta de caja con monto de cuadricula
2035|16188|TERCER|Ordinario|etiqueta de caja con monto de cuadricula
2035|45616|SEGUNDO|Ordinario|etiqueta de caja con monto de cuadricula
2035|47003|SEXTO|Ordinario|etiqueta de caja con monto de cuadricula
2036|07996|MAYOR|Ordinario|banner: monto de cuadricula
2036|19208|MAYOR|Ordinario|banner: monto de cuadricula
2036|47021|MAYOR|Ordinario|banner: monto de cuadricula
2036|08490|SEGUNDO|Ordinario|etiqueta de caja con monto de cuadricula
2036|55656|SEXTO|Ordinario|etiqueta de caja con monto de cuadricula
2037|16474|MAYOR|Ordinario|banner: monto de cuadricula
2037|46927|MAYOR|Ordinario|banner: monto de cuadricula
2037|37950|TERCER|Ordinario|etiqueta de caja con monto de cuadricula
2037|52523|SEGUNDO|Ordinario|etiqueta de caja con monto de cuadricula
2038|14607|MAYOR|Ordinario|banner: monto de cuadricula
2038|46565|MAYOR|Ordinario|banner: monto de cuadricula
2038|01088|TERCER|Ordinario|etiqueta de caja con monto de cuadricula
2038|32823|QUINTO|Ordinario|etiqueta de caja con monto de cuadricula
2038|41518|SEGUNDO|Ordinario|etiqueta de caja con monto de cuadricula
2039|07698|MAYOR|Ordinario|banner: monto de cuadricula
2039|50315|MAYOR|Ordinario|banner: monto de cuadricula
2039|15260|SEXTO|Ordinario|etiqueta de caja con monto de cuadricula
2039|26839|SEGUNDO|Ordinario|etiqueta de caja con monto de cuadricula
2040|13959|MAYOR|Ordinario|banner: monto de cuadricula
2040|45993|MAYOR|Ordinario|banner: monto de cuadricula
2040|11546|CUARTO|Ordinario|etiqueta de caja con monto de cuadricula
2040|08393|TERCER|Ordinario|etiqueta de caja con monto de cuadricula
2040|18841|SEXTO|Ordinario|etiqueta de caja con monto de cuadricula
2041|13787|MAYOR|Ordinario|banner: monto de cuadricula
2041|39950|MAYOR|Ordinario|banner: monto de cuadricula
2041|01040|SEGUNDO|Ordinario|etiqueta de caja con monto de cuadricula
2041|47489|QUINTO|Ordinario|etiqueta de caja con monto de cuadricula
2041|49140|TERCER|Ordinario|etiqueta de caja con monto de cuadricula
2042|18685|MAYOR|Ordinario|banner: monto de cuadricula
2042|48541|MAYOR|Ordinario|banner: monto de cuadricula
2042|43629|MAYOR|Ordinario|banner: monto de cuadricula
2042|54249|MAYOR|Ordinario|banner: monto de cuadricula
2042|43820|TERCER|Ordinario|etiqueta de caja con monto de cuadricula
2042|34861|SEGUNDO|Ordinario|etiqueta de caja con monto de cuadricula
2042|35031|CUARTO|Ordinario|etiqueta de caja con monto de cuadricula
2042|58376|TERCER|Ordinario|etiqueta de caja con monto de cuadricula
2043|01266|MAYOR|Ordinario|banner: monto de cuadricula
2043|13969|MAYOR|Ordinario|banner: monto de cuadricula
2043|16157|MAYOR|Ordinario|banner: monto de cuadricula
2043|45986|MAYOR|Ordinario|banner: monto de cuadricula
2043|09230|Ordinario|MAYOR|casa con la nota (monto destacado o grafico)
2043|12292|SEXTO|Ordinario|etiqueta de caja con monto de cuadricula
2043|29943|SEGUNDO|Ordinario|etiqueta de caja con monto de cuadricula
2043|35499|CUARTO|Ordinario|etiqueta de caja con monto de cuadricula
2043|35943|TERCER|Ordinario|etiqueta de caja con monto de cuadricula
2043|36533|SEXTO|Ordinario|etiqueta de caja con monto de cuadricula
2044|07958|MAYOR|Ordinario|banner: monto de cuadricula
2044|33008|MAYOR|Ordinario|banner: monto de cuadricula
2044|35644|MAYOR|Destacado|REVISAR: mayor falso, nivel real por determinar
2044|48886|MAYOR|Ordinario|banner: monto de cuadricula
2044|41021|Ordinario|MAYOR|casa con la nota (monto destacado o grafico)
2044|15512|SEXTO|Ordinario|etiqueta de caja con monto de cuadricula
2044|47775|CUARTO|Ordinario|etiqueta de caja con monto de cuadricula
2044|54762|SEGUNDO|Ordinario|etiqueta de caja con monto de cuadricula
2045|11860|MAYOR|Ordinario|banner: monto de cuadricula
2045|46887|MAYOR|Ordinario|banner: monto de cuadricula
2045|10260|SEXTO|Ordinario|etiqueta de caja con monto de cuadricula
2045|22975|TERCER|Ordinario|etiqueta de caja con monto de cuadricula
2045|27237|SEGUNDO|Ordinario|etiqueta de caja con monto de cuadricula
2045|44057|CUARTO|Ordinario|etiqueta de caja con monto de cuadricula
2046|10597|MAYOR|Ordinario|banner: monto de cuadricula
2046|46983|MAYOR|Ordinario|banner: monto de cuadricula
2046|03835|TERCER|Ordinario|etiqueta de caja con monto de cuadricula
2046|23078|CUARTO|Ordinario|etiqueta de caja con monto de cuadricula
2046|40355|SEXTO|Ordinario|etiqueta de caja con monto de cuadricula
2046|42338|TERCER|Ordinario|etiqueta de caja con monto de cuadricula
2046|54523|SEGUNDO|Ordinario|etiqueta de caja con monto de cuadricula
2047|15424|MAYOR|Ordinario|banner: monto de cuadricula
2047|46965|MAYOR|Ordinario|banner: monto de cuadricula
2047|52560|MAYOR|Destacado|REVISAR: mayor falso, nivel real por determinar
2047|52482|SEGUNDO|Ordinario|etiqueta de caja con monto de cuadricula
2048|15085|MAYOR|Ordinario|banner: monto de cuadricula
2048|48103|MAYOR|Ordinario|banner: monto de cuadricula
2048|02064|SEGUNDO|Ordinario|etiqueta de caja con monto de cuadricula
2048|24898|SEXTO|Ordinario|etiqueta de caja con monto de cuadricula
2048|27696|CUARTO|Ordinario|etiqueta de caja con monto de cuadricula
2049|13089|MAYOR|Ordinario|banner: monto de cuadricula
2049|31152|MAYOR|Ordinario|banner: monto de cuadricula
2049|47053|MAYOR|Ordinario|banner: monto de cuadricula
2049|04019|TERCER|Ordinario|etiqueta de caja con monto de cuadricula
2049|25985|SEGUNDO|Ordinario|etiqueta de caja con monto de cuadricula
2050|08761|MAYOR|Ordinario|banner: monto de cuadricula
2050|47732|MAYOR|Ordinario|banner: monto de cuadricula
2050|27911|SEXTO|Ordinario|etiqueta de caja con monto de cuadricula
2050|42413|SEGUNDO|Ordinario|etiqueta de caja con monto de cuadricula
2051|10567|MAYOR|Ordinario|banner: monto de cuadricula
2051|47199|MAYOR|Ordinario|banner: monto de cuadricula
2051|16744|Ordinario|MAYOR|casa con la nota (monto destacado o grafico)
2051|12699|TERCER|Ordinario|etiqueta de caja con monto de cuadricula
2051|13506|TERCER|Ordinario|etiqueta de caja con monto de cuadricula
2051|15681|QUINTO|Ordinario|etiqueta de caja con monto de cuadricula
2051|21050|SEGUNDO|Ordinario|etiqueta de caja con monto de cuadricula
2051|30087|CUARTO|Ordinario|etiqueta de caja con monto de cuadricula
2052|03245|MAYOR|Ordinario|banner: monto de cuadricula
2052|11936|MAYOR|Ordinario|banner: monto de cuadricula
2052|15849|MAYOR|Ordinario|banner: monto de cuadricula
2052|49436|MAYOR|Ordinario|banner: monto de cuadricula
2052|02120|TERCER|Ordinario|etiqueta de caja con monto de cuadricula
2052|13814|SEXTO|Ordinario|etiqueta de caja con monto de cuadricula
2052|26419|CUARTO|Ordinario|etiqueta de caja con monto de cuadricula
2052|56426|SEGUNDO|Ordinario|etiqueta de caja con monto de cuadricula
2053|15369|MAYOR|Ordinario|banner: monto de cuadricula
2053|47859|MAYOR|Ordinario|banner: monto de cuadricula
2053|55287|SEGUNDO|Ordinario|etiqueta de caja con monto de cuadricula
2054|08987|MAYOR|Ordinario|banner: monto de cuadricula
2054|23932|MAYOR|Ordinario|banner: monto de cuadricula
2054|49454|MAYOR|Ordinario|banner: monto de cuadricula
2054|10008|QUINTO|Ordinario|etiqueta de caja con monto de cuadricula
2054|15448|SEXTO|Ordinario|etiqueta de caja con monto de cuadricula
2054|53342|SEGUNDO|Ordinario|etiqueta de caja con monto de cuadricula
2055|13579|MAYOR|Ordinario|banner: monto de cuadricula
2055|48616|MAYOR|Ordinario|banner: monto de cuadricula
2055|12908|CUARTO|Ordinario|etiqueta de caja con monto de cuadricula
2055|14472|TERCER|Ordinario|etiqueta de caja con monto de cuadricula
2055|34798|QUINTO|Ordinario|etiqueta de caja con monto de cuadricula
2055|39636|SEXTO|Ordinario|etiqueta de caja con monto de cuadricula
2055|58052|SEGUNDO|Ordinario|etiqueta de caja con monto de cuadricula
2056|13257|MAYOR|Ordinario|banner: monto de cuadricula
2056|43854|MAYOR|Ordinario|banner: monto de cuadricula
2056|02590|TERCER|Ordinario|etiqueta de caja con monto de cuadricula
2056|10922|QUINTO|Ordinario|etiqueta de caja con monto de cuadricula
2056|31516|CUARTO|Ordinario|etiqueta de caja con monto de cuadricula
2056|41715|SEGUNDO|Ordinario|etiqueta de caja con monto de cuadricula
2057|12688|MAYOR|Ordinario|banner: monto de cuadricula
2057|45998|MAYOR|Ordinario|banner: monto de cuadricula
2057|14250|SEGUNDO|Ordinario|etiqueta de caja con monto de cuadricula
2057|32712|CUARTO|Ordinario|etiqueta de caja con monto de cuadricula
2057|39479|SEXTO|Ordinario|etiqueta de caja con monto de cuadricula
2058|15662|MAYOR|Ordinario|banner: monto de cuadricula
2058|46126|MAYOR|Ordinario|banner: monto de cuadricula
2058|49649|MAYOR|Ordinario|banner: monto de cuadricula
2058|11630|QUINTO|Ordinario|etiqueta de caja con monto de cuadricula
2058|19132|CUARTO|Ordinario|etiqueta de caja con monto de cuadricula
2058|22769|SEGUNDO|Ordinario|etiqueta de caja con monto de cuadricula
2058|49024|SEXTO|Ordinario|etiqueta de caja con monto de cuadricula
2059|15299|MAYOR|Ordinario|banner: monto de cuadricula
2059|45786|MAYOR|Ordinario|banner: monto de cuadricula
2059|42817|Ordinario|MAYOR|casa con la nota (monto destacado o grafico)
2059|15005|CUARTO|Ordinario|etiqueta de caja con monto de cuadricula
2059|16309|TERCER|Ordinario|etiqueta de caja con monto de cuadricula
2059|37887|SEXTO|Ordinario|etiqueta de caja con monto de cuadricula
2059|44567|TERCER|Ordinario|etiqueta de caja con monto de cuadricula
2059|52757|SEGUNDO|Ordinario|etiqueta de caja con monto de cuadricula
2060|08994|MAYOR|Ordinario|banner: monto de cuadricula
2060|09049|MAYOR|Ordinario|banner: monto de cuadricula
2060|47779|MAYOR|Ordinario|banner: monto de cuadricula
2060|14397|Ordinario|MAYOR|casa con la nota (monto destacado o grafico)
2060|11083|QUINTO|Ordinario|etiqueta de caja con monto de cuadricula
2060|49129|SEGUNDO|Ordinario|etiqueta de caja con monto de cuadricula
2061|13649|MAYOR|Ordinario|banner: monto de cuadricula
2061|46575|MAYOR|Ordinario|banner: monto de cuadricula
2061|04121|TERCER|Ordinario|etiqueta de caja con monto de cuadricula
2061|34672|SEGUNDO|Ordinario|etiqueta de caja con monto de cuadricula
2061|57397|CUARTO|Ordinario|etiqueta de caja con monto de cuadricula
2062|15615|MAYOR|Ordinario|banner: monto de cuadricula
2062|45316|MAYOR|Ordinario|banner: monto de cuadricula
2062|50941|MAYOR|Ordinario|banner: monto de cuadricula
2062|45317|Ordinario|MAYOR|casa con la nota (monto destacado o grafico)
2062|14315|QUINTO|Ordinario|etiqueta de caja con monto de cuadricula
2062|08081|SEXTO|Ordinario|etiqueta de caja con monto de cuadricula
2062|51531|TERCER|Ordinario|etiqueta de caja con monto de cuadricula
2063|13822|MAYOR|Ordinario|banner: monto de cuadricula
2063|39292|MAYOR|Ordinario|banner: monto de cuadricula
2063|57893|MAYOR|Ordinario|banner: monto de cuadricula
2063|22632|Ordinario|MAYOR|casa con la nota (monto destacado o grafico)
2063|16036|SEGUNDO|Ordinario|etiqueta de caja con monto de cuadricula
2063|18197|SEXTO|Ordinario|etiqueta de caja con monto de cuadricula
2063|55137|SEGUNDO|Ordinario|etiqueta de caja con monto de cuadricula
2064|05096|MAYOR|Ordinario|banner: monto de cuadricula
2064|14202|MAYOR|Ordinario|banner: monto de cuadricula
2064|37962|MAYOR|Ordinario|banner: monto de cuadricula
2064|12563|Ordinario|MAYOR|casa con la nota (monto destacado o grafico)
2064|21139|SEGUNDO|Ordinario|etiqueta de caja con monto de cuadricula
2064|23595|QUINTO|Ordinario|etiqueta de caja con monto de cuadricula
2064|30592|QUINTO|Ordinario|etiqueta de caja con monto de cuadricula
2065|15982|MAYOR|Ordinario|banner: monto de cuadricula
2065|46859|MAYOR|Ordinario|banner: monto de cuadricula
2065|18434|SEGUNDO|Ordinario|etiqueta de caja con monto de cuadricula
2065|20911|SEXTO|Ordinario|etiqueta de caja con monto de cuadricula
2065|48646|SEXTO|Ordinario|etiqueta de caja con monto de cuadricula
2065|49422|TERCER|Ordinario|etiqueta de caja con monto de cuadricula
2066|16775|MAYOR|Ordinario|banner: monto de cuadricula
2066|48190|MAYOR|Ordinario|banner: monto de cuadricula
2066|31094|SEGUNDO|Ordinario|etiqueta de caja con monto de cuadricula
2066|44001|SEXTO|Ordinario|etiqueta de caja con monto de cuadricula
2066|52578|SEXTO|Ordinario|etiqueta de caja con monto de cuadricula
2067|11449|MAYOR|Ordinario|banner: monto de cuadricula
2067|16678|MAYOR|Ordinario|banner: monto de cuadricula
2067|46539|MAYOR|Ordinario|banner: monto de cuadricula
2067|11448|Ordinario|MAYOR|casa con la nota (monto destacado o grafico)
2067|04889|SEGUNDO|Ordinario|etiqueta de caja con monto de cuadricula
2067|20299|TERCER|Ordinario|etiqueta de caja con monto de cuadricula
2067|43375|CUARTO|Ordinario|etiqueta de caja con monto de cuadricula
2068|08999|MAYOR|Destacado|REVISAR: mayor falso, nivel real por determinar
2068|47922|MAYOR|Ordinario|banner: monto de cuadricula
2068|12909|SEGUNDO|Ordinario|etiqueta de caja con monto de cuadricula
2068|31902|CUARTO|Ordinario|etiqueta de caja con monto de cuadricula
2068|50193|TERCER|Ordinario|etiqueta de caja con monto de cuadricula
2069|09478|MAYOR|Ordinario|banner: monto de cuadricula
2069|12226|MAYOR|Ordinario|banner: monto de cuadricula
2069|17198|MAYOR|Ordinario|banner: monto de cuadricula
2069|46087|MAYOR|Ordinario|banner: monto de cuadricula
2069|09479|Ordinario|MAYOR|casa con la nota (monto destacado o grafico)
2069|17249|SEXTO|Ordinario|etiqueta de caja con monto de cuadricula
2069|35611|TERCER|Ordinario|etiqueta de caja con monto de cuadricula
2069|38389|SEGUNDO|Ordinario|etiqueta de caja con monto de cuadricula
2069|39895|CUARTO|Ordinario|etiqueta de caja con monto de cuadricula
2070|12678|MAYOR|Ordinario|banner: monto de cuadricula
2070|48113|MAYOR|Ordinario|banner: monto de cuadricula
2070|06453|TERCER|Ordinario|etiqueta de caja con monto de cuadricula
2070|21287|CUARTO|Ordinario|etiqueta de caja con monto de cuadricula
2070|37223|QUINTO|Ordinario|etiqueta de caja con monto de cuadricula
2070|39117|SEXTO|Ordinario|etiqueta de caja con monto de cuadricula
2071|16135|MAYOR|Ordinario|banner: monto de cuadricula
2071|49992|MAYOR|Ordinario|banner: monto de cuadricula
2071|13425|TERCER|Ordinario|etiqueta de caja con monto de cuadricula
2071|13818|SEXTO|Ordinario|etiqueta de caja con monto de cuadricula
2071|34575|QUINTO|Ordinario|etiqueta de caja con monto de cuadricula
2071|41450|CUARTO|Ordinario|etiqueta de caja con monto de cuadricula
2072|10554|MAYOR|Ordinario|banner: monto de cuadricula
2072|40164|MAYOR|Ordinario|banner: monto de cuadricula
2072|46260|MAYOR|Destacado|REVISAR: mayor falso, nivel real por determinar
2072|09534|TERCER|Ordinario|etiqueta de caja con monto de cuadricula
2072|30264|CUARTO|Ordinario|etiqueta de caja con monto de cuadricula
2072|45993|SEGUNDO|Ordinario|etiqueta de caja con monto de cuadricula
2073|14898|MAYOR|Ordinario|banner: monto de cuadricula
2073|48874|MAYOR|Ordinario|banner: monto de cuadricula
2073|03942|TERCER|Ordinario|etiqueta de caja con monto de cuadricula
2073|48591|SEGUNDO|Ordinario|etiqueta de caja con monto de cuadricula
2073|50763|CUARTO|Ordinario|etiqueta de caja con monto de cuadricula
2074|04785|MAYOR|Ordinario|banner: monto de cuadricula
2074|10304|MAYOR|Ordinario|banner: monto de cuadricula
2074|47165|MAYOR|Ordinario|banner: monto de cuadricula
2074|09142|Ordinario|MAYOR|casa con la nota (monto destacado o grafico)
2074|14440|SEXTO|Ordinario|etiqueta de caja con monto de cuadricula
2074|22298|SEGUNDO|Ordinario|etiqueta de caja con monto de cuadricula
2074|50017|CUARTO|Ordinario|etiqueta de caja con monto de cuadricula
2075|17018|MAYOR|Ordinario|banner: monto de cuadricula
2075|46224|MAYOR|Ordinario|banner: monto de cuadricula
2075|24018|CUARTO|Ordinario|etiqueta de caja con monto de cuadricula
2075|25325|SEGUNDO|Ordinario|etiqueta de caja con monto de cuadricula
2075|35869|TERCER|Ordinario|etiqueta de caja con monto de cuadricula
2075|37829|TERCER|Ordinario|etiqueta de caja con monto de cuadricula
2076|14936|MAYOR|Ordinario|banner: monto de cuadricula
2076|45593|MAYOR|Ordinario|banner: monto de cuadricula
2076|16567|SEGUNDO|Ordinario|etiqueta de caja con monto de cuadricula
2076|20545|CUARTO|Ordinario|etiqueta de caja con monto de cuadricula
2076|34282|SEXTO|Ordinario|etiqueta de caja con monto de cuadricula
2076|37925|TERCER|Ordinario|etiqueta de caja con monto de cuadricula
2077|13249|MAYOR|Ordinario|banner: monto de cuadricula
2077|07795|CUARTO|Ordinario|etiqueta de caja con monto de cuadricula
2077|35782|TERCER|Ordinario|etiqueta de caja con monto de cuadricula
2077|48023|SEXTO|Ordinario|etiqueta de caja con monto de cuadricula
2077|55382|SEGUNDO|Ordinario|etiqueta de caja con monto de cuadricula
2078|15081|MAYOR|Ordinario|banner: monto de cuadricula
2078|26675|MAYOR|Ordinario|banner: monto de cuadricula
2078|41525|MAYOR|Ordinario|banner: monto de cuadricula
2078|46047|MAYOR|Ordinario|banner: monto de cuadricula
2078|09549|QUINTO|Ordinario|etiqueta de caja con monto de cuadricula
2078|22617|QUINTO|Ordinario|etiqueta de caja con monto de cuadricula
2078|24344|TERCER|Ordinario|etiqueta de caja con monto de cuadricula
2078|42150|CUARTO|Ordinario|etiqueta de caja con monto de cuadricula
2078|49544|SEGUNDO|Ordinario|etiqueta de caja con monto de cuadricula
2079|15869|MAYOR|Ordinario|banner: monto de cuadricula
2079|48797|MAYOR|Ordinario|banner: monto de cuadricula
2079|12661|TERCER|Ordinario|etiqueta de caja con monto de cuadricula
2079|25059|SEGUNDO|Ordinario|etiqueta de caja con monto de cuadricula
2079|59298|CUARTO|Ordinario|etiqueta de caja con monto de cuadricula
2080|13958|MAYOR|Ordinario|banner: monto de cuadricula
2080|46863|MAYOR|Ordinario|banner: monto de cuadricula
2080|10007|TERCER|Ordinario|etiqueta de caja con monto de cuadricula
2080|12695|SEGUNDO|Ordinario|etiqueta de caja con monto de cuadricula
2080|53893|SEXTO|Ordinario|etiqueta de caja con monto de cuadricula
2081|08767|MAYOR|Ordinario|banner: monto de cuadricula
2081|41935|MAYOR|Ordinario|banner: monto de cuadricula
2081|54965|MAYOR|Ordinario|banner: monto de cuadricula
2081|01344|SEXTO|Ordinario|etiqueta de caja con monto de cuadricula
2081|10746|TERCER|Ordinario|etiqueta de caja con monto de cuadricula
2081|08492|SEGUNDO|Ordinario|etiqueta de caja con monto de cuadricula
2082|45341|MAYOR|Ordinario|banner: monto de cuadricula
2082|11829|SEXTO|Ordinario|etiqueta de caja con monto de cuadricula
2082|18362|TERCER|Ordinario|etiqueta de caja con monto de cuadricula
2082|23478|CUARTO|Ordinario|etiqueta de caja con monto de cuadricula
2082|33976|SEGUNDO|Ordinario|etiqueta de caja con monto de cuadricula
2083|05317|MAYOR|Ordinario|banner: monto de cuadricula
2083|12863|MAYOR|Ordinario|banner: monto de cuadricula
2083|42290|MAYOR|Ordinario|banner: monto de cuadricula
2083|12407|Ordinario|MAYOR|casa con la nota (monto destacado o grafico)
2083|06181|QUINTO|Ordinario|etiqueta de caja con monto de cuadricula
2083|45662|CUARTO|Ordinario|etiqueta de caja con monto de cuadricula
2083|48529|QUINTO|Ordinario|etiqueta de caja con monto de cuadricula
2084|14714|MAYOR|Ordinario|banner: monto de cuadricula
2084|46629|MAYOR|Ordinario|banner: monto de cuadricula
2084|02676|SEGUNDO|Ordinario|etiqueta de caja con monto de cuadricula
2084|18137|TERCER|Ordinario|etiqueta de caja con monto de cuadricula
2084|19130|CUARTO|Ordinario|etiqueta de caja con monto de cuadricula
2084|22609|SEXTO|Ordinario|etiqueta de caja con monto de cuadricula
2085|13435|MAYOR|Ordinario|banner: monto de cuadricula
2085|51331|MAYOR|Ordinario|banner: monto de cuadricula
2085|59300|MAYOR|Ordinario|banner: monto de cuadricula
2085|03611|CUARTO|Ordinario|etiqueta de caja con monto de cuadricula
2085|19988|SEGUNDO|Ordinario|etiqueta de caja con monto de cuadricula
2085|38699|TERCER|Ordinario|etiqueta de caja con monto de cuadricula
2086|16176|MAYOR|Ordinario|banner: monto de cuadricula
2086|48470|MAYOR|Ordinario|banner: monto de cuadricula
2086|51319|MAYOR|Ordinario|banner: monto de cuadricula
2086|10243|TERCER|Ordinario|etiqueta de caja con monto de cuadricula
2086|26866|SEGUNDO|Ordinario|etiqueta de caja con monto de cuadricula
2086|51261|TERCER|Ordinario|etiqueta de caja con monto de cuadricula
2087|15090|MAYOR|Ordinario|banner: monto de cuadricula
2087|46100|MAYOR|Ordinario|banner: monto de cuadricula
2087|02284|SEXTO|Ordinario|etiqueta de caja con monto de cuadricula
2087|21884|CUARTO|Ordinario|etiqueta de caja con monto de cuadricula
2087|22447|TERCER|Ordinario|etiqueta de caja con monto de cuadricula
2087|45390|SEGUNDO|Ordinario|etiqueta de caja con monto de cuadricula
2088|08991|MAYOR|Ordinario|banner: monto de cuadricula
2088|31408|MAYOR|Ordinario|banner: monto de cuadricula
2088|48560|MAYOR|Ordinario|banner: monto de cuadricula
2088|39865|Ordinario|MAYOR|casa con la nota (monto destacado o grafico)
2088|16278|TERCER|Ordinario|etiqueta de caja con monto de cuadricula
2088|42516|CUARTO|Ordinario|etiqueta de caja con monto de cuadricula
2088|60452|SEGUNDO|Ordinario|etiqueta de caja con monto de cuadricula
2089|15016|MAYOR|Ordinario|banner: monto de cuadricula
2089|42796|MAYOR|Ordinario|banner: monto de cuadricula
2089|39844|TERCER|Ordinario|etiqueta de caja con monto de cuadricula
2089|55575|SEGUNDO|Ordinario|etiqueta de caja con monto de cuadricula
2089|56788|CUARTO|Ordinario|etiqueta de caja con monto de cuadricula
2090|19150|MAYOR|Ordinario|banner: monto de cuadricula
2090|45575|MAYOR|Ordinario|banner: monto de cuadricula
2090|09491|TERCER|Ordinario|etiqueta de caja con monto de cuadricula
2090|28253|CUARTO|Ordinario|etiqueta de caja con monto de cuadricula
2090|35563|QUINTO|Ordinario|etiqueta de caja con monto de cuadricula
2091|12992|MAYOR|Ordinario|banner: monto de cuadricula
2091|13598|MAYOR|Ordinario|banner: monto de cuadricula
2091|48970|MAYOR|Ordinario|banner: monto de cuadricula
2091|08725|Ordinario|MAYOR|casa con la nota (monto destacado o grafico)
2091|09864|QUINTO|Ordinario|etiqueta de caja con monto de cuadricula
2091|32027|TERCER|Ordinario|etiqueta de caja con monto de cuadricula
2091|49017|SEGUNDO|Ordinario|etiqueta de caja con monto de cuadricula
2092|13984|MAYOR|Ordinario|banner: monto de cuadricula
2092|44744|MAYOR|Ordinario|banner: monto de cuadricula
2092|15433|TERCER|Ordinario|etiqueta de caja con monto de cuadricula
2092|27623|CUARTO|Ordinario|etiqueta de caja con monto de cuadricula
2092|27817|SEGUNDO|Ordinario|etiqueta de caja con monto de cuadricula
2093|06277|MAYOR|Ordinario|banner: monto de cuadricula
2093|08490|MAYOR|Ordinario|banner: monto de cuadricula
2093|45378|MAYOR|Ordinario|banner: monto de cuadricula
2093|13193|Ordinario|MAYOR|casa con la nota (monto destacado o grafico)
2093|16509|TERCER|Ordinario|etiqueta de caja con monto de cuadricula
2093|18529|SEGUNDO|Ordinario|etiqueta de caja con monto de cuadricula
2093|29753|CUARTO|Ordinario|etiqueta de caja con monto de cuadricula
2093|31663|QUINTO|Ordinario|etiqueta de caja con monto de cuadricula
2094|17747|MAYOR|Ordinario|banner: monto de cuadricula
2094|48391|MAYOR|Ordinario|banner: monto de cuadricula
2094|34259|CUARTO|Ordinario|etiqueta de caja con monto de cuadricula
2095|17222|MAYOR|Ordinario|banner: monto de cuadricula
2095|50297|MAYOR|Ordinario|banner: monto de cuadricula
2095|06530|CUARTO|Ordinario|etiqueta de caja con monto de cuadricula
2095|26887|TERCER|Ordinario|etiqueta de caja con monto de cuadricula
2095|48344|TERCER|Ordinario|etiqueta de caja con monto de cuadricula
2095|56824|SEGUNDO|Ordinario|etiqueta de caja con monto de cuadricula
2096|14521|MAYOR|Ordinario|banner: monto de cuadricula
2096|36690|MAYOR|Ordinario|banner: monto de cuadricula
2096|44986|MAYOR|Ordinario|banner: monto de cuadricula
2096|32819|Ordinario|MAYOR|casa con la nota (monto destacado o grafico)
2096|13254|SEXTO|Ordinario|etiqueta de caja con monto de cuadricula
2096|23982|TERCER|Ordinario|etiqueta de caja con monto de cuadricula
2096|29948|SEXTO|Ordinario|etiqueta de caja con monto de cuadricula
2096|36274|SEGUNDO|Ordinario|etiqueta de caja con monto de cuadricula
2097|14149|MAYOR|Ordinario|banner: monto de cuadricula
2097|22674|MAYOR|Ordinario|banner: monto de cuadricula
2097|48565|MAYOR|Ordinario|banner: monto de cuadricula
2097|03451|SEXTO|Ordinario|etiqueta de caja con monto de cuadricula
2097|05065|TERCER|Ordinario|etiqueta de caja con monto de cuadricula
2097|50956|SEGUNDO|Ordinario|etiqueta de caja con monto de cuadricula
2098|13904|MAYOR|Ordinario|banner: monto de cuadricula
2098|28333|MAYOR|Destacado|REVISAR: mayor falso, nivel real por determinar
2098|43399|MAYOR|Ordinario|banner: monto de cuadricula
2098|34280|Ordinario|MAYOR|casa con la nota (monto destacado o grafico)
2098|01698|TERCER|Ordinario|etiqueta de caja con monto de cuadricula
2098|05661|SEGUNDO|Ordinario|etiqueta de caja con monto de cuadricula
2098|39901|CUARTO|Ordinario|etiqueta de caja con monto de cuadricula
2099|09252|MAYOR|Ordinario|banner: monto de cuadricula
2099|07651|MAYOR|Ordinario|banner: monto de cuadricula
2099|47909|MAYOR|Ordinario|banner: monto de cuadricula
2099|09253|Ordinario|MAYOR|casa con la nota (monto destacado o grafico)
2099|05691|CUARTO|Ordinario|etiqueta de caja con monto de cuadricula
2099|10801|QUINTO|Ordinario|etiqueta de caja con monto de cuadricula
2099|20528|TERCER|Ordinario|etiqueta de caja con monto de cuadricula
2099|27646|QUINTO|Ordinario|etiqueta de caja con monto de cuadricula
2099|48929|SEGUNDO|Ordinario|etiqueta de caja con monto de cuadricula
2099|49804|TERCER|Ordinario|etiqueta de caja con monto de cuadricula
2100|15100|MAYOR|Ordinario|banner: monto de cuadricula
2100|49985|MAYOR|Ordinario|banner: monto de cuadricula
2100|60764|MAYOR|Ordinario|banner: monto de cuadricula
2100|16353|SEGUNDO|Ordinario|etiqueta de caja con monto de cuadricula
2100|38954|QUINTO|Ordinario|etiqueta de caja con monto de cuadricula
2100|39066|CUARTO|Ordinario|etiqueta de caja con monto de cuadricula
2101|05033|MAYOR|Ordinario|banner: monto de cuadricula
2101|13235|MAYOR|Ordinario|banner: monto de cuadricula
2101|48175|MAYOR|Ordinario|banner: monto de cuadricula
2101|12918|Ordinario|MAYOR|casa con la nota (monto destacado o grafico)
2101|18172|SEXTO|Ordinario|etiqueta de caja con monto de cuadricula
2101|34618|SEXTO|Ordinario|etiqueta de caja con monto de cuadricula
2101|31697|CUARTO|Ordinario|etiqueta de caja con monto de cuadricula
2101|45931|TERCER|Ordinario|etiqueta de caja con monto de cuadricula
2101|55988|SEGUNDO|Ordinario|etiqueta de caja con monto de cuadricula
2102|13426|MAYOR|Ordinario|banner: monto de cuadricula
2102|43489|MAYOR|Ordinario|banner: monto de cuadricula
2102|12102|SEGUNDO|Ordinario|etiqueta de caja con monto de cuadricula
2102|51197|QUINTO|Ordinario|etiqueta de caja con monto de cuadricula
2102|54901|TERCER|Ordinario|etiqueta de caja con monto de cuadricula
2103|15092|MAYOR|Ordinario|banner: monto de cuadricula
2103|49996|MAYOR|Ordinario|banner: monto de cuadricula
2103|03567|SEGUNDO|Ordinario|etiqueta de caja con monto de cuadricula
2103|16429|SEXTO|Ordinario|etiqueta de caja con monto de cuadricula
2103|57497|TERCER|Ordinario|etiqueta de caja con monto de cuadricula
2104|15370|MAYOR|Ordinario|banner: monto de cuadricula
2104|32899|MAYOR|Ordinario|banner: monto de cuadricula
2104|48056|MAYOR|Ordinario|banner: monto de cuadricula
2104|29589|Ordinario|MAYOR|casa con la nota (monto destacado o grafico)
2104|09574|TERCER|Ordinario|etiqueta de caja con monto de cuadricula
2104|47277|SEGUNDO|Ordinario|etiqueta de caja con monto de cuadricula
2104|42954|TERCER|Ordinario|etiqueta de caja con monto de cuadricula
2105|16088|MAYOR|Ordinario|banner: monto de cuadricula
2105|45621|MAYOR|Ordinario|banner: monto de cuadricula
2105|16853|TERCER|Ordinario|etiqueta de caja con monto de cuadricula
2105|33771|SEGUNDO|Ordinario|etiqueta de caja con monto de cuadricula
2105|36514|QUINTO|Ordinario|etiqueta de caja con monto de cuadricula
2106|16324|MAYOR|Ordinario|banner: monto de cuadricula
2106|38960|MAYOR|Ordinario|banner: monto de cuadricula
2106|46248|MAYOR|Ordinario|banner: monto de cuadricula
2106|38961|Ordinario|MAYOR|casa con la nota (monto destacado o grafico)
2106|42663|TERCER|Ordinario|etiqueta de caja con monto de cuadricula
2106|46204|SEGUNDO|Ordinario|etiqueta de caja con monto de cuadricula
2107|15777|MAYOR|Ordinario|banner: monto de cuadricula
2107|34888|MAYOR|Ordinario|banner: monto de cuadricula
2107|46948|MAYOR|Ordinario|banner: monto de cuadricula
2107|40395|Ordinario|MAYOR|casa con la nota (monto destacado o grafico)
2107|17479|CUARTO|Ordinario|etiqueta de caja con monto de cuadricula
2107|37559|SEGUNDO|Ordinario|etiqueta de caja con monto de cuadricula
2108|08856|MAYOR|Ordinario|banner: monto de cuadricula
2108|14033|MAYOR|Ordinario|banner: monto de cuadricula
2108|20892|MAYOR|Ordinario|banner: monto de cuadricula
2108|47587|MAYOR|Ordinario|banner: monto de cuadricula
2108|08857|Ordinario|MAYOR|casa con la nota (monto destacado o grafico)
2108|12738|CUARTO|Ordinario|etiqueta de caja con monto de cuadricula
2108|13775|QUINTO|Ordinario|etiqueta de caja con monto de cuadricula
2108|27631|QUINTO|Ordinario|etiqueta de caja con monto de cuadricula
2108|37041|SEXTO|Ordinario|etiqueta de caja con monto de cuadricula
2108|33822|SEGUNDO|Ordinario|etiqueta de caja con monto de cuadricula
2108|39866|TERCER|Ordinario|etiqueta de caja con monto de cuadricula
2108|57286|TERCER|Ordinario|etiqueta de caja con monto de cuadricula
2109|14999|MAYOR|Ordinario|banner: monto de cuadricula
2109|48625|MAYOR|Ordinario|banner: monto de cuadricula
2109|12063|SEGUNDO|Ordinario|etiqueta de caja con monto de cuadricula
2109|16562|SEXTO|Ordinario|etiqueta de caja con monto de cuadricula
2109|29158|SEXTO|Ordinario|etiqueta de caja con monto de cuadricula
2109|34054|CUARTO|Ordinario|etiqueta de caja con monto de cuadricula
2109|34744|TERCER|Ordinario|etiqueta de caja con monto de cuadricula
2112|15433|MAYOR|Ordinario|banner: monto de cuadricula
2112|42330|MAYOR|Ordinario|banner: monto de cuadricula
2112|52361|MAYOR|Ordinario|banner: monto de cuadricula
2112|52362|Ordinario|MAYOR|casa con la nota (monto destacado o grafico)
2112|12169|QUINTO|Ordinario|etiqueta de caja con monto de cuadricula
2112|27118|TERCER|Ordinario|etiqueta de caja con monto de cuadricula
2112|27503|SEXTO|Ordinario|etiqueta de caja con monto de cuadricula
2112|30712|TERCER|Ordinario|etiqueta de caja con monto de cuadricula
2112|33455|SEGUNDO|Ordinario|etiqueta de caja con monto de cuadricula
2112|44848|QUINTO|Ordinario|etiqueta de caja con monto de cuadricula
2113|15093|MAYOR|Ordinario|banner: monto de cuadricula
2113|44561|MAYOR|Ordinario|banner: monto de cuadricula
2113|21123|TERCER|Ordinario|etiqueta de caja con monto de cuadricula
2113|41412|SEGUNDO|Ordinario|etiqueta de caja con monto de cuadricula
2114|15942|MAYOR|Ordinario|banner: monto de cuadricula
2114|45429|MAYOR|Ordinario|banner: monto de cuadricula
2114|46890|MAYOR|Ordinario|banner: monto de cuadricula
2114|27121|SEGUNDO|Ordinario|etiqueta de caja con monto de cuadricula
2114|53639|QUINTO|Ordinario|etiqueta de caja con monto de cuadricula
2115|16983|MAYOR|Ordinario|banner: monto de cuadricula
2115|35159|MAYOR|Destacado|REVISAR: mayor falso, nivel real por determinar
2115|46976|MAYOR|Ordinario|banner: monto de cuadricula
2115|30955|Ordinario|MAYOR|casa con la nota (monto destacado o grafico)
2116|06335|MAYOR|Ordinario|banner: monto de cuadricula
2116|07573|MAYOR|Ordinario|banner: monto de cuadricula
2116|46974|MAYOR|Ordinario|banner: monto de cuadricula
2116|12533|Ordinario|MAYOR|casa con la nota (monto destacado o grafico)
2116|27874|TERCER|Ordinario|etiqueta de caja con monto de cuadricula
2116|31641|SEGUNDO|Ordinario|etiqueta de caja con monto de cuadricula
2116|60213|CUARTO|Ordinario|etiqueta de caja con monto de cuadricula
2117|01370|MAYOR|Ordinario|banner: monto de cuadricula
2117|10680|MAYOR|Ordinario|banner: monto de cuadricula
2117|48659|MAYOR|Ordinario|banner: monto de cuadricula
2117|07887|Ordinario|MAYOR|casa con la nota (monto destacado o grafico)
2117|08480|TERCER|Ordinario|etiqueta de caja con monto de cuadricula
2117|09338|CUARTO|Ordinario|etiqueta de caja con monto de cuadricula
2117|48229|SEGUNDO|Ordinario|etiqueta de caja con monto de cuadricula
2117|50316|QUINTO|Ordinario|etiqueta de caja con monto de cuadricula
2118|15839|MAYOR|Ordinario|banner: monto de cuadricula
2118|50514|MAYOR|Ordinario|banner: monto de cuadricula
2118|01656|QUINTO|Ordinario|etiqueta de caja con monto de cuadricula
2118|18074|CUARTO|Ordinario|etiqueta de caja con monto de cuadricula
2118|18665|TERCER|Ordinario|etiqueta de caja con monto de cuadricula
2118|53204|SEGUNDO|Ordinario|etiqueta de caja con monto de cuadricula
2119|16371|MAYOR|Ordinario|banner: monto de cuadricula
2119|49873|MAYOR|Ordinario|banner: monto de cuadricula
2119|01815|TERCER|Ordinario|etiqueta de caja con monto de cuadricula
2119|21248|SEGUNDO|Ordinario|etiqueta de caja con monto de cuadricula
2119|38715|QUINTO|Ordinario|etiqueta de caja con monto de cuadricula
2119|46477|TERCER|Ordinario|etiqueta de caja con monto de cuadricula
2120|14904|MAYOR|Ordinario|banner: monto de cuadricula
2120|50094|MAYOR|Ordinario|banner: monto de cuadricula
2120|06694|SEGUNDO|Ordinario|etiqueta de caja con monto de cuadricula
2120|59157|TERCER|Ordinario|etiqueta de caja con monto de cuadricula
2121|14007|MAYOR|Ordinario|banner: monto de cuadricula
2121|09118|SEXTO|Ordinario|etiqueta de caja con monto de cuadricula
2121|10936|SEGUNDO|Ordinario|etiqueta de caja con monto de cuadricula
2121|18322|TERCER|Ordinario|etiqueta de caja con monto de cuadricula
2122|13537|MAYOR|Ordinario|banner: monto de cuadricula
2122|49194|MAYOR|Ordinario|banner: monto de cuadricula
2122|24632|SEXTO|Ordinario|etiqueta de caja con monto de cuadricula
2122|39584|TERCER|Ordinario|etiqueta de caja con monto de cuadricula
2122|35985|QUINTO|Ordinario|etiqueta de caja con monto de cuadricula
2122|41854|CUARTO|Ordinario|etiqueta de caja con monto de cuadricula
2122|54105|TERCER|Ordinario|etiqueta de caja con monto de cuadricula
2122|57758|SEGUNDO|Ordinario|etiqueta de caja con monto de cuadricula
2123|16830|MAYOR|Ordinario|banner: monto de cuadricula
2123|36736|MAYOR|Ordinario|banner: monto de cuadricula
2123|46827|MAYOR|Ordinario|banner: monto de cuadricula
2123|41723|Ordinario|MAYOR|casa con la nota (monto destacado o grafico)
2123|09835|SEXTO|Ordinario|etiqueta de caja con monto de cuadricula
2123|25480|SEGUNDO|Ordinario|etiqueta de caja con monto de cuadricula
2123|38145|TERCER|Ordinario|etiqueta de caja con monto de cuadricula
2124|15664|MAYOR|Ordinario|banner: monto de cuadricula
2124|48535|MAYOR|Ordinario|banner: monto de cuadricula
2124|10730|QUINTO|Ordinario|etiqueta de caja con monto de cuadricula
2124|17833|SEGUNDO|Ordinario|etiqueta de caja con monto de cuadricula
2125|13048|MAYOR|Ordinario|banner: monto de cuadricula
2125|49692|MAYOR|Ordinario|banner: monto de cuadricula
2125|18088|CUARTO|Ordinario|etiqueta de caja con monto de cuadricula
2125|40052|QUINTO|Ordinario|etiqueta de caja con monto de cuadricula
2125|47002|SEGUNDO|Ordinario|etiqueta de caja con monto de cuadricula
2125|51269|TERCER|Ordinario|etiqueta de caja con monto de cuadricula
2125|53834|TERCER|Ordinario|etiqueta de caja con monto de cuadricula
2126|15308|MAYOR|Ordinario|banner: monto de cuadricula
2126|46539|MAYOR|Ordinario|banner: monto de cuadricula
2126|23478|SEGUNDO|Ordinario|etiqueta de caja con monto de cuadricula
2126|44115|QUINTO|Ordinario|etiqueta de caja con monto de cuadricula
2126|57161|SEXTO|Ordinario|etiqueta de caja con monto de cuadricula
2126|59889|TERCER|Ordinario|etiqueta de caja con monto de cuadricula
2127|13860|MAYOR|Ordinario|banner: monto de cuadricula
2127|36605|MAYOR|Ordinario|banner: monto de cuadricula
2127|45774|MAYOR|Ordinario|banner: monto de cuadricula
2127|32566|Ordinario|MAYOR|casa con la nota (monto destacado o grafico)
2127|01836|SEXTO|Ordinario|etiqueta de caja con monto de cuadricula
2127|08099|TERCER|Ordinario|etiqueta de caja con monto de cuadricula
2127|20259|SEGUNDO|Ordinario|etiqueta de caja con monto de cuadricula
2127|49508|SEXTO|Ordinario|etiqueta de caja con monto de cuadricula
2128|16172|MAYOR|Ordinario|banner: monto de cuadricula
2128|46071|MAYOR|Ordinario|banner: monto de cuadricula
2128|16772|QUINTO|Ordinario|etiqueta de caja con monto de cuadricula
2128|23304|TERCER|Ordinario|etiqueta de caja con monto de cuadricula
2128|31298|SEGUNDO|Ordinario|etiqueta de caja con monto de cuadricula
2129|14980|MAYOR|Ordinario|banner: monto de cuadricula
2129|51997|MAYOR|Ordinario|banner: monto de cuadricula
2129|56579|MAYOR|Ordinario|banner: monto de cuadricula
2129|56580|Ordinario|MAYOR|casa con la nota (monto destacado o grafico)
2129|08674|QUINTO|Ordinario|etiqueta de caja con monto de cuadricula
2129|34228|CUARTO|Ordinario|etiqueta de caja con monto de cuadricula
2129|56135|SEGUNDO|Ordinario|etiqueta de caja con monto de cuadricula
2130|15544|MAYOR|Ordinario|banner: monto de cuadricula
2130|49311|MAYOR|Ordinario|banner: monto de cuadricula
2130|15695|SEGUNDO|Ordinario|etiqueta de caja con monto de cuadricula
2130|16443|CUARTO|Ordinario|etiqueta de caja con monto de cuadricula
2130|37442|TERCER|Ordinario|etiqueta de caja con monto de cuadricula
2131|13979|MAYOR|Ordinario|banner: monto de cuadricula
2131|43326|MAYOR|Ordinario|banner: monto de cuadricula
2131|09670|TERCER|Ordinario|etiqueta de caja con monto de cuadricula
2131|14374|TERCER|Ordinario|etiqueta de caja con monto de cuadricula
2131|44450|SEXTO|Ordinario|etiqueta de caja con monto de cuadricula
2131|49335|SEGUNDO|Ordinario|etiqueta de caja con monto de cuadricula
2131|57531|QUINTO|Ordinario|etiqueta de caja con monto de cuadricula
2132|15348|MAYOR|Ordinario|banner: monto de cuadricula
2132|50380|MAYOR|Ordinario|banner: monto de cuadricula
2132|06131|SEXTO|Ordinario|etiqueta de caja con monto de cuadricula
2132|22036|CUARTO|Ordinario|etiqueta de caja con monto de cuadricula
2132|57338|SEGUNDO|Ordinario|etiqueta de caja con monto de cuadricula
2133|13936|MAYOR|Ordinario|banner: monto de cuadricula
2133|44687|MAYOR|Ordinario|banner: monto de cuadricula
2133|01265|SEGUNDO|Ordinario|etiqueta de caja con monto de cuadricula
2133|14026|TERCER|Ordinario|etiqueta de caja con monto de cuadricula
2133|31805|SEXTO|Ordinario|etiqueta de caja con monto de cuadricula
2134|15957|MAYOR|Ordinario|banner: monto de cuadricula
2134|40167|MAYOR|Ordinario|banner: monto de cuadricula
2134|06301|TERCER|Ordinario|etiqueta de caja con monto de cuadricula
2134|28506|CUARTO|Ordinario|etiqueta de caja con monto de cuadricula
2134|38288|TERCER|Ordinario|etiqueta de caja con monto de cuadricula
2134|47717|SEGUNDO|Ordinario|etiqueta de caja con monto de cuadricula
2135|16637|MAYOR|Ordinario|banner: monto de cuadricula
2135|48576|MAYOR|Ordinario|banner: monto de cuadricula
2135|35690|SEGUNDO|Ordinario|etiqueta de caja con monto de cuadricula
2135|48645|TERCER|Ordinario|etiqueta de caja con monto de cuadricula
2136|16608|MAYOR|Ordinario|banner: monto de cuadricula
2136|26379|MAYOR|Ordinario|banner: monto de cuadricula
2136|47898|MAYOR|Ordinario|banner: monto de cuadricula
2136|09585|QUINTO|Ordinario|etiqueta de caja con monto de cuadricula
2136|28495|SEGUNDO|Ordinario|etiqueta de caja con monto de cuadricula
2136|53578|SEXTO|Ordinario|etiqueta de caja con monto de cuadricula
2136|56230|TERCER|Ordinario|etiqueta de caja con monto de cuadricula
2137|15465|MAYOR|Ordinario|banner: monto de cuadricula
2137|47522|MAYOR|Ordinario|banner: monto de cuadricula
2137|24723|TERCER|Ordinario|etiqueta de caja con monto de cuadricula
2137|47425|SEXTO|Ordinario|etiqueta de caja con monto de cuadricula
2137|50015|SEGUNDO|Ordinario|etiqueta de caja con monto de cuadricula
2138|14843|MAYOR|Ordinario|banner: monto de cuadricula
2138|52816|MAYOR|Ordinario|banner: monto de cuadricula
2138|10658|QUINTO|Ordinario|etiqueta de caja con monto de cuadricula
2138|11089|TERCER|Ordinario|etiqueta de caja con monto de cuadricula
2138|16542|SEXTO|Ordinario|etiqueta de caja con monto de cuadricula
2138|18692|TERCER|Ordinario|etiqueta de caja con monto de cuadricula
2138|31502|CUARTO|Ordinario|etiqueta de caja con monto de cuadricula
2138|53450|SEGUNDO|Ordinario|etiqueta de caja con monto de cuadricula
2139|15781|MAYOR|Ordinario|banner: monto de cuadricula
2139|47941|MAYOR|Ordinario|banner: monto de cuadricula
2139|56192|MAYOR|Ordinario|banner: monto de cuadricula
2139|10967|SEXTO|Ordinario|etiqueta de caja con monto de cuadricula
2139|17124|SEGUNDO|Ordinario|etiqueta de caja con monto de cuadricula
2139|47599|QUINTO|Ordinario|etiqueta de caja con monto de cuadricula
2139|56738|TERCER|Ordinario|etiqueta de caja con monto de cuadricula
2140|04042|MAYOR|Ordinario|banner: monto de cuadricula
2140|06372|MAYOR|Ordinario|banner: monto de cuadricula
2140|47243|MAYOR|Ordinario|banner: monto de cuadricula
2140|11060|Ordinario|MAYOR|casa con la nota (monto destacado o grafico)
2140|52598|SEGUNDO|Ordinario|etiqueta de caja con monto de cuadricula
2141|15508|MAYOR|Ordinario|banner: monto de cuadricula
2141|19029|MAYOR|Ordinario|banner: monto de cuadricula
2141|11819|TERCER|Ordinario|etiqueta de caja con monto de cuadricula
2141|41395|SEGUNDO|Ordinario|etiqueta de caja con monto de cuadricula
2142|08487|MAYOR|Ordinario|banner: monto de cuadricula
2142|39955|MAYOR|Ordinario|banner: monto de cuadricula
2142|52407|MAYOR|Ordinario|banner: monto de cuadricula
2142|09030|SEXTO|Ordinario|etiqueta de caja con monto de cuadricula
2142|13168|TERCER|Ordinario|etiqueta de caja con monto de cuadricula
2142|13948|SEXTO|Ordinario|etiqueta de caja con monto de cuadricula
2142|31319|QUINTO|Ordinario|etiqueta de caja con monto de cuadricula
2143|17896|MAYOR|Ordinario|banner: monto de cuadricula
2143|48000|MAYOR|Ordinario|banner: monto de cuadricula
2143|30927|SEGUNDO|Ordinario|etiqueta de caja con monto de cuadricula
2143|32373|TERCER|Ordinario|etiqueta de caja con monto de cuadricula
2143|36424|TERCER|Ordinario|etiqueta de caja con monto de cuadricula
2143|51560|CUARTO|Ordinario|etiqueta de caja con monto de cuadricula
2144|16856|MAYOR|Ordinario|banner: monto de cuadricula
2144|48648|MAYOR|Ordinario|banner: monto de cuadricula
2144|05295|CUARTO|Ordinario|etiqueta de caja con monto de cuadricula
2144|20327|SEXTO|Ordinario|etiqueta de caja con monto de cuadricula
2144|26284|SEGUNDO|Ordinario|etiqueta de caja con monto de cuadricula
2144|44766|TERCER|Ordinario|etiqueta de caja con monto de cuadricula
2145|13048|MAYOR|Ordinario|banner: monto de cuadricula
2145|13444|MAYOR|Ordinario|banner: monto de cuadricula
2145|48086|MAYOR|Ordinario|banner: monto de cuadricula
2145|13049|Ordinario|MAYOR|casa con la nota (monto destacado o grafico)
2145|07746|QUINTO|Ordinario|etiqueta de caja con monto de cuadricula
2145|23346|SEXTO|Ordinario|etiqueta de caja con monto de cuadricula
2145|46253|SEGUNDO|Ordinario|etiqueta de caja con monto de cuadricula
2145|56545|CUARTO|Ordinario|etiqueta de caja con monto de cuadricula
2145|56750|TERCER|Ordinario|etiqueta de caja con monto de cuadricula
2146|11898|MAYOR|Ordinario|banner: monto de cuadricula
2146|11901|MAYOR|Ordinario|banner: monto de cuadricula
2146|45368|MAYOR|Ordinario|banner: monto de cuadricula
2146|11899|Ordinario|MAYOR|casa con la nota (monto destacado o grafico)
2146|06645|QUINTO|Ordinario|etiqueta de caja con monto de cuadricula
2146|16970|CUARTO|Ordinario|etiqueta de caja con monto de cuadricula
2146|33767|SEGUNDO|Ordinario|etiqueta de caja con monto de cuadricula
2146|46194|SEXTO|Ordinario|etiqueta de caja con monto de cuadricula
2147|14990|MAYOR|Ordinario|banner: monto de cuadricula
2147|41526|MAYOR|Ordinario|banner: monto de cuadricula
2147|08188|TERCER|Ordinario|etiqueta de caja con monto de cuadricula
2147|03694|TERCER|Ordinario|etiqueta de caja con monto de cuadricula
2147|19271|CUARTO|Ordinario|etiqueta de caja con monto de cuadricula
2148|13316|MAYOR|Ordinario|banner: monto de cuadricula
2148|47099|MAYOR|Ordinario|banner: monto de cuadricula
2148|09204|TERCER|Ordinario|etiqueta de caja con monto de cuadricula
2148|50955|SEXTO|Ordinario|etiqueta de caja con monto de cuadricula
2148|56074|SEXTO|Ordinario|etiqueta de caja con monto de cuadricula
2149|14296|MAYOR|Ordinario|banner: monto de cuadricula
2149|30782|MAYOR|Destacado|REVISAR: mayor falso, nivel real por determinar
2149|45698|MAYOR|Ordinario|banner: monto de cuadricula
2149|09890|CUARTO|Ordinario|etiqueta de caja con monto de cuadricula
2149|17475|SEGUNDO|Ordinario|etiqueta de caja con monto de cuadricula
2149|37765|QUINTO|Ordinario|etiqueta de caja con monto de cuadricula
2150|15331|MAYOR|Ordinario|banner: monto de cuadricula
2150|44167|MAYOR|Ordinario|banner: monto de cuadricula
2150|14301|TERCER|Ordinario|etiqueta de caja con monto de cuadricula
2150|22683|SEGUNDO|Ordinario|etiqueta de caja con monto de cuadricula
2150|33803|CUARTO|Ordinario|etiqueta de caja con monto de cuadricula
2151|14652|MAYOR|Ordinario|banner: monto de cuadricula
2151|45570|MAYOR|Ordinario|banner: monto de cuadricula
2151|02578|QUINTO|Ordinario|etiqueta de caja con monto de cuadricula
2151|35900|TERCER|Ordinario|etiqueta de caja con monto de cuadricula
2151|47428|SEGUNDO|Ordinario|etiqueta de caja con monto de cuadricula
2151|47582|CUARTO|Ordinario|etiqueta de caja con monto de cuadricula
2151|50540|TERCER|Ordinario|etiqueta de caja con monto de cuadricula
2151|51381|QUINTO|Ordinario|etiqueta de caja con monto de cuadricula
2152|03549|MAYOR|Ordinario|banner: monto de cuadricula
2152|12946|MAYOR|Ordinario|banner: monto de cuadricula
2152|17197|MAYOR|Ordinario|banner: monto de cuadricula
2152|49654|MAYOR|Ordinario|banner: monto de cuadricula
2152|10629|Ordinario|MAYOR|casa con la nota (monto destacado o grafico)
2152|07271|SEXTO|Ordinario|etiqueta de caja con monto de cuadricula
2152|11447|SEXTO|Ordinario|etiqueta de caja con monto de cuadricula
2152|30008|TERCER|Ordinario|etiqueta de caja con monto de cuadricula
2152|57701|CUARTO|Ordinario|etiqueta de caja con monto de cuadricula
2153|15468|MAYOR|Ordinario|banner: monto de cuadricula
2153|50087|MAYOR|Ordinario|banner: monto de cuadricula
2153|40407|SEXTO|Ordinario|etiqueta de caja con monto de cuadricula
2153|45268|TERCER|Ordinario|etiqueta de caja con monto de cuadricula
2153|46347|SEGUNDO|Ordinario|etiqueta de caja con monto de cuadricula
2154|17950|MAYOR|Ordinario|banner: monto de cuadricula
2154|24343|MAYOR|Ordinario|banner: monto de cuadricula
2154|47906|MAYOR|Ordinario|banner: monto de cuadricula
2154|32442|SEXTO|Ordinario|etiqueta de caja con monto de cuadricula
2154|33054|CUARTO|Ordinario|etiqueta de caja con monto de cuadricula
2154|42874|QUINTO|Ordinario|etiqueta de caja con monto de cuadricula
2154|47031|SEGUNDO|Ordinario|etiqueta de caja con monto de cuadricula
2155|11739|MAYOR|Ordinario|banner: monto de cuadricula
2155|11871|MAYOR|Ordinario|banner: monto de cuadricula
2155|41132|MAYOR|Ordinario|banner: monto de cuadricula
2155|54270|MAYOR|Ordinario|banner: monto de cuadricula
2155|16697|TERCER|Ordinario|etiqueta de caja con monto de cuadricula
2155|33960|CUARTO|Ordinario|etiqueta de caja con monto de cuadricula
2155|46200|SEGUNDO|Ordinario|etiqueta de caja con monto de cuadricula
2156|11829|MAYOR|Ordinario|banner: monto de cuadricula
2156|46643|MAYOR|Ordinario|banner: monto de cuadricula
2156|09419|TERCER|Ordinario|etiqueta de caja con monto de cuadricula
2156|09431|QUINTO|Ordinario|etiqueta de caja con monto de cuadricula
2156|19721|SEGUNDO|Ordinario|etiqueta de caja con monto de cuadricula
2156|26705|SEXTO|Ordinario|etiqueta de caja con monto de cuadricula
2156|42087|TERCER|Ordinario|etiqueta de caja con monto de cuadricula
2157|16556|MAYOR|Ordinario|banner: monto de cuadricula
2157|46894|MAYOR|Ordinario|banner: monto de cuadricula
2157|19938|CUARTO|Ordinario|etiqueta de caja con monto de cuadricula
2157|21702|SEXTO|Ordinario|etiqueta de caja con monto de cuadricula
2157|25279|SEGUNDO|Ordinario|etiqueta de caja con monto de cuadricula
2157|35355|TERCER|Ordinario|etiqueta de caja con monto de cuadricula
2157|50125|SEXTO|Ordinario|etiqueta de caja con monto de cuadricula
2158|15812|MAYOR|Ordinario|banner: monto de cuadricula
2158|44840|MAYOR|Ordinario|banner: monto de cuadricula
2158|57074|MAYOR|Ordinario|banner: monto de cuadricula
2158|41858|TERCER|Ordinario|etiqueta de caja con monto de cuadricula
2158|36047|CUARTO|Ordinario|etiqueta de caja con monto de cuadricula
2158|37055|TERCER|Ordinario|etiqueta de caja con monto de cuadricula
2158|51539|SEGUNDO|Ordinario|etiqueta de caja con monto de cuadricula
2159|13482|MAYOR|Ordinario|banner: monto de cuadricula
2159|47928|MAYOR|Ordinario|banner: monto de cuadricula
2159|13595|TERCER|Ordinario|etiqueta de caja con monto de cuadricula
2159|28888|CUARTO|Ordinario|etiqueta de caja con monto de cuadricula
2159|49560|TERCER|Ordinario|etiqueta de caja con monto de cuadricula
2159|57040|SEGUNDO|Ordinario|etiqueta de caja con monto de cuadricula
2160|15600|MAYOR|Ordinario|banner: monto de cuadricula
2160|42121|MAYOR|Ordinario|banner: monto de cuadricula
2160|34447|SEGUNDO|Ordinario|etiqueta de caja con monto de cuadricula
2161|13425|MAYOR|Ordinario|banner: monto de cuadricula
2161|42770|MAYOR|Ordinario|banner: monto de cuadricula
2161|10837|QUINTO|Ordinario|etiqueta de caja con monto de cuadricula
2161|29423|CUARTO|Ordinario|etiqueta de caja con monto de cuadricula
2161|35977|TERCER|Ordinario|etiqueta de caja con monto de cuadricula
2161|44478|SEGUNDO|Ordinario|etiqueta de caja con monto de cuadricula
2161|49036|QUINTO|Ordinario|etiqueta de caja con monto de cuadricula
2161|50068|SEXTO|Ordinario|etiqueta de caja con monto de cuadricula
2161|51569|TERCER|Ordinario|etiqueta de caja con monto de cuadricula
2162|14275|MAYOR|Ordinario|banner: monto de cuadricula
2162|47387|MAYOR|Ordinario|banner: monto de cuadricula
2162|53246|MAYOR|Destacado|REVISAR: mayor falso, nivel real por determinar
2162|08041|TERCER|Ordinario|etiqueta de caja con monto de cuadricula
2162|53205|SEGUNDO|Ordinario|etiqueta de caja con monto de cuadricula
2163|16111|MAYOR|Ordinario|banner: monto de cuadricula
2163|46133|MAYOR|Ordinario|banner: monto de cuadricula
2163|23582|SEGUNDO|Ordinario|etiqueta de caja con monto de cuadricula
2164|11912|MAYOR|Ordinario|banner: monto de cuadricula
2164|45307|MAYOR|Ordinario|banner: monto de cuadricula
2164|04150|TERCER|Ordinario|etiqueta de caja con monto de cuadricula
2164|26129|SEGUNDO|Ordinario|etiqueta de caja con monto de cuadricula
2164|26467|CUARTO|Ordinario|etiqueta de caja con monto de cuadricula
2165|13926|MAYOR|Ordinario|banner: monto de cuadricula
2165|44827|MAYOR|Ordinario|banner: monto de cuadricula
2165|57240|MAYOR|Ordinario|banner: monto de cuadricula
2165|07880|QUINTO|Ordinario|etiqueta de caja con monto de cuadricula
2165|03950|SEXTO|Ordinario|etiqueta de caja con monto de cuadricula
2165|28268|TERCER|Ordinario|etiqueta de caja con monto de cuadricula
2165|41038|QUINTO|Ordinario|etiqueta de caja con monto de cuadricula
2165|49370|SEGUNDO|Ordinario|etiqueta de caja con monto de cuadricula
2165|60787|TERCER|Ordinario|etiqueta de caja con monto de cuadricula
2166|15289|MAYOR|Ordinario|banner: monto de cuadricula
2166|48564|MAYOR|Ordinario|banner: monto de cuadricula
2166|04048|SEXTO|Ordinario|etiqueta de caja con monto de cuadricula
2166|07681|TERCER|Ordinario|etiqueta de caja con monto de cuadricula
2166|34636|CUARTO|Ordinario|etiqueta de caja con monto de cuadricula
2166|55765|SEGUNDO|Ordinario|etiqueta de caja con monto de cuadricula
2166|58732|SEXTO|Ordinario|etiqueta de caja con monto de cuadricula
2167|14898|MAYOR|Ordinario|banner: monto de cuadricula
2167|08957|MAYOR|Ordinario|banner: monto de cuadricula
2167|45592|MAYOR|Ordinario|banner: monto de cuadricula
2167|14899|Ordinario|MAYOR|casa con la nota (monto destacado o grafico)
2167|16178|TERCER|Ordinario|etiqueta de caja con monto de cuadricula
2167|22131|SEXTO|Ordinario|etiqueta de caja con monto de cuadricula
2167|22632|CUARTO|Ordinario|etiqueta de caja con monto de cuadricula
2167|27986|SEGUNDO|Ordinario|etiqueta de caja con monto de cuadricula
2168|15814|MAYOR|Ordinario|banner: monto de cuadricula
2168|35594|MAYOR|Ordinario|banner: monto de cuadricula
2168|43049|MAYOR|Ordinario|banner: monto de cuadricula
2168|48665|MAYOR|Ordinario|banner: monto de cuadricula
2168|35595|Ordinario|MAYOR|casa con la nota (monto destacado o grafico)
2168|01889|TERCER|Ordinario|etiqueta de caja con monto de cuadricula
2168|06070|CUARTO|Ordinario|etiqueta de caja con monto de cuadricula
2168|51849|TERCER|Ordinario|etiqueta de caja con monto de cuadricula
2168|58376|SEGUNDO|Ordinario|etiqueta de caja con monto de cuadricula
2169|45859|MAYOR|Ordinario|banner: monto de cuadricula
2169|13779|CUARTO|Ordinario|etiqueta de caja con monto de cuadricula
2169|22680|TERCER|Ordinario|etiqueta de caja con monto de cuadricula
2169|39677|SEGUNDO|Ordinario|etiqueta de caja con monto de cuadricula
2170|13193|MAYOR|Ordinario|banner: monto de cuadricula
2170|47946|MAYOR|Ordinario|banner: monto de cuadricula
2170|04180|SEXTO|Ordinario|etiqueta de caja con monto de cuadricula
2170|14523|CUARTO|Ordinario|etiqueta de caja con monto de cuadricula
2170|23566|SEXTO|Ordinario|etiqueta de caja con monto de cuadricula
2170|39580|SEGUNDO|Ordinario|etiqueta de caja con monto de cuadricula
2170|47820|TERCER|Ordinario|etiqueta de caja con monto de cuadricula
2171|14859|MAYOR|Ordinario|banner: monto de cuadricula
2171|49084|MAYOR|Ordinario|banner: monto de cuadricula
2171|01484|TERCER|Ordinario|etiqueta de caja con monto de cuadricula
2171|03023|TERCER|Ordinario|etiqueta de caja con monto de cuadricula
2171|04494|CUARTO|Ordinario|etiqueta de caja con monto de cuadricula
2171|18792|SEGUNDO|Ordinario|etiqueta de caja con monto de cuadricula
2172|12905|MAYOR|Ordinario|banner: monto de cuadricula
2172|47481|MAYOR|Ordinario|banner: monto de cuadricula
2172|01026|CUARTO|Ordinario|etiqueta de caja con monto de cuadricula
2172|02742|TERCER|Ordinario|etiqueta de caja con monto de cuadricula
2172|43672|SEXTO|Ordinario|etiqueta de caja con monto de cuadricula
2172|45637|SEXTO|Ordinario|etiqueta de caja con monto de cuadricula
2172|56724|SEGUNDO|Ordinario|etiqueta de caja con monto de cuadricula
2173|14386|MAYOR|Ordinario|banner: monto de cuadricula
2173|08967|MAYOR|Ordinario|banner: monto de cuadricula
2173|47487|MAYOR|Ordinario|banner: monto de cuadricula
2173|19898|SEXTO|Ordinario|etiqueta de caja con monto de cuadricula
2173|35934|TERCER|Ordinario|etiqueta de caja con monto de cuadricula
2174|11752|MAYOR|Ordinario|banner: monto de cuadricula
2174|46498|MAYOR|Ordinario|banner: monto de cuadricula
2174|03573|SEGUNDO|Ordinario|etiqueta de caja con monto de cuadricula
2174|07265|CUARTO|Ordinario|etiqueta de caja con monto de cuadricula
2174|07551|TERCER|Ordinario|etiqueta de caja con monto de cuadricula
2174|45674|TERCER|Ordinario|etiqueta de caja con monto de cuadricula
2175|16592|MAYOR|Ordinario|banner: monto de cuadricula
2175|48573|MAYOR|Ordinario|banner: monto de cuadricula
2175|49275|SEXTO|Ordinario|etiqueta de caja con monto de cuadricula
2175|57426|TERCER|Ordinario|etiqueta de caja con monto de cuadricula
2175|58947|SEGUNDO|Ordinario|etiqueta de caja con monto de cuadricula
2176|16171|MAYOR|Ordinario|banner: monto de cuadricula
2176|21929|MAYOR|Ordinario|banner: monto de cuadricula
2176|45620|MAYOR|Ordinario|banner: monto de cuadricula
2176|21930|Ordinario|MAYOR|casa con la nota (monto destacado o grafico)
2176|23143|TERCER|Ordinario|etiqueta de caja con monto de cuadricula
2176|26047|SEGUNDO|Ordinario|etiqueta de caja con monto de cuadricula
2176|26420|CUARTO|Ordinario|etiqueta de caja con monto de cuadricula
2177|15668|MAYOR|Ordinario|banner: monto de cuadricula
2177|47344|MAYOR|Ordinario|banner: monto de cuadricula
2177|21489|TERCER|Ordinario|etiqueta de caja con monto de cuadricula
2177|42511|SEGUNDO|Ordinario|etiqueta de caja con monto de cuadricula
2177|47560|SEXTO|Ordinario|etiqueta de caja con monto de cuadricula
2177|56882|SEXTO|Ordinario|etiqueta de caja con monto de cuadricula
2178|15851|MAYOR|Ordinario|banner: monto de cuadricula
2178|51438|MAYOR|Ordinario|banner: monto de cuadricula
2178|04333|CUARTO|Ordinario|etiqueta de caja con monto de cuadricula
2178|54568|SEGUNDO|Ordinario|etiqueta de caja con monto de cuadricula
2178|55396|TERCER|Ordinario|etiqueta de caja con monto de cuadricula
2179|08292|MAYOR|Ordinario|banner: monto de cuadricula
2179|47942|MAYOR|Ordinario|banner: monto de cuadricula
2179|06650|SEGUNDO|Ordinario|etiqueta de caja con monto de cuadricula
2179|52849|CUARTO|Ordinario|etiqueta de caja con monto de cuadricula
2179|53376|QUINTO|Ordinario|etiqueta de caja con monto de cuadricula
2180|15148|MAYOR|Ordinario|banner: monto de cuadricula
2180|45790|MAYOR|Ordinario|banner: monto de cuadricula
2180|02273|CUARTO|Ordinario|etiqueta de caja con monto de cuadricula
2180|31210|TERCER|Ordinario|etiqueta de caja con monto de cuadricula
2180|41457|SEGUNDO|Ordinario|etiqueta de caja con monto de cuadricula
2181|16978|MAYOR|Ordinario|banner: monto de cuadricula
2181|44239|MAYOR|Ordinario|banner: monto de cuadricula
2181|46873|MAYOR|Ordinario|banner: monto de cuadricula
2181|31164|QUINTO|Ordinario|etiqueta de caja con monto de cuadricula
2181|44822|SEGUNDO|Ordinario|etiqueta de caja con monto de cuadricula
2181|53648|CUARTO|Ordinario|etiqueta de caja con monto de cuadricula
2182|09819|MAYOR|Ordinario|banner: monto de cuadricula
2182|49775|MAYOR|Ordinario|banner: monto de cuadricula
2182|15458|SEGUNDO|Ordinario|etiqueta de caja con monto de cuadricula
2182|35877|QUINTO|Ordinario|etiqueta de caja con monto de cuadricula
2182|54791|CUARTO|Ordinario|etiqueta de caja con monto de cuadricula
2182|56580|TERCER|Ordinario|etiqueta de caja con monto de cuadricula
2183|14312|MAYOR|Ordinario|banner: monto de cuadricula
2183|45458|MAYOR|Ordinario|banner: monto de cuadricula
2183|02715|QUINTO|Ordinario|etiqueta de caja con monto de cuadricula
2183|16462|CUARTO|Ordinario|etiqueta de caja con monto de cuadricula
2183|18069|SEXTO|Ordinario|etiqueta de caja con monto de cuadricula
2183|33490|SEGUNDO|Ordinario|etiqueta de caja con monto de cuadricula
2183|42649|TERCER|Ordinario|etiqueta de caja con monto de cuadricula
2183|48483|SEXTO|Ordinario|etiqueta de caja con monto de cuadricula
2184|11026|MAYOR|Ordinario|banner: monto de cuadricula
2184|13772|MAYOR|Ordinario|banner: monto de cuadricula
2184|49602|MAYOR|Ordinario|banner: monto de cuadricula
2184|26672|TERCER|Ordinario|etiqueta de caja con monto de cuadricula
2184|36101|CUARTO|Ordinario|etiqueta de caja con monto de cuadricula
2184|51439|SEGUNDO|Ordinario|etiqueta de caja con monto de cuadricula
2184|58049|TERCER|Ordinario|etiqueta de caja con monto de cuadricula
2185|15828|MAYOR|Ordinario|banner: monto de cuadricula
2185|45864|MAYOR|Ordinario|banner: monto de cuadricula
2185|13128|CUARTO|Ordinario|etiqueta de caja con monto de cuadricula
2185|26109|SEGUNDO|Ordinario|etiqueta de caja con monto de cuadricula
2186|48343|MAYOR|Ordinario|banner: monto de cuadricula
2186|01044|TERCER|Ordinario|etiqueta de caja con monto de cuadricula
2186|10223|SEXTO|Ordinario|etiqueta de caja con monto de cuadricula
2186|20220|CUARTO|Ordinario|etiqueta de caja con monto de cuadricula
2186|56096|SEXTO|Ordinario|etiqueta de caja con monto de cuadricula
2186|59263|SEGUNDO|Ordinario|etiqueta de caja con monto de cuadricula
2187|13692|MAYOR|Ordinario|banner: monto de cuadricula
2187|45334|MAYOR|Ordinario|banner: monto de cuadricula
2187|09954|SEXTO|Ordinario|etiqueta de caja con monto de cuadricula
2187|10071|SEXTO|Ordinario|etiqueta de caja con monto de cuadricula
2187|07495|SEGUNDO|Ordinario|etiqueta de caja con monto de cuadricula
2187|15761|CUARTO|Ordinario|etiqueta de caja con monto de cuadricula
2187|31728|TERCER|Ordinario|etiqueta de caja con monto de cuadricula
2187|38944|QUINTO|Ordinario|etiqueta de caja con monto de cuadricula
2188|17065|MAYOR|Ordinario|banner: monto de cuadricula
2188|38098|MAYOR|Ordinario|banner: monto de cuadricula
2188|42512|MAYOR|Ordinario|banner: monto de cuadricula
2188|38099|Ordinario|MAYOR|casa con la nota (monto destacado o grafico)
2188|26292|CUARTO|Ordinario|etiqueta de caja con monto de cuadricula
2188|46894|TERCER|Ordinario|etiqueta de caja con monto de cuadricula
2188|48431|SEGUNDO|Ordinario|etiqueta de caja con monto de cuadricula
2188|60658|TERCER|Ordinario|etiqueta de caja con monto de cuadricula
2189|02210|MAYOR|Ordinario|banner: monto de cuadricula
2189|11894|MAYOR|Ordinario|banner: monto de cuadricula
2189|48115|MAYOR|Ordinario|banner: monto de cuadricula
2189|08744|Ordinario|MAYOR|casa con la nota (monto destacado o grafico)
2189|32167|CUARTO|Ordinario|etiqueta de caja con monto de cuadricula
2189|53378|SEGUNDO|Ordinario|etiqueta de caja con monto de cuadricula
2190|10927|MAYOR|Ordinario|banner: monto de cuadricula
2190|44263|MAYOR|Ordinario|banner: monto de cuadricula
2190|07903|TERCER|Ordinario|etiqueta de caja con monto de cuadricula
2190|16173|CUARTO|Ordinario|etiqueta de caja con monto de cuadricula
2191|16537|MAYOR|Ordinario|banner: monto de cuadricula
2191|35929|MAYOR|Ordinario|banner: monto de cuadricula
2191|48377|MAYOR|Ordinario|banner: monto de cuadricula
2191|35930|Ordinario|MAYOR|casa con la nota (monto destacado o grafico)
2191|24089|CUARTO|Ordinario|etiqueta de caja con monto de cuadricula
2191|40712|SEXTO|Ordinario|etiqueta de caja con monto de cuadricula
2191|53642|SEGUNDO|Ordinario|etiqueta de caja con monto de cuadricula
2192|13264|MAYOR|Ordinario|banner: monto de cuadricula
2192|47604|MAYOR|Ordinario|banner: monto de cuadricula
2192|09651|SEXTO|Ordinario|etiqueta de caja con monto de cuadricula
2192|12459|SEGUNDO|Ordinario|etiqueta de caja con monto de cuadricula
2192|45924|TERCER|Ordinario|etiqueta de caja con monto de cuadricula
2193|10220|MAYOR|Ordinario|banner: monto de cuadricula
2193|48699|MAYOR|Ordinario|banner: monto de cuadricula
2193|05477|SEXTO|Ordinario|etiqueta de caja con monto de cuadricula
2193|15678|CUARTO|Ordinario|etiqueta de caja con monto de cuadricula
2193|31733|SEGUNDO|Ordinario|etiqueta de caja con monto de cuadricula
2193|55063|TERCER|Ordinario|etiqueta de caja con monto de cuadricula
2194|12227|MAYOR|Ordinario|banner: monto de cuadricula
2194|12731|MAYOR|Ordinario|banner: monto de cuadricula
2194|47340|MAYOR|Ordinario|banner: monto de cuadricula
2194|12229|Ordinario|MAYOR|casa con la nota (monto destacado o grafico)
2194|25085|TERCER|Ordinario|etiqueta de caja con monto de cuadricula
2194|36495|SEGUNDO|Ordinario|etiqueta de caja con monto de cuadricula
2194|42897|CUARTO|Ordinario|etiqueta de caja con monto de cuadricula
2194|49369|SEXTO|Ordinario|etiqueta de caja con monto de cuadricula
2195|16763|MAYOR|Ordinario|banner: monto de cuadricula
2195|39930|MAYOR|Ordinario|banner: monto de cuadricula
2195|08841|SEXTO|Ordinario|etiqueta de caja con monto de cuadricula
2195|19102|SEXTO|Ordinario|etiqueta de caja con monto de cuadricula
2195|36174|CUARTO|Ordinario|etiqueta de caja con monto de cuadricula
2195|46759|SEGUNDO|Ordinario|etiqueta de caja con monto de cuadricula
2196|17235|MAYOR|Ordinario|banner: monto de cuadricula
2196|47579|MAYOR|Ordinario|banner: monto de cuadricula
2196|18859|SEXTO|Ordinario|etiqueta de caja con monto de cuadricula
2196|39050|SEGUNDO|Ordinario|etiqueta de caja con monto de cuadricula
2196|39309|SEXTO|Ordinario|etiqueta de caja con monto de cuadricula
2196|51274|TERCER|Ordinario|etiqueta de caja con monto de cuadricula
2196|53988|CUARTO|Ordinario|etiqueta de caja con monto de cuadricula
2197|13127|MAYOR|Ordinario|banner: monto de cuadricula
2197|39289|MAYOR|Destacado|REVISAR: mayor falso, nivel real por determinar
2197|49619|MAYOR|Ordinario|banner: monto de cuadricula
2197|10844|CUARTO|Ordinario|etiqueta de caja con monto de cuadricula
2197|21885|SEGUNDO|Ordinario|etiqueta de caja con monto de cuadricula
2197|31161|TERCER|Ordinario|etiqueta de caja con monto de cuadricula
2197|55272|TERCER|Ordinario|etiqueta de caja con monto de cuadricula
2198|14924|MAYOR|Ordinario|banner: monto de cuadricula
2198|44980|MAYOR|Ordinario|banner: monto de cuadricula
2198|14467|TERCER|Ordinario|etiqueta de caja con monto de cuadricula
2198|31415|CUARTO|Ordinario|etiqueta de caja con monto de cuadricula
2198|38512|SEGUNDO|Ordinario|etiqueta de caja con monto de cuadricula
2199|10594|MAYOR|Ordinario|banner: monto de cuadricula
2199|45578|MAYOR|Ordinario|banner: monto de cuadricula
2199|07005|Ordinario|MAYOR|casa con la nota (monto destacado o grafico)
2199|03832|SEXTO|Ordinario|etiqueta de caja con monto de cuadricula
2199|09182|SEXTO|Ordinario|etiqueta de caja con monto de cuadricula
2199|19031|CUARTO|Ordinario|etiqueta de caja con monto de cuadricula
2199|28093|SEGUNDO|Ordinario|etiqueta de caja con monto de cuadricula
2199|29451|TERCER|Ordinario|etiqueta de caja con monto de cuadricula
2200|15381|MAYOR|Ordinario|banner: monto de cuadricula
2200|42804|MAYOR|Ordinario|banner: monto de cuadricula
2200|23288|SEXTO|Ordinario|etiqueta de caja con monto de cuadricula
2200|33380|SEGUNDO|Ordinario|etiqueta de caja con monto de cuadricula
2200|48266|CUARTO|Ordinario|etiqueta de caja con monto de cuadricula
2200|49776|TERCER|Ordinario|etiqueta de caja con monto de cuadricula
2201|14427|MAYOR|Ordinario|banner: monto de cuadricula
2201|45418|MAYOR|Ordinario|banner: monto de cuadricula
2201|12194|QUINTO|Ordinario|etiqueta de caja con monto de cuadricula
2201|42946|SEGUNDO|Ordinario|etiqueta de caja con monto de cuadricula
2201|44773|CUARTO|Ordinario|etiqueta de caja con monto de cuadricula
2201|48699|TERCER|Ordinario|etiqueta de caja con monto de cuadricula
2202|13394|MAYOR|Ordinario|banner: monto de cuadricula
2202|44953|MAYOR|Ordinario|banner: monto de cuadricula
2202|06832|SEGUNDO|Ordinario|etiqueta de caja con monto de cuadricula
2202|47156|CUARTO|Ordinario|etiqueta de caja con monto de cuadricula
2203|14993|MAYOR|Ordinario|banner: monto de cuadricula
2203|46923|MAYOR|Ordinario|banner: monto de cuadricula
2203|04328|SEGUNDO|Ordinario|etiqueta de caja con monto de cuadricula
2203|27095|QUINTO|Ordinario|etiqueta de caja con monto de cuadricula
2203|28542|TERCER|Ordinario|etiqueta de caja con monto de cuadricula
2203|42110|QUINTO|Ordinario|etiqueta de caja con monto de cuadricula
2203|56029|CUARTO|Ordinario|etiqueta de caja con monto de cuadricula
2204|14600|MAYOR|Ordinario|banner: monto de cuadricula
2204|48354|MAYOR|Ordinario|banner: monto de cuadricula
2204|28669|SEXTO|Ordinario|etiqueta de caja con monto de cuadricula
2204|45161|SEGUNDO|Ordinario|etiqueta de caja con monto de cuadricula
2204|47398|TERCER|Ordinario|etiqueta de caja con monto de cuadricula
2204|52490|CUARTO|Ordinario|etiqueta de caja con monto de cuadricula
2205|12471|MAYOR|Ordinario|banner: monto de cuadricula
2205|51910|MAYOR|Ordinario|banner: monto de cuadricula
2205|01052|SEGUNDO|Ordinario|etiqueta de caja con monto de cuadricula
2205|08862|QUINTO|Ordinario|etiqueta de caja con monto de cuadricula
2205|58535|CUARTO|Ordinario|etiqueta de caja con monto de cuadricula
2205|60472|TERCER|Ordinario|etiqueta de caja con monto de cuadricula
2206|14108|MAYOR|Ordinario|banner: monto de cuadricula
2206|47124|MAYOR|Ordinario|banner: monto de cuadricula
2206|21162|TERCER|Ordinario|etiqueta de caja con monto de cuadricula
2206|23533|SEGUNDO|Ordinario|etiqueta de caja con monto de cuadricula
2206|43204|QUINTO|Ordinario|etiqueta de caja con monto de cuadricula
2206|47467|SEXTO|Ordinario|etiqueta de caja con monto de cuadricula
2207|16036|MAYOR|Ordinario|banner: monto de cuadricula
2207|47232|MAYOR|Ordinario|banner: monto de cuadricula
2207|03332|TERCER|Ordinario|etiqueta de caja con monto de cuadricula
2207|36392|CUARTO|Ordinario|etiqueta de caja con monto de cuadricula
2207|34934|SEGUNDO|Ordinario|etiqueta de caja con monto de cuadricula
2207|44440|TERCER|Ordinario|etiqueta de caja con monto de cuadricula
2208|16747|MAYOR|Ordinario|banner: monto de cuadricula
2208|48394|MAYOR|Ordinario|banner: monto de cuadricula
2208|04384|CUARTO|Ordinario|etiqueta de caja con monto de cuadricula
2208|30414|TERCER|Ordinario|etiqueta de caja con monto de cuadricula
2208|48461|SEGUNDO|Ordinario|etiqueta de caja con monto de cuadricula
2209|11298|MAYOR|Ordinario|banner: monto de cuadricula
2209|48281|MAYOR|Ordinario|banner: monto de cuadricula
2209|01048|SEXTO|Ordinario|etiqueta de caja con monto de cuadricula
2209|03193|CUARTO|Ordinario|etiqueta de caja con monto de cuadricula
2209|47569|TERCER|Ordinario|etiqueta de caja con monto de cuadricula
2209|55145|SEGUNDO|Ordinario|etiqueta de caja con monto de cuadricula
2209|59902|TERCER|Ordinario|etiqueta de caja con monto de cuadricula
2210|13386|MAYOR|Ordinario|banner: monto de cuadricula
2210|43955|MAYOR|Ordinario|banner: monto de cuadricula
2210|59994|MAYOR|Ordinario|banner: monto de cuadricula
2210|59995|Ordinario|MAYOR|casa con la nota (monto destacado o grafico)
2210|06081|SEGUNDO|Ordinario|etiqueta de caja con monto de cuadricula
2210|38085|QUINTO|Ordinario|etiqueta de caja con monto de cuadricula
2211|14902|MAYOR|Ordinario|banner: monto de cuadricula
2211|49438|MAYOR|Ordinario|banner: monto de cuadricula
2211|05436|CUARTO|Ordinario|etiqueta de caja con monto de cuadricula
2211|15824|TERCER|Ordinario|etiqueta de caja con monto de cuadricula
2211|51881|TERCER|Ordinario|etiqueta de caja con monto de cuadricula
2212|16877|MAYOR|Ordinario|banner: monto de cuadricula
2212|46748|MAYOR|Ordinario|banner: monto de cuadricula
2212|18527|TERCER|Ordinario|etiqueta de caja con monto de cuadricula
2212|21635|QUINTO|Ordinario|etiqueta de caja con monto de cuadricula
2212|39044|SEGUNDO|Ordinario|etiqueta de caja con monto de cuadricula
2212|41106|SEXTO|Ordinario|etiqueta de caja con monto de cuadricula
2212|48880|SEXTO|Ordinario|etiqueta de caja con monto de cuadricula
2213|13407|MAYOR|Ordinario|banner: monto de cuadricula
2213|46208|MAYOR|Ordinario|banner: monto de cuadricula
2213|10649|QUINTO|Ordinario|etiqueta de caja con monto de cuadricula
2213|05771|SEXTO|Ordinario|etiqueta de caja con monto de cuadricula
2213|18184|SEGUNDO|Ordinario|etiqueta de caja con monto de cuadricula
2213|51953|TERCER|Ordinario|etiqueta de caja con monto de cuadricula
2214|48942|MAYOR|Ordinario|banner: monto de cuadricula
2214|18762|SEGUNDO|Ordinario|etiqueta de caja con monto de cuadricula
2214|19242|TERCER|Ordinario|etiqueta de caja con monto de cuadricula
2214|40869|QUINTO|Ordinario|etiqueta de caja con monto de cuadricula
2214|44036|TERCER|Ordinario|etiqueta de caja con monto de cuadricula
2215|14509|MAYOR|Ordinario|banner: monto de cuadricula
2215|49952|MAYOR|Ordinario|banner: monto de cuadricula
2215|56672|MAYOR|Ordinario|banner: monto de cuadricula
2215|02433|SEXTO|Ordinario|etiqueta de caja con monto de cuadricula
2215|22376|CUARTO|Ordinario|etiqueta de caja con monto de cuadricula
2215|36179|SEGUNDO|Ordinario|etiqueta de caja con monto de cuadricula
2216|15629|MAYOR|Ordinario|banner: monto de cuadricula
2216|26089|MAYOR|Ordinario|banner: monto de cuadricula
2216|45975|MAYOR|Ordinario|banner: monto de cuadricula
2216|29136|SEXTO|Ordinario|etiqueta de caja con monto de cuadricula
2216|30914|CUARTO|Ordinario|etiqueta de caja con monto de cuadricula
2216|51494|SEGUNDO|Ordinario|etiqueta de caja con monto de cuadricula
2217|15866|MAYOR|Ordinario|banner: monto de cuadricula
2217|44713|MAYOR|Ordinario|banner: monto de cuadricula
2217|14329|TERCER|Ordinario|etiqueta de caja con monto de cuadricula
2217|22088|TERCER|Ordinario|etiqueta de caja con monto de cuadricula
2217|25648|CUARTO|Ordinario|etiqueta de caja con monto de cuadricula
2217|39502|SEGUNDO|Ordinario|etiqueta de caja con monto de cuadricula
2218|14194|MAYOR|Ordinario|banner: monto de cuadricula
2218|08851|MAYOR|Ordinario|banner: monto de cuadricula
2218|45622|MAYOR|Ordinario|banner: monto de cuadricula
2218|14195|Ordinario|MAYOR|casa con la nota (monto destacado o grafico)
2218|28653|TERCER|Ordinario|etiqueta de caja con monto de cuadricula
2218|38230|SEXTO|Ordinario|etiqueta de caja con monto de cuadricula
2218|33762|SEXTO|Ordinario|etiqueta de caja con monto de cuadricula
2218|44494|CUARTO|Ordinario|etiqueta de caja con monto de cuadricula
2218|44967|SEGUNDO|Ordinario|etiqueta de caja con monto de cuadricula
2219|13918|MAYOR|Ordinario|banner: monto de cuadricula
2219|44470|MAYOR|Ordinario|banner: monto de cuadricula
2219|01142|SEGUNDO|Ordinario|etiqueta de caja con monto de cuadricula
2219|10288|SEXTO|Ordinario|etiqueta de caja con monto de cuadricula
2219|19000|SEXTO|Ordinario|etiqueta de caja con monto de cuadricula
2220|14465|MAYOR|Ordinario|banner: monto de cuadricula
2220|47813|MAYOR|Ordinario|banner: monto de cuadricula
2220|05785|SEGUNDO|Ordinario|etiqueta de caja con monto de cuadricula
2220|18366|QUINTO|Ordinario|etiqueta de caja con monto de cuadricula
2220|19203|TERCER|Ordinario|etiqueta de caja con monto de cuadricula
2220|35797|CUARTO|Ordinario|etiqueta de caja con monto de cuadricula
2221|17978|MAYOR|Ordinario|banner: monto de cuadricula
2221|47872|MAYOR|Ordinario|banner: monto de cuadricula
2221|27208|SEGUNDO|Ordinario|etiqueta de caja con monto de cuadricula
2221|32549|TERCER|Ordinario|etiqueta de caja con monto de cuadricula
2221|40109|TERCER|Ordinario|etiqueta de caja con monto de cuadricula
2222|14256|MAYOR|Ordinario|banner: monto de cuadricula
2222|48673|MAYOR|Ordinario|banner: monto de cuadricula
2222|04652|TERCER|Ordinario|etiqueta de caja con monto de cuadricula
2222|40110|CUARTO|Ordinario|etiqueta de caja con monto de cuadricula
2222|52703|QUINTO|Ordinario|etiqueta de caja con monto de cuadricula
2222|53032|SEXTO|Ordinario|etiqueta de caja con monto de cuadricula
2222|58513|SEGUNDO|Ordinario|etiqueta de caja con monto de cuadricula
2223|15305|MAYOR|Ordinario|banner: monto de cuadricula
2223|49672|MAYOR|Ordinario|banner: monto de cuadricula
2223|42793|SEGUNDO|Ordinario|etiqueta de caja con monto de cuadricula
2223|47411|CUARTO|Ordinario|etiqueta de caja con monto de cuadricula
2223|52095|TERCER|Ordinario|etiqueta de caja con monto de cuadricula
2223|53112|SEXTO|Ordinario|etiqueta de caja con monto de cuadricula
2224|15100|MAYOR|Ordinario|banner: monto de cuadricula
2224|38831|MAYOR|Ordinario|banner: monto de cuadricula
2224|12248|TERCER|Ordinario|etiqueta de caja con monto de cuadricula
2224|18453|SEXTO|Ordinario|etiqueta de caja con monto de cuadricula
2224|36810|CUARTO|Ordinario|etiqueta de caja con monto de cuadricula
2224|60148|SEGUNDO|Ordinario|etiqueta de caja con monto de cuadricula
2225|17118|MAYOR|Ordinario|banner: monto de cuadricula
2225|40962|MAYOR|Ordinario|banner: monto de cuadricula
2225|23696|QUINTO|Ordinario|etiqueta de caja con monto de cuadricula
2225|36929|QUINTO|Ordinario|etiqueta de caja con monto de cuadricula
2225|33026|SEGUNDO|Ordinario|etiqueta de caja con monto de cuadricula
2225|41268|TERCER|Ordinario|etiqueta de caja con monto de cuadricula
2225|48649|TERCER|Ordinario|etiqueta de caja con monto de cuadricula
2226|04496|MAYOR|Ordinario|banner: monto de cuadricula
2226|09539|MAYOR|Ordinario|banner: monto de cuadricula
2226|37669|MAYOR|Ordinario|banner: monto de cuadricula
2226|04497|Ordinario|MAYOR|casa con la nota (monto destacado o grafico)
2226|15747|SEXTO|Ordinario|etiqueta de caja con monto de cuadricula
2226|37098|SEGUNDO|Ordinario|etiqueta de caja con monto de cuadricula
2226|54267|CUARTO|Ordinario|etiqueta de caja con monto de cuadricula
2227|03432|MAYOR|Ordinario|banner: monto de cuadricula
2227|11099|MAYOR|Ordinario|banner: monto de cuadricula
2227|37866|MAYOR|Ordinario|banner: monto de cuadricula
2227|11097|Ordinario|MAYOR|casa con la nota (monto destacado o grafico)
2227|01693|QUINTO|Ordinario|etiqueta de caja con monto de cuadricula
2227|21112|SEGUNDO|Ordinario|etiqueta de caja con monto de cuadricula
2227|51398|TERCER|Ordinario|etiqueta de caja con monto de cuadricula
2228|16989|MAYOR|Ordinario|banner: monto de cuadricula
2228|37651|MAYOR|Destacado|REVISAR: mayor falso, nivel real por determinar
2228|16845|QUINTO|Ordinario|etiqueta de caja con monto de cuadricula
2228|24874|TERCER|Ordinario|etiqueta de caja con monto de cuadricula
2228|24943|SEGUNDO|Ordinario|etiqueta de caja con monto de cuadricula
2228|30991|TERCER|Ordinario|etiqueta de caja con monto de cuadricula
2228|44630|QUINTO|Ordinario|etiqueta de caja con monto de cuadricula
2228|48689|CUARTO|Ordinario|etiqueta de caja con monto de cuadricula
2229|08121|MAYOR|Ordinario|banner: monto de cuadricula
2229|43211|MAYOR|Ordinario|banner: monto de cuadricula
2229|15410|SEXTO|Ordinario|etiqueta de caja con monto de cuadricula
2229|24593|SEXTO|Ordinario|etiqueta de caja con monto de cuadricula
2229|28417|CUARTO|Ordinario|etiqueta de caja con monto de cuadricula
2229|46141|TERCER|Ordinario|etiqueta de caja con monto de cuadricula
2229|53368|SEGUNDO|Ordinario|etiqueta de caja con monto de cuadricula
2230|14595|MAYOR|Ordinario|banner: monto de cuadricula
2230|41351|MAYOR|Ordinario|banner: monto de cuadricula
2230|02958|SEGUNDO|Ordinario|etiqueta de caja con monto de cuadricula
2230|55881|QUINTO|Ordinario|etiqueta de caja con monto de cuadricula
2230|58292|QUINTO|Ordinario|etiqueta de caja con monto de cuadricula
2231|15610|MAYOR|Ordinario|banner: monto de cuadricula
2231|29505|MAYOR|Destacado|REVISAR: mayor falso, nivel real por determinar
2231|40908|MAYOR|Ordinario|banner: monto de cuadricula
2231|36210|Ordinario|MAYOR|casa con la nota (monto destacado o grafico)
2231|08910|CUARTO|Ordinario|etiqueta de caja con monto de cuadricula
2231|17099|TERCER|Ordinario|etiqueta de caja con monto de cuadricula
2231|41798|SEGUNDO|Ordinario|etiqueta de caja con monto de cuadricula
2231|46351|SEXTO|Ordinario|etiqueta de caja con monto de cuadricula
2232|16072|MAYOR|Ordinario|banner: monto de cuadricula
2232|40679|MAYOR|Ordinario|banner: monto de cuadricula
2232|18788|SEXTO|Ordinario|etiqueta de caja con monto de cuadricula
2232|36543|SEGUNDO|Ordinario|etiqueta de caja con monto de cuadricula
2232|40120|QUINTO|Ordinario|etiqueta de caja con monto de cuadricula
2232|57962|TERCER|Ordinario|etiqueta de caja con monto de cuadricula
2233|01254|MAYOR|Ordinario|banner: monto de cuadricula
2233|11972|MAYOR|Ordinario|banner: monto de cuadricula
2233|39867|MAYOR|Ordinario|banner: monto de cuadricula
2233|06670|Ordinario|MAYOR|casa con la nota (monto destacado o grafico)
2233|03944|CUARTO|Ordinario|etiqueta de caja con monto de cuadricula
2233|38999|SEGUNDO|Ordinario|etiqueta de caja con monto de cuadricula
2233|58823|TERCER|Ordinario|etiqueta de caja con monto de cuadricula
2234|15079|MAYOR|Ordinario|banner: monto de cuadricula
2234|42157|MAYOR|Ordinario|banner: monto de cuadricula
2234|01221|QUINTO|Ordinario|etiqueta de caja con monto de cuadricula
2234|17219|SEXTO|Ordinario|etiqueta de caja con monto de cuadricula
2234|37416|CUARTO|Ordinario|etiqueta de caja con monto de cuadricula
2234|46570|SEGUNDO|Ordinario|etiqueta de caja con monto de cuadricula
2235|17861|MAYOR|Ordinario|banner: monto de cuadricula
2235|40009|MAYOR|Ordinario|banner: monto de cuadricula
2235|53894|MAYOR|Ordinario|banner: monto de cuadricula
2235|53895|Ordinario|MAYOR|casa con la nota (monto destacado o grafico)
2235|22857|CUARTO|Ordinario|etiqueta de caja con monto de cuadricula
2235|28697|TERCER|Ordinario|etiqueta de caja con monto de cuadricula
2235|32841|SEGUNDO|Ordinario|etiqueta de caja con monto de cuadricula
2236|09669|MAYOR|Ordinario|banner: monto de cuadricula
2236|16999|MAYOR|Ordinario|banner: monto de cuadricula
2236|42995|MAYOR|Ordinario|banner: monto de cuadricula
2236|60494|MAYOR|Ordinario|banner: monto de cuadricula
2236|24340|SEXTO|Ordinario|etiqueta de caja con monto de cuadricula
2236|42104|CUARTO|Ordinario|etiqueta de caja con monto de cuadricula
2236|52332|TERCER|Ordinario|etiqueta de caja con monto de cuadricula
2236|53961|SEGUNDO|Ordinario|etiqueta de caja con monto de cuadricula
2237|13536|MAYOR|Ordinario|banner: monto de cuadricula
2237|26919|MAYOR|Ordinario|banner: monto de cuadricula
2237|41296|MAYOR|Ordinario|banner: monto de cuadricula
2237|10936|SEGUNDO|Ordinario|etiqueta de caja con monto de cuadricula
2237|41134|SEXTO|Ordinario|etiqueta de caja con monto de cuadricula
2237|46979|TERCER|Ordinario|etiqueta de caja con monto de cuadricula
2238|17856|MAYOR|Ordinario|banner: monto de cuadricula
2238|39634|MAYOR|Ordinario|banner: monto de cuadricula
2238|21561|QUINTO|Ordinario|etiqueta de caja con monto de cuadricula
2238|25290|TERCER|Ordinario|etiqueta de caja con monto de cuadricula
2238|32307|SEXTO|Ordinario|etiqueta de caja con monto de cuadricula
2238|38337|CUARTO|Ordinario|etiqueta de caja con monto de cuadricula
2238|33325|TERCER|Ordinario|etiqueta de caja con monto de cuadricula
2238|44999|SEGUNDO|Ordinario|etiqueta de caja con monto de cuadricula
2238|49193|QUINTO|Ordinario|etiqueta de caja con monto de cuadricula
2239|12801|MAYOR|Ordinario|banner: monto de cuadricula
2239|40591|MAYOR|Ordinario|banner: monto de cuadricula
2239|03457|SEXTO|Ordinario|etiqueta de caja con monto de cuadricula
2239|41262|TERCER|Ordinario|etiqueta de caja con monto de cuadricula
2239|54979|SEGUNDO|Ordinario|etiqueta de caja con monto de cuadricula
2240|09886|MAYOR|Ordinario|banner: monto de cuadricula
2240|14632|MAYOR|Ordinario|banner: monto de cuadricula
2240|39511|MAYOR|Ordinario|banner: monto de cuadricula
2240|54287|MAYOR|Ordinario|banner: monto de cuadricula
2240|02729|QUINTO|Ordinario|etiqueta de caja con monto de cuadricula
2240|03639|CUARTO|Ordinario|etiqueta de caja con monto de cuadricula
2240|21042|SEXTO|Ordinario|etiqueta de caja con monto de cuadricula
2240|49676|SEGUNDO|Ordinario|etiqueta de caja con monto de cuadricula
2240|59472|TERCER|Ordinario|etiqueta de caja con monto de cuadricula
2241|07615|MAYOR|Ordinario|banner: monto de cuadricula
2241|37829|MAYOR|Ordinario|banner: monto de cuadricula
2241|06714|SEXTO|Ordinario|etiqueta de caja con monto de cuadricula
2241|16777|SEXTO|Ordinario|etiqueta de caja con monto de cuadricula
2241|18916|QUINTO|Ordinario|etiqueta de caja con monto de cuadricula
2241|23809|TERCER|Ordinario|etiqueta de caja con monto de cuadricula
2241|54996|SEGUNDO|Ordinario|etiqueta de caja con monto de cuadricula
2242|11912|MAYOR|Ordinario|banner: monto de cuadricula
2242|37915|MAYOR|Ordinario|banner: monto de cuadricula
2242|24739|TERCER|Ordinario|etiqueta de caja con monto de cuadricula
2242|26918|SEGUNDO|Ordinario|etiqueta de caja con monto de cuadricula
2242|31319|SEXTO|Ordinario|etiqueta de caja con monto de cuadricula
2242|28106|SEXTO|Ordinario|etiqueta de caja con monto de cuadricula
2242|36512|CUARTO|Ordinario|etiqueta de caja con monto de cuadricula
2243|05803|MAYOR|Ordinario|banner: monto de cuadricula
2243|41876|MAYOR|Ordinario|banner: monto de cuadricula
2243|10800|SEGUNDO|Ordinario|etiqueta de caja con monto de cuadricula
2243|22277|TERCER|Ordinario|etiqueta de caja con monto de cuadricula
2243|55652|QUINTO|Ordinario|etiqueta de caja con monto de cuadricula
2243|56354|TERCER|Ordinario|etiqueta de caja con monto de cuadricula
2244|15975|MAYOR|Ordinario|banner: monto de cuadricula
2244|32217|MAYOR|Destacado|REVISAR: mayor falso, nivel real por determinar
2244|40069|MAYOR|Ordinario|banner: monto de cuadricula
2244|37950|Ordinario|MAYOR|casa con la nota (monto destacado o grafico)
2244|11141|SEXTO|Ordinario|etiqueta de caja con monto de cuadricula
2244|24176|SEGUNDO|Ordinario|etiqueta de caja con monto de cuadricula
2244|26681|TERCER|Ordinario|etiqueta de caja con monto de cuadricula
2244|36957|QUINTO|Ordinario|etiqueta de caja con monto de cuadricula
2244|53103|SEXTO|Ordinario|etiqueta de caja con monto de cuadricula
2245|16865|MAYOR|Ordinario|banner: monto de cuadricula
2245|35759|MAYOR|Ordinario|banner: monto de cuadricula
2245|40532|MAYOR|Ordinario|banner: monto de cuadricula
2245|35760|Ordinario|MAYOR|casa con la nota (monto destacado o grafico)
2245|18536|CUARTO|Ordinario|etiqueta de caja con monto de cuadricula
2245|51372|TERCER|Ordinario|etiqueta de caja con monto de cuadricula
2245|52247|SEGUNDO|Ordinario|etiqueta de caja con monto de cuadricula
2246|07765|MAYOR|Ordinario|banner: monto de cuadricula
2246|45314|MAYOR|Ordinario|banner: monto de cuadricula
2246|12570|Ordinario|MAYOR|casa con la nota (monto destacado o grafico)
2246|11697|SEXTO|Ordinario|etiqueta de caja con monto de cuadricula
2246|07306|QUINTO|Ordinario|etiqueta de caja con monto de cuadricula
2246|18886|QUINTO|Ordinario|etiqueta de caja con monto de cuadricula
2246|22602|SEGUNDO|Ordinario|etiqueta de caja con monto de cuadricula
2246|38482|TERCER|Ordinario|etiqueta de caja con monto de cuadricula
2246|52755|TERCER|Ordinario|etiqueta de caja con monto de cuadricula
2247|16042|MAYOR|Ordinario|banner: monto de cuadricula
2247|41848|MAYOR|Ordinario|banner: monto de cuadricula
2247|12751|TERCER|Ordinario|etiqueta de caja con monto de cuadricula
2247|31612|SEXTO|Ordinario|etiqueta de caja con monto de cuadricula
2247|57374|SEGUNDO|Ordinario|etiqueta de caja con monto de cuadricula
2248|11417|MAYOR|Ordinario|banner: monto de cuadricula
2248|41083|MAYOR|Ordinario|banner: monto de cuadricula
2248|11199|CUARTO|Ordinario|etiqueta de caja con monto de cuadricula
2248|19061|SEXTO|Ordinario|etiqueta de caja con monto de cuadricula
2248|53785|SEGUNDO|Ordinario|etiqueta de caja con monto de cuadricula
2248|58959|TERCER|Ordinario|etiqueta de caja con monto de cuadricula
2249|14559|MAYOR|Ordinario|banner: monto de cuadricula
2249|44299|MAYOR|Ordinario|banner: monto de cuadricula
2249|14617|SEGUNDO|Ordinario|etiqueta de caja con monto de cuadricula
2249|51699|CUARTO|Ordinario|etiqueta de caja con monto de cuadricula
2249|52794|TERCER|Ordinario|etiqueta de caja con monto de cuadricula
2250|14849|MAYOR|Ordinario|banner: monto de cuadricula
2250|44863|MAYOR|Ordinario|banner: monto de cuadricula
2250|10475|SEXTO|Ordinario|etiqueta de caja con monto de cuadricula
2250|06040|TERCER|Ordinario|etiqueta de caja con monto de cuadricula
2250|57144|CUARTO|Ordinario|etiqueta de caja con monto de cuadricula
2250|60054|SEGUNDO|Ordinario|etiqueta de caja con monto de cuadricula
2251|15908|MAYOR|Ordinario|banner: monto de cuadricula
2251|40359|MAYOR|Ordinario|banner: monto de cuadricula
2251|21563|CUARTO|Ordinario|etiqueta de caja con monto de cuadricula
2251|25249|SEXTO|Ordinario|etiqueta de caja con monto de cuadricula
2251|31251|TERCER|Ordinario|etiqueta de caja con monto de cuadricula
2251|40802|QUINTO|Ordinario|etiqueta de caja con monto de cuadricula
2251|45008|SEGUNDO|Ordinario|etiqueta de caja con monto de cuadricula
2252|13378|MAYOR|Ordinario|banner: monto de cuadricula
2252|42848|MAYOR|Ordinario|banner: monto de cuadricula
2252|49921|MAYOR|Ordinario|banner: monto de cuadricula
2252|49922|Ordinario|MAYOR|casa con la nota (monto destacado o grafico)
2252|08583|CUARTO|Ordinario|etiqueta de caja con monto de cuadricula
2252|14411|TERCER|Ordinario|etiqueta de caja con monto de cuadricula
2252|51122|SEGUNDO|Ordinario|etiqueta de caja con monto de cuadricula
2253|16995|MAYOR|Ordinario|banner: monto de cuadricula
2253|40345|MAYOR|Ordinario|banner: monto de cuadricula
2253|06407|SEXTO|Ordinario|etiqueta de caja con monto de cuadricula
2253|31719|CUARTO|Ordinario|etiqueta de caja con monto de cuadricula
2253|33296|TERCER|Ordinario|etiqueta de caja con monto de cuadricula
2253|43439|SEXTO|Ordinario|etiqueta de caja con monto de cuadricula
2253|43971|SEGUNDO|Ordinario|etiqueta de caja con monto de cuadricula
2254|11833|MAYOR|Ordinario|banner: monto de cuadricula
2254|41669|MAYOR|Ordinario|banner: monto de cuadricula
2254|02664|SEGUNDO|Ordinario|etiqueta de caja con monto de cuadricula
2254|05019|SEXTO|Ordinario|etiqueta de caja con monto de cuadricula
2254|11618|QUINTO|Ordinario|etiqueta de caja con monto de cuadricula
2254|48310|SEXTO|Ordinario|etiqueta de caja con monto de cuadricula
2254|58432|CUARTO|Ordinario|etiqueta de caja con monto de cuadricula
2255|14508|MAYOR|Ordinario|banner: monto de cuadricula
2255|42512|MAYOR|Ordinario|banner: monto de cuadricula
2255|05630|SEGUNDO|Ordinario|etiqueta de caja con monto de cuadricula
2255|28136|CUARTO|Ordinario|etiqueta de caja con monto de cuadricula
2255|41040|TERCER|Ordinario|etiqueta de caja con monto de cuadricula
2255|36083|QUINTO|Ordinario|etiqueta de caja con monto de cuadricula
2256|15304|MAYOR|Ordinario|banner: monto de cuadricula
2256|41499|MAYOR|Ordinario|banner: monto de cuadricula
2256|39350|SEGUNDO|Ordinario|etiqueta de caja con monto de cuadricula
2256|47922|TERCER|Ordinario|etiqueta de caja con monto de cuadricula
2256|51656|CUARTO|Ordinario|etiqueta de caja con monto de cuadricula
2256|60562|SEXTO|Ordinario|etiqueta de caja con monto de cuadricula
2257|13622|MAYOR|Ordinario|banner: monto de cuadricula
2257|45636|MAYOR|Ordinario|banner: monto de cuadricula
2257|12158|TERCER|Ordinario|etiqueta de caja con monto de cuadricula
2257|20077|TERCER|Ordinario|etiqueta de caja con monto de cuadricula
2257|46911|QUINTO|Ordinario|etiqueta de caja con monto de cuadricula
2257|56701|SEGUNDO|Ordinario|etiqueta de caja con monto de cuadricula
2257|59844|QUINTO|Ordinario|etiqueta de caja con monto de cuadricula
2258|12112|MAYOR|Ordinario|banner: monto de cuadricula
2258|40990|MAYOR|Ordinario|banner: monto de cuadricula
2258|23069|SEXTO|Ordinario|etiqueta de caja con monto de cuadricula
2258|25694|TERCER|Ordinario|etiqueta de caja con monto de cuadricula
2258|42513|CUARTO|Ordinario|etiqueta de caja con monto de cuadricula
2258|56915|SEGUNDO|Ordinario|etiqueta de caja con monto de cuadricula
2259|14796|MAYOR|Ordinario|banner: monto de cuadricula
2259|15569|MAYOR|Ordinario|banner: monto de cuadricula
2259|40903|MAYOR|Ordinario|banner: monto de cuadricula
2259|15570|Ordinario|MAYOR|casa con la nota (monto destacado o grafico)
2260|15512|MAYOR|Ordinario|banner: monto de cuadricula
2260|48970|MAYOR|Ordinario|banner: monto de cuadricula
2260|38349|CUARTO|Ordinario|etiqueta de caja con monto de cuadricula
2260|41066|SEGUNDO|Ordinario|etiqueta de caja con monto de cuadricula
2260|46219|TERCER|Ordinario|etiqueta de caja con monto de cuadricula
2260|51344|QUINTO|Ordinario|etiqueta de caja con monto de cuadricula
2261|07917|MAYOR|Ordinario|banner: monto de cuadricula
2261|48069|MAYOR|Ordinario|banner: monto de cuadricula
2261|15677|TERCER|Ordinario|etiqueta de caja con monto de cuadricula
2261|29597|SEXTO|Ordinario|etiqueta de caja con monto de cuadricula
2261|32218|QUINTO|Ordinario|etiqueta de caja con monto de cuadricula
2261|40617|QUINTO|Ordinario|etiqueta de caja con monto de cuadricula
2261|46693|TERCER|Ordinario|etiqueta de caja con monto de cuadricula
2261|43247|SEGUNDO|Ordinario|etiqueta de caja con monto de cuadricula
2262|12416|MAYOR|Ordinario|banner: monto de cuadricula
2262|38664|MAYOR|Ordinario|banner: monto de cuadricula
2262|16896|SEGUNDO|Ordinario|etiqueta de caja con monto de cuadricula
2262|19548|SEXTO|Ordinario|etiqueta de caja con monto de cuadricula
2262|35172|CUARTO|Ordinario|etiqueta de caja con monto de cuadricula
2263|01453|MAYOR|Ordinario|banner: monto de cuadricula
2263|10272|MAYOR|Ordinario|banner: monto de cuadricula
2263|47969|MAYOR|Ordinario|banner: monto de cuadricula
2263|06064|Ordinario|MAYOR|casa con la nota (monto destacado o grafico)
2263|11254|TERCER|Ordinario|etiqueta de caja con monto de cuadricula
2263|25208|TERCER|Ordinario|etiqueta de caja con monto de cuadricula
2264|13099|MAYOR|Ordinario|banner: monto de cuadricula
2264|13245|MAYOR|Ordinario|banner: monto de cuadricula
2264|39877|MAYOR|Ordinario|banner: monto de cuadricula
2264|28850|Ordinario|MAYOR|casa con la nota (monto destacado o grafico)
2264|10669|SEGUNDO|Ordinario|etiqueta de caja con monto de cuadricula
2264|06565|TERCER|Ordinario|etiqueta de caja con monto de cuadricula
2264|28805|SEXTO|Ordinario|etiqueta de caja con monto de cuadricula
2264|31660|CUARTO|Ordinario|etiqueta de caja con monto de cuadricula
2264|46450|SEXTO|Ordinario|etiqueta de caja con monto de cuadricula
2265|06126|MAYOR|Ordinario|banner: monto de cuadricula
2265|13520|MAYOR|Ordinario|banner: monto de cuadricula
2265|41034|MAYOR|Ordinario|banner: monto de cuadricula
2265|13103|Ordinario|MAYOR|casa con la nota (monto destacado o grafico)
2265|13009|QUINTO|Ordinario|etiqueta de caja con monto de cuadricula
2265|23822|SEGUNDO|Ordinario|etiqueta de caja con monto de cuadricula
2265|26900|SEXTO|Ordinario|etiqueta de caja con monto de cuadricula
2265|40229|TERCER|Ordinario|etiqueta de caja con monto de cuadricula
2265|44613|CUARTO|Ordinario|etiqueta de caja con monto de cuadricula
2265|47858|SEXTO|Ordinario|etiqueta de caja con monto de cuadricula
2266|05559|MAYOR|Ordinario|banner: monto de cuadricula
2266|11725|MAYOR|Ordinario|banner: monto de cuadricula
2266|11924|MAYOR|Ordinario|banner: monto de cuadricula
2266|38262|MAYOR|Ordinario|banner: monto de cuadricula
2266|11388|Ordinario|MAYOR|casa con la nota (monto destacado o grafico)
2266|12944|SEGUNDO|Ordinario|etiqueta de caja con monto de cuadricula
2266|15473|TERCER|Ordinario|etiqueta de caja con monto de cuadricula
2266|46704|SEXTO|Ordinario|etiqueta de caja con monto de cuadricula
2267|15664|MAYOR|Ordinario|banner: monto de cuadricula
2267|15673|MAYOR|Ordinario|banner: monto de cuadricula
2267|41862|MAYOR|Ordinario|banner: monto de cuadricula
2267|27795|SEGUNDO|Ordinario|etiqueta de caja con monto de cuadricula
2267|32376|CUARTO|Ordinario|etiqueta de caja con monto de cuadricula
2267|60314|TERCER|Ordinario|etiqueta de caja con monto de cuadricula
2269|07158|MAYOR|Ordinario|banner: monto de cuadricula
2269|15636|MAYOR|Destacado|REVISAR: mayor falso, nivel real por determinar
2269|43532|MAYOR|Ordinario|banner: monto de cuadricula
2269|15133|SEGUNDO|Ordinario|etiqueta de caja con monto de cuadricula
2269|56347|TERCER|Ordinario|etiqueta de caja con monto de cuadricula
2269|58546|CUARTO|Ordinario|etiqueta de caja con monto de cuadricula
2270|08124|MAYOR|Ordinario|banner: monto de cuadricula
2270|41249|MAYOR|Ordinario|banner: monto de cuadricula
2270|17251|TERCER|Ordinario|etiqueta de caja con monto de cuadricula
2270|44240|CUARTO|Ordinario|etiqueta de caja con monto de cuadricula
2270|46704|SEGUNDO|Ordinario|etiqueta de caja con monto de cuadricula
2271|15470|MAYOR|Ordinario|banner: monto de cuadricula
2271|15560|MAYOR|Ordinario|banner: monto de cuadricula
2271|36029|MAYOR|Ordinario|banner: monto de cuadricula
2271|36086|MAYOR|Ordinario|banner: monto de cuadricula
2271|42328|Ordinario|MAYOR|casa con la nota (monto destacado o grafico)
2271|13662|TERCER|Ordinario|etiqueta de caja con monto de cuadricula
2271|24824|SEGUNDO|Ordinario|etiqueta de caja con monto de cuadricula
2271|28364|SEXTO|Ordinario|etiqueta de caja con monto de cuadricula
2271|60382|CUARTO|Ordinario|etiqueta de caja con monto de cuadricula
2272|15385|MAYOR|Ordinario|banner: monto de cuadricula
2272|15614|MAYOR|Ordinario|banner: monto de cuadricula
2272|39524|MAYOR|Ordinario|banner: monto de cuadricula
2272|22374|SEGUNDO|Ordinario|etiqueta de caja con monto de cuadricula
2272|22735|TERCER|Ordinario|etiqueta de caja con monto de cuadricula
2272|52869|CUARTO|Ordinario|etiqueta de caja con monto de cuadricula
2273|06664|MAYOR|Ordinario|banner: monto de cuadricula
2273|08805|MAYOR|Ordinario|banner: monto de cuadricula
2273|17510|MAYOR|Ordinario|banner: monto de cuadricula
2273|39542|MAYOR|Ordinario|banner: monto de cuadricula
2273|60746|MAYOR|Ordinario|banner: monto de cuadricula
2273|13832|Ordinario|MAYOR|casa con la nota (monto destacado o grafico)
2273|16944|QUINTO|Ordinario|etiqueta de caja con monto de cuadricula
2273|24275|TERCER|Ordinario|etiqueta de caja con monto de cuadricula
2273|26397|QUINTO|Ordinario|etiqueta de caja con monto de cuadricula
2273|35229|SEGUNDO|Ordinario|etiqueta de caja con monto de cuadricula
2273|42266|TERCER|Ordinario|etiqueta de caja con monto de cuadricula
2273|47710|SEXTO|Ordinario|etiqueta de caja con monto de cuadricula
2274|13926|MAYOR|Ordinario|banner: monto de cuadricula
2274|14083|MAYOR|Ordinario|banner: monto de cuadricula
2274|41098|MAYOR|Ordinario|banner: monto de cuadricula
2274|03109|TERCER|Ordinario|etiqueta de caja con monto de cuadricula
2274|51511|SEGUNDO|Ordinario|etiqueta de caja con monto de cuadricula
2274|60514|SEXTO|Ordinario|etiqueta de caja con monto de cuadricula
2275|15153|MAYOR|Ordinario|banner: monto de cuadricula
2275|32380|MAYOR|Ordinario|banner: monto de cuadricula
2275|42980|MAYOR|Ordinario|banner: monto de cuadricula
2275|44844|MAYOR|Ordinario|banner: monto de cuadricula
2275|54984|MAYOR|Ordinario|banner: monto de cuadricula
2275|38780|Ordinario|MAYOR|casa con la nota (monto destacado o grafico)
2275|03908|SEGUNDO|Ordinario|etiqueta de caja con monto de cuadricula
2275|38090|SEXTO|Ordinario|etiqueta de caja con monto de cuadricula
2275|47278|CUARTO|Ordinario|etiqueta de caja con monto de cuadricula
2275|54254|TERCER|Ordinario|etiqueta de caja con monto de cuadricula
2276|17846|MAYOR|Ordinario|banner: monto de cuadricula
2276|17896|MAYOR|Ordinario|banner: monto de cuadricula
2276|42995|MAYOR|Ordinario|banner: monto de cuadricula
2276|22408|CUARTO|Ordinario|etiqueta de caja con monto de cuadricula
2276|29105|SEXTO|Ordinario|etiqueta de caja con monto de cuadricula
2276|53084|SEGUNDO|Ordinario|etiqueta de caja con monto de cuadricula
2276|55748|SEXTO|Ordinario|etiqueta de caja con monto de cuadricula
2277|08861|MAYOR|Ordinario|banner: monto de cuadricula
2277|10480|MAYOR|Ordinario|banner: monto de cuadricula
2277|10692|MAYOR|Ordinario|banner: monto de cuadricula
2277|39013|MAYOR|Ordinario|banner: monto de cuadricula
2277|08862|Ordinario|MAYOR|casa con la nota (monto destacado o grafico)
2277|06052|QUINTO|Ordinario|etiqueta de caja con monto de cuadricula
2277|10263|SEGUNDO|Ordinario|etiqueta de caja con monto de cuadricula
2277|11357|TERCER|Ordinario|etiqueta de caja con monto de cuadricula
2277|28179|CUARTO|Ordinario|etiqueta de caja con monto de cuadricula
2277|40471|TERCER|Ordinario|etiqueta de caja con monto de cuadricula
2277|57075|QUINTO|Ordinario|etiqueta de caja con monto de cuadricula
2278|12857|MAYOR|Ordinario|banner: monto de cuadricula
2278|13009|MAYOR|Ordinario|banner: monto de cuadricula
2278|47667|MAYOR|Ordinario|banner: monto de cuadricula
2278|41584|SEGUNDO|Ordinario|etiqueta de caja con monto de cuadricula
2278|54341|TERCER|Ordinario|etiqueta de caja con monto de cuadricula
2278|55721|CUARTO|Ordinario|etiqueta de caja con monto de cuadricula
2279|17097|MAYOR|Ordinario|banner: monto de cuadricula
2279|17168|MAYOR|Ordinario|banner: monto de cuadricula
2279|41674|MAYOR|Ordinario|banner: monto de cuadricula
2279|20356|TERCER|Ordinario|etiqueta de caja con monto de cuadricula
2279|24013|TERCER|Ordinario|etiqueta de caja con monto de cuadricula
2279|30998|CUARTO|Ordinario|etiqueta de caja con monto de cuadricula
2279|49346|SEGUNDO|Ordinario|etiqueta de caja con monto de cuadricula
2280|15775|MAYOR|Ordinario|banner: monto de cuadricula
2280|43669|MAYOR|Ordinario|banner: monto de cuadricula
2280|53989|QUINTO|Ordinario|etiqueta de caja con monto de cuadricula
2280|59253|SEGUNDO|Ordinario|etiqueta de caja con monto de cuadricula
2281|11533|MAYOR|Ordinario|banner: monto de cuadricula
2281|11556|MAYOR|Ordinario|banner: monto de cuadricula
2281|40960|MAYOR|Ordinario|banner: monto de cuadricula
2281|01036|SEGUNDO|Ordinario|etiqueta de caja con monto de cuadricula
2281|08844|SEXTO|Ordinario|etiqueta de caja con monto de cuadricula
2281|28888|CUARTO|Ordinario|etiqueta de caja con monto de cuadricula
2282|15595|MAYOR|Ordinario|banner: monto de cuadricula
2282|15597|MAYOR|Ordinario|banner: monto de cuadricula
2282|31675|MAYOR|Destacado|REVISAR: mayor falso, nivel real por determinar
2282|40820|MAYOR|Ordinario|banner: monto de cuadricula
2282|41589|MAYOR|Ordinario|banner: monto de cuadricula
2282|04860|CUARTO|Ordinario|etiqueta de caja con monto de cuadricula
2282|30954|TERCER|Ordinario|etiqueta de caja con monto de cuadricula
2282|35554|SEGUNDO|Ordinario|etiqueta de caja con monto de cuadricula
2282|42742|TERCER|Ordinario|etiqueta de caja con monto de cuadricula
2283|12578|MAYOR|Ordinario|banner: monto de cuadricula
2283|12599|MAYOR|Ordinario|banner: monto de cuadricula
2283|40771|MAYOR|Ordinario|banner: monto de cuadricula
2283|10753|Ordinario|MAYOR|casa con la nota (monto destacado o grafico)
2283|41115|CUARTO|Ordinario|etiqueta de caja con monto de cuadricula
2283|43613|TERCER|Ordinario|etiqueta de caja con monto de cuadricula
2283|53985|SEGUNDO|Ordinario|etiqueta de caja con monto de cuadricula
2284|15794|MAYOR|Ordinario|banner: monto de cuadricula
2284|43920|MAYOR|Ordinario|banner: monto de cuadricula
2284|51535|Ordinario|MAYOR|casa con la nota (monto destacado o grafico)
2284|22168|SEGUNDO|Ordinario|etiqueta de caja con monto de cuadricula
2284|24982|TERCER|Ordinario|etiqueta de caja con monto de cuadricula
2284|44522|TERCER|Ordinario|etiqueta de caja con monto de cuadricula
2284|54269|QUINTO|Ordinario|etiqueta de caja con monto de cuadricula
2284|54592|QUINTO|Ordinario|etiqueta de caja con monto de cuadricula
2284|57267|SEXTO|Ordinario|etiqueta de caja con monto de cuadricula
2285|14419|MAYOR|Ordinario|banner: monto de cuadricula
2285|14427|MAYOR|Ordinario|banner: monto de cuadricula
2285|30723|MAYOR|Destacado|REVISAR: mayor falso, nivel real por determinar
2285|39754|MAYOR|Ordinario|banner: monto de cuadricula
2285|12847|TERCER|Ordinario|etiqueta de caja con monto de cuadricula
2285|14197|SEXTO|Ordinario|etiqueta de caja con monto de cuadricula
2285|14959|SEGUNDO|Ordinario|etiqueta de caja con monto de cuadricula
2285|23200|CUARTO|Ordinario|etiqueta de caja con monto de cuadricula
2286|15383|MAYOR|Ordinario|banner: monto de cuadricula
2286|15423|MAYOR|Ordinario|banner: monto de cuadricula
2286|48273|MAYOR|Ordinario|banner: monto de cuadricula
2286|24629|CUARTO|Ordinario|etiqueta de caja con monto de cuadricula
2286|42661|SEXTO|Ordinario|etiqueta de caja con monto de cuadricula
2286|45944|TERCER|Ordinario|etiqueta de caja con monto de cuadricula
2286|51020|QUINTO|Ordinario|etiqueta de caja con monto de cuadricula
2286|52926|SEGUNDO|Ordinario|etiqueta de caja con monto de cuadricula
2287|02281|MAYOR|Ordinario|banner: monto de cuadricula
2287|14227|MAYOR|Ordinario|banner: monto de cuadricula
2287|14311|MAYOR|Ordinario|banner: monto de cuadricula
2287|44232|MAYOR|Ordinario|banner: monto de cuadricula
2287|10363|Ordinario|MAYOR|casa con la nota (monto destacado o grafico)
2287|35517|SEGUNDO|Ordinario|etiqueta de caja con monto de cuadricula
2287|50439|QUINTO|Ordinario|etiqueta de caja con monto de cuadricula
2287|52044|TERCER|Ordinario|etiqueta de caja con monto de cuadricula
2287|58330|TERCER|Ordinario|etiqueta de caja con monto de cuadricula
2287|59057|CUARTO|Ordinario|etiqueta de caja con monto de cuadricula
2288|17085|MAYOR|Ordinario|banner: monto de cuadricula
2288|17093|MAYOR|Ordinario|banner: monto de cuadricula
2288|43898|MAYOR|Ordinario|banner: monto de cuadricula
2288|01255|QUINTO|Ordinario|etiqueta de caja con monto de cuadricula
2288|24246|TERCER|Ordinario|etiqueta de caja con monto de cuadricula
2288|31440|CUARTO|Ordinario|etiqueta de caja con monto de cuadricula
2288|59745|SEGUNDO|Ordinario|etiqueta de caja con monto de cuadricula
2289|06165|MAYOR|Ordinario|banner: monto de cuadricula
2289|12842|MAYOR|Ordinario|banner: monto de cuadricula
2289|12845|MAYOR|Ordinario|banner: monto de cuadricula
2289|40698|MAYOR|Ordinario|banner: monto de cuadricula
2289|52692|MAYOR|Ordinario|banner: monto de cuadricula
2289|04093|SEXTO|Ordinario|etiqueta de caja con monto de cuadricula
2289|04227|TERCER|Ordinario|etiqueta de caja con monto de cuadricula
2289|27376|SEXTO|Ordinario|etiqueta de caja con monto de cuadricula
2289|56789|SEGUNDO|Ordinario|etiqueta de caja con monto de cuadricula
2290|24091|MAYOR|Destacado|REVISAR: mayor falso, nivel real por determinar
2290|35575|MAYOR|Destacado|REVISAR: mayor falso, nivel real por determinar
2290|60968|MAYOR|Destacado|REVISAR: mayor falso, nivel real por determinar
2291|37606|MAYOR|Destacado|REVISAR: mayor falso, nivel real por determinar
2291|36694|MAYOR|Destacado|REVISAR: mayor falso, nivel real por determinar
2291|60992|MAYOR|Destacado|REVISAR: mayor falso, nivel real por determinar
2291|17609|Ordinario|MAYOR|casa con la nota (monto destacado o grafico)
2292|45694|MAYOR|Destacado|REVISAR: mayor falso, nivel real por determinar
2292|33457|MAYOR|Destacado|REVISAR: mayor falso, nivel real por determinar
2292|60984|MAYOR|Destacado|REVISAR: mayor falso, nivel real por determinar
2293|16496|MAYOR|Destacado|REVISAR: mayor falso, nivel real por determinar
2293|35996|MAYOR|Destacado|REVISAR: mayor falso, nivel real por determinar
2293|60954|MAYOR|Destacado|REVISAR: mayor falso, nivel real por determinar
1468|50531|QUINTO|TERCER|reorden por monto (etiquetas permutadas)
1468|46747|TERCER|QUINTO|reorden por monto (etiquetas permutadas)
1492|16203|TERCER|SEGUNDO|reorden por monto (etiquetas permutadas)
1492|20602|SEGUNDO|TERCER|reorden por monto (etiquetas permutadas)
1597|24965|SEGUNDO|MAYOR|reorden por monto (etiquetas permutadas)
1597|41991|MAYOR|SEGUNDO|reorden por monto (etiquetas permutadas)
1604|45703|CUARTO|MAYOR|reorden por monto (etiquetas permutadas)
1604|30195|MAYOR|CUARTO|reorden por monto (etiquetas permutadas)
1665|42573|QUINTO|TERCER|reorden por monto (etiquetas permutadas)
1665|15293|TERCER|QUINTO|reorden por monto (etiquetas permutadas)
1679|29000|TERCER|SEGUNDO|reorden por monto (etiquetas permutadas)
1679|24041|SEGUNDO|TERCER|reorden por monto (etiquetas permutadas)
1687|05706|TERCER|SEGUNDO|reorden por monto (etiquetas permutadas)
1687|32215|SEGUNDO|TERCER|reorden por monto (etiquetas permutadas)
1735|15415|TERCER|MAYOR|reorden por monto (etiquetas permutadas)
1735|03650|MAYOR|TERCER|reorden por monto (etiquetas permutadas)
1736|28790|SEGUNDO|MAYOR|reorden por monto (etiquetas permutadas)
1736|55029|MAYOR|SEGUNDO|reorden por monto (etiquetas permutadas)
1802|35974|QUINTO|SEGUNDO|reorden por monto (etiquetas permutadas)
1802|45678|SEXTO|QUINTO|reorden por monto (etiquetas permutadas)
1802|45940|SEGUNDO|SEXTO|reorden por monto (etiquetas permutadas)
1805|07760|CUARTO|MAYOR|reorden por monto (etiquetas permutadas)
1805|32801|MAYOR|CUARTO|reorden por monto (etiquetas permutadas)
1820|41665|SEXTO|MAYOR|reorden por monto (etiquetas permutadas)
1820|46316|MAYOR|SEXTO|reorden por monto (etiquetas permutadas)
1825|24341|CUARTO|MAYOR|reorden por monto (etiquetas permutadas)
1825|27205|QUINTO|CUARTO|reorden por monto (etiquetas permutadas)
1825|40888|MAYOR|QUINTO|reorden por monto (etiquetas permutadas)
1836|19497|CUARTO|MAYOR|reorden por monto (etiquetas permutadas)
1836|07571|QUINTO|CUARTO|reorden por monto (etiquetas permutadas)
1836|14475|MAYOR|QUINTO|reorden por monto (etiquetas permutadas)
1853|23944|CUARTO|SEGUNDO|reorden por monto (etiquetas permutadas)
1853|26305|SEXTO|CUARTO|reorden por monto (etiquetas permutadas)
1853|55938|SEGUNDO|SEXTO|reorden por monto (etiquetas permutadas)
1864|19766|TERCER|SEGUNDO|reorden por monto (etiquetas permutadas)
1864|28871|CUARTO|TERCER|reorden por monto (etiquetas permutadas)
1864|16625|QUINTO|CUARTO|reorden por monto (etiquetas permutadas)
1864|57920|SEGUNDO|QUINTO|reorden por monto (etiquetas permutadas)
1867|21928|QUINTO|CUARTO|reorden por monto (etiquetas permutadas)
1867|02991|CUARTO|QUINTO|reorden por monto (etiquetas permutadas)
1880|31740|SEGUNDO|MAYOR|reorden por monto (etiquetas permutadas)
1880|46543|TERCER|SEGUNDO|reorden por monto (etiquetas permutadas)
1880|23503|SEXTO|TERCER|reorden por monto (etiquetas permutadas)
1880|14271|MAYOR|SEXTO|reorden por monto (etiquetas permutadas)
1883|53009|TERCER|MAYOR|reorden por monto (etiquetas permutadas)
1883|08569|MAYOR|TERCER|reorden por monto (etiquetas permutadas)
1889|27288|CUARTO|MAYOR|reorden por monto (etiquetas permutadas)
1889|26920|QUINTO|CUARTO|reorden por monto (etiquetas permutadas)
1889|37913|MAYOR|QUINTO|reorden por monto (etiquetas permutadas)
1934|28376|SEXTO|TERCER|reorden por monto (etiquetas permutadas)
1934|43612|TERCER|CUARTO|reorden por monto (etiquetas permutadas)
1934|58135|CUARTO|SEXTO|reorden por monto (etiquetas permutadas)
1937|25975|TERCER|MAYOR|reorden por monto (etiquetas permutadas)
1937|05796|MAYOR|TERCER|reorden por monto (etiquetas permutadas)
2019|52196|TERCER|MAYOR|reorden por monto (etiquetas permutadas)
2019|39463|MAYOR|TERCER|reorden por monto (etiquetas permutadas)
2063|13933|SEXTO|TERCER|reorden por monto (etiquetas permutadas)
2063|52538|TERCER|SEXTO|reorden por monto (etiquetas permutadas)
2083|57689|SEXTO|TERCER|reorden por monto (etiquetas permutadas)
2083|41311|TERCER|SEXTO|reorden por monto (etiquetas permutadas)
2096|27545|CUARTO|MAYOR|reorden por monto (etiquetas permutadas)
2096|32819|MAYOR|CUARTO|reorden por monto (etiquetas permutadas)
2115|17070|SEGUNDO|MAYOR|reorden por monto (etiquetas permutadas)
2115|30955|MAYOR|SEGUNDO|reorden por monto (etiquetas permutadas)
2131|13003|CUARTO|MAYOR|reorden por monto (etiquetas permutadas)
2131|51759|MAYOR|CUARTO|reorden por monto (etiquetas permutadas)
2179|06658|TERCER|MAYOR|reorden por monto (etiquetas permutadas)
2179|06912|MAYOR|TERCER|reorden por monto (etiquetas permutadas)
2193|44000|TERCER|MAYOR|reorden por monto (etiquetas permutadas)
2193|03111|QUINTO|TERCER|reorden por monto (etiquetas permutadas)
2193|01745|MAYOR|QUINTO|reorden por monto (etiquetas permutadas)
2232|34215|CUARTO|MAYOR|reorden por monto (etiquetas permutadas)
2232|36542|MAYOR|CUARTO|reorden por monto (etiquetas permutadas)
2260|51225|TERCER|MAYOR|reorden por monto (etiquetas permutadas)
2260|49969|SEXTO|TERCER|reorden por monto (etiquetas permutadas)
2260|17950|MAYOR|SEXTO|reorden por monto (etiquetas permutadas)
2264|16176|QUINTO|MAYOR|reorden por monto (etiquetas permutadas)
2264|28850|MAYOR|QUINTO|reorden por monto (etiquetas permutadas)
2271|49170|TERCER|MAYOR|reorden por monto (etiquetas permutadas)
2271|25646|QUINTO|TERCER|reorden por monto (etiquetas permutadas)
2271|42328|MAYOR|QUINTO|reorden por monto (etiquetas permutadas)
2273|15267|CUARTO|MAYOR|reorden por monto (etiquetas permutadas)
2273|13832|MAYOR|CUARTO|reorden por monto (etiquetas permutadas)
2287|17019|QUINTO|MAYOR|reorden por monto (etiquetas permutadas)
2287|19157|SEXTO|QUINTO|reorden por monto (etiquetas permutadas)
2287|10363|MAYOR|SEXTO|reorden por monto (etiquetas permutadas)
1492|20205|monto:5000.00|monto:20000000.00|monto del contraste awk (jerarquia)
1493|39008|monto:4000.00|monto:6000000.00|monto del contraste awk (jerarquia)
1569|28881|monto:10000.00|monto:5000000.00|monto del contraste awk (jerarquia)
1618|39022|monto:20000.00|monto:5000000.00|monto del contraste awk (jerarquia)
1734|06221|monto:2000.00|monto:9000000.00|monto del contraste awk (jerarquia)
1741|20040|monto:25000.00|monto:7500000.00|monto del contraste awk (jerarquia)
1751|33201|monto:3000.00|monto:5000000.00|monto del contraste awk (jerarquia)
1754|29674|monto:20000.00|monto:15000000.00|monto del contraste awk (jerarquia)
1777|32857|monto:25000.00|monto:5000000.00|monto del contraste awk (jerarquia)
1790|37243|monto:20000.00|monto:8000000.00|monto del contraste awk (jerarquia)
1794|21647|monto:25000.00|monto:5000000.00|monto del contraste awk (jerarquia)
1798|58655|monto:20000.00|monto:8000000.00|monto del contraste awk (jerarquia)
1799|44432|monto:30000.00|monto:9000000.00|monto del contraste awk (jerarquia)
1810|26219|monto:25000.00|monto:10000000.00|monto del contraste awk (jerarquia)
1818|25993|monto:30000.00|monto:6000000.00|monto del contraste awk (jerarquia)
1848|29297|monto:30000.00|monto:6000000.00|monto del contraste awk (jerarquia)
1851|59037|monto:25000.00|monto:18000000.00|monto del contraste awk (jerarquia)
1871|01088|monto:20000.00|monto:11000000.00|monto del contraste awk (jerarquia)
1877|55167|monto:20000.00|monto:8000000.00|monto del contraste awk (jerarquia)
1879|24659|monto:20000.00|monto:8000000.00|monto del contraste awk (jerarquia)
1904|08680|monto:20000.00|monto:NULL|monto incongruente sin contraste
1910|59098|monto:20000.00|monto:NULL|monto incongruente sin contraste
1932|38979|monto:20000.00|monto:NULL|monto incongruente sin contraste
1938|50129|monto:20000.00|monto:NULL|monto incongruente sin contraste
1942|09960|monto:3000.00|monto:NULL|monto incongruente sin contraste
1980|27693|monto:20000.00|monto:NULL|monto incongruente sin contraste
1982|58664|monto:20000.00|monto:NULL|monto incongruente sin contraste
1985|43937|monto:25000.00|monto:NULL|monto incongruente sin contraste
1986|29086|monto:20000.00|monto:NULL|monto incongruente sin contraste
2007|33424|monto:20000.00|monto:NULL|monto incongruente sin contraste
2010|58728|monto:20000.00|monto:NULL|monto incongruente sin contraste
2017|14920|monto:3000.00|monto:NULL|monto incongruente sin contraste
2017|49176|monto:3000.00|monto:NULL|monto incongruente sin contraste
2026|59837|monto:25000.00|monto:NULL|monto incongruente sin contraste
2033|17563|monto:20000.00|monto:NULL|monto incongruente sin contraste
2034|56570|monto:25000.00|monto:NULL|monto incongruente sin contraste
2040|26879|monto:20000.00|monto:NULL|monto incongruente sin contraste
2041|29115|monto:20000.00|monto:NULL|monto incongruente sin contraste
2048|44259|monto:20000.00|monto:NULL|monto incongruente sin contraste
2049|24860|monto:20000.00|monto:NULL|monto incongruente sin contraste
2053|20675|monto:20000.00|monto:NULL|monto incongruente sin contraste
2055|10875|monto:25000.00|monto:NULL|monto incongruente sin contraste
2065|36443|monto:20000.00|monto:NULL|monto incongruente sin contraste
2072|10090|monto:20000.00|monto:NULL|monto incongruente sin contraste
2073|14999|monto:20000.00|monto:NULL|monto incongruente sin contraste
2075|20013|monto:25000.00|monto:NULL|monto incongruente sin contraste
2080|21054|monto:20000.00|monto:NULL|monto incongruente sin contraste
2084|25445|monto:20000.00|monto:NULL|monto incongruente sin contraste
2087|38334|monto:20000.00|monto:NULL|monto incongruente sin contraste
2092|01377|monto:20000.00|monto:NULL|monto incongruente sin contraste
2102|47724|monto:20000.00|monto:NULL|monto incongruente sin contraste
2103|53139|monto:20000.00|monto:NULL|monto incongruente sin contraste
2105|18225|monto:20000.00|monto:NULL|monto incongruente sin contraste
2113|16413|monto:20000.00|monto:NULL|monto incongruente sin contraste
2118|59802|monto:20000.00|monto:NULL|monto incongruente sin contraste
2121|46895|monto:20000.00|monto:NULL|monto incongruente sin contraste
2124|46086|monto:20000.00|monto:NULL|monto incongruente sin contraste
2126|45125|monto:20000.00|monto:NULL|monto incongruente sin contraste
2128|30834|monto:20000.00|monto:NULL|monto incongruente sin contraste
2130|54995|monto:20000.00|monto:NULL|monto incongruente sin contraste
2130|54995|monto:3000.00|monto:NULL|monto incongruente sin contraste
2132|23779|monto:20000.00|monto:NULL|monto incongruente sin contraste
2134|32991|monto:25000.00|monto:NULL|monto incongruente sin contraste
2135|17020|monto:20000.00|monto:NULL|monto incongruente sin contraste
2136|19780|monto:20000.00|monto:NULL|monto incongruente sin contraste
2138|56075|monto:2800.00|monto:NULL|monto incongruente sin contraste
2139|56191|monto:20000.00|monto:NULL|monto incongruente sin contraste
2143|38424|monto:25000.00|monto:NULL|monto incongruente sin contraste
2144|59831|monto:20000.00|monto:NULL|monto incongruente sin contraste
2154|18441|monto:20000.00|monto:NULL|monto incongruente sin contraste
2157|31930|monto:20000.00|monto:NULL|monto incongruente sin contraste
2162|47032|monto:20000.00|monto:NULL|monto incongruente sin contraste
2163|24648|monto:20000.00|monto:NULL|monto incongruente sin contraste
2175|27231|monto:20000.00|monto:NULL|monto incongruente sin contraste
2177|30994|monto:20000.00|monto:NULL|monto incongruente sin contraste
2200|47159|monto:20000.00|monto:NULL|monto incongruente sin contraste
2201|24919|monto:20000.00|monto:NULL|monto incongruente sin contraste
2202|44675|monto:20000.00|monto:NULL|monto incongruente sin contraste
2206|46709|monto:20000.00|monto:NULL|monto incongruente sin contraste
2208|31042|monto:25000.00|monto:NULL|monto incongruente sin contraste
2209|32910|monto:25000.00|monto:NULL|monto incongruente sin contraste
2212|22549|monto:20000.00|monto:NULL|monto incongruente sin contraste
2214|50897|monto:25000.00|monto:NULL|monto incongruente sin contraste
2217|37428|monto:25000.00|monto:NULL|monto incongruente sin contraste
2219|19424|monto:20000.00|monto:NULL|monto incongruente sin contraste
2223|26595|monto:20000.00|monto:NULL|monto incongruente sin contraste
2228|26244|monto:25000.00|monto:NULL|monto incongruente sin contraste
2237|20440|monto:1000.00|monto:NULL|monto incongruente sin contraste
2243|03695|monto:25000.00|monto:NULL|monto incongruente sin contraste
2247|27948|monto:20000.00|monto:NULL|monto incongruente sin contraste
2250|48770|monto:20000.00|monto:NULL|monto incongruente sin contraste
2253|22368|monto:20000.00|monto:NULL|monto incongruente sin contraste
2258|04935|monto:20000.00|monto:NULL|monto incongruente sin contraste
2264|48850|monto:20000.00|monto:NULL|monto incongruente sin contraste
2272|20003|monto:20000.00|monto:NULL|monto incongruente sin contraste
2278|01694|monto:8000.00|monto:NULL|monto incongruente sin contraste
2281|09499|monto:20000.00|monto:NULL|monto incongruente sin contraste
2289|45037|monto:20000.00|monto:NULL|monto incongruente sin contraste
