sorteo|tipo|numero|monto|confianza
1447|Ordinario|33263|850.00|80
1447|Ordinario|01093|850.00|80
1447|Ordinario|01145|850.00|80
1447|Ordinario|01149|850.00|80
1447|Ordinario|01310|850.00|80
1447|Ordinario|01314|850.00|80
1447|Ordinario|01371|850.00|80
1447|Ordinario|01410|850.00|80
1447|Ordinario|01437|850.00|80
1447|Ordinario|01587|900.00|80
1447|Ordinario|01653|850.00|80
1447|Ordinario|01724|850.00|80
1447|Ordinario|01727|850.00|80
1447|Ordinario|01772|850.00|80
1447|Ordinario|01814|850.00|80
1447|Ordinario|01857|850.00|80
1447|Ordinario|02017|850.00|80
1447|Ordinario|02029|850.00|80
1447|Ordinario|02082|900.00|80
1447|Ordinario|02137|850.00|80
1447|Ordinario|02143|850.00|80
1447|Ordinario|02239|850.00|80
1447|Ordinario|02398|850.00|80
1447|Ordinario|02401|850.00|80
1447|Ordinario|02512|850.00|80
1447|Ordinario|02626|850.00|80
1447|Ordinario|02680|850.00|80
1447|Ordinario|02714|850.00|80
1447|Ordinario|02783|850.00|80
1447|Ordinario|02862|850.00|80
1447|Ordinario|02912|850.00|80
1447|Ordinario|02920|850.00|80
1447|Ordinario|03176|900.00|80
1447|Ordinario|03208|850.00|80
1447|Ordinario|03275|850.00|80
1447|Ordinario|03321|850.00|80
1447|Ordinario|03322|850.00|80
1447|Ordinario|03424|850.00|80
1447|Ordinario|03455|850.00|80
1447|Ordinario|03483|850.00|80
1447|Ordinario|03489|850.00|80
1447|Ordinario|03645|850.00|80
1447|Ordinario|03864|850.00|80
1447|Ordinario|03865|850.00|80
1447|Ordinario|04004|850.00|80
1447|Ordinario|04173|850.00|80
1447|Ordinario|04197|850.00|80
1447|Ordinario|04308|850.00|80
1447|Ordinario|04379|850.00|80
1447|Ordinario|04563|850.00|80
1447|Ordinario|04789|850.00|80
1447|Ordinario|04850|850.00|80
1447|Ordinario|04930|900.00|80
1447|Ordinario|05022|850.00|80
1447|Ordinario|05086|850.00|80
1447|Ordinario|05088|850.00|80
1447|Ordinario|05282|850.00|80
1447|Ordinario|05286|850.00|80
1447|Ordinario|05383|850.00|80
1447|Ordinario|05434|900.00|80
1447|Ordinario|05455|850.00|80
1447|Ordinario|05472|850.00|80
1447|Ordinario|05486|850.00|80
1447|Ordinario|05748|850.00|80
1447|Ordinario|05804|850.00|80
1447|Ordinario|05891|850.00|80
1447|Ordinario|06004|850.00|80
1447|Ordinario|06239|850.00|80
1447|Ordinario|06264|900.00|80
1447|Ordinario|06417|850.00|80
1447|Ordinario|06599|850.00|80
1447|Ordinario|06601|850.00|80
1447|Ordinario|06774|850.00|80
1447|Ordinario|06838|850.00|80
1447|Ordinario|06847|850.00|80
1447|Ordinario|06879|850.00|80
1447|Ordinario|06932|850.00|80
1447|Ordinario|06989|850.00|80
1447|Ordinario|07017|900.00|80
1447|Ordinario|07367|850.00|80
1447|Ordinario|07424|850.00|80
1447|Ordinario|07428|850.00|80
1447|Ordinario|07499|850.00|80
1447|Ordinario|07519|850.00|80
1447|Ordinario|07529|850.00|80
1447|Ordinario|07538|900.00|80
1447|Ordinario|07539|850.00|80
1447|Ordinario|07545|850.00|80
1447|Ordinario|07579|850.00|80
1447|Ordinario|07610|850.00|80
1447|Ordinario|07669|1000.00|80
1447|Ordinario|07689|850.00|80
1447|Ordinario|07715|850.00|80
1447|Ordinario|07773|850.00|80
1447|Ordinario|07833|850.00|80
1447|Ordinario|07838|850.00|80
1447|Ordinario|08000|850.00|80
1447|Ordinario|08252|850.00|80
1447|Ordinario|08393|850.00|80
1447|Ordinario|08400|850.00|80
1447|Ordinario|08406|850.00|80
1447|Ordinario|08472|850.00|80
1447|Ordinario|08497|850.00|80
1447|Ordinario|08559|850.00|80
1447|Ordinario|08583|850.00|80
1447|Ordinario|08611|850.00|80
1447|Ordinario|08620|850.00|80
1447|Ordinario|08640|850.00|80
1447|Ordinario|08672|850.00|80
1447|Ordinario|08738|850.00|80
1447|Ordinario|08857|850.00|80
1447|Ordinario|08877|850.00|80
1447|Ordinario|08877|850.00|80
1447|Ordinario|08885|850.00|80
1447|Ordinario|09031|850.00|80
1447|Ordinario|09056|850.00|80
1447|Ordinario|09207|850.00|80
1447|Ordinario|09312|850.00|80
1447|Ordinario|09313|850.00|80
1447|Ordinario|09317|900.00|80
1447|Ordinario|09333|850.00|80
1447|Ordinario|09359|850.00|80
1447|Ordinario|09387|850.00|80
1447|Ordinario|09403|900.00|80
1447|Ordinario|09473|900.00|80
1447|Ordinario|09510|850.00|80
1447|Ordinario|09532|850.00|80
1447|Ordinario|09600|850.00|80
1447|Ordinario|09708|850.00|80
1447|Ordinario|09723|850.00|80
1447|Ordinario|09789|850.00|80
1447|Ordinario|09912|850.00|80
1447|Ordinario|09913|850.00|80
1447|Ordinario|10145|850.00|80
1447|Ordinario|10224|850.00|80
1447|Ordinario|10266|850.00|80
1447|Ordinario|10286|1000.00|80
1447|Ordinario|10354|850.00|80
1447|Ordinario|10560|850.00|80
1447|Ordinario|10650|850.00|80
1447|Ordinario|10671|850.00|80
1447|Ordinario|10818|850.00|80
1447|Ordinario|10846|850.00|80
1447|Ordinario|11071|850.00|80
1447|Ordinario|11103|850.00|80
1447|Ordinario|11148|850.00|80
1447|Ordinario|11215|850.00|80
1447|Ordinario|11234|850.00|80
1447|Ordinario|11289|850.00|80
1447|Ordinario|11374|850.00|80
1447|Ordinario|11374|850.00|80
1447|Ordinario|11514|850.00|80
1447|Ordinario|11560|850.00|80
1447|Ordinario|11654|850.00|80
1447|Ordinario|11809|850.00|80
1447|Ordinario|11833|900.00|80
1447|Ordinario|11994|850.00|80
1447|Ordinario|12014|900.00|80
1447|Ordinario|12117|850.00|80
1447|Ordinario|12141|850.00|80
1447|Ordinario|12314|850.00|80
1447|Ordinario|12381|850.00|80
1447|Ordinario|12543|850.00|80
1447|Ordinario|12591|850.00|80
1447|Ordinario|12622|850.00|80
1447|Ordinario|12666|900.00|80
1447|Ordinario|12687|850.00|80
1447|Ordinario|12692|850.00|80
1447|Ordinario|12788|850.00|80
1447|Ordinario|13040|850.00|80
1447|Ordinario|13087|850.00|80
1447|Ordinario|13129|850.00|80
1447|Ordinario|13321|850.00|80
1447|Ordinario|13330|850.00|80
1447|Ordinario|13665|850.00|80
1447|Ordinario|13679|850.00|80
1447|Ordinario|13746|850.00|80
1447|Ordinario|13823|850.00|80
1447|Ordinario|13890|850.00|80
1447|Ordinario|13948|850.00|80
1447|Ordinario|14029|850.00|80
1447|Ordinario|14189|850.00|80
1447|Ordinario|14246|1000.00|80
1447|Ordinario|14292|850.00|80
1447|Ordinario|14314|850.00|80
1447|Ordinario|14342|850.00|80
1447|Ordinario|14374|850.00|80
1447|Ordinario|14375|850.00|80
1447|Ordinario|14449|900.00|80
1447|Ordinario|14550|850.00|80
1447|Ordinario|14607|900.00|80
1447|Ordinario|14618|850.00|80
1447|Ordinario|14620|850.00|80
1447|Ordinario|14657|850.00|80
1447|Ordinario|14832|850.00|80
1447|Ordinario|14981|850.00|80
1447|Ordinario|14999|850.00|80
1447|Ordinario|15017|850.00|80
1447|Ordinario|15085|850.00|80
1447|Ordinario|15336|900.00|80
1447|Ordinario|15554|850.00|80
1447|Ordinario|15559|850.00|80
1447|Ordinario|15569|850.00|80
1447|Ordinario|15712|850.00|80
1447|Ordinario|15839|850.00|80
1447|Ordinario|15937|900.00|80
1447|Ordinario|16105|850.00|80
1447|Ordinario|16167|850.00|80
1447|Ordinario|16620|850.00|80
1447|Ordinario|16672|850.00|80
1447|Ordinario|16730|850.00|80
1447|Ordinario|16766|850.00|80
1447|Ordinario|16804|850.00|80
1447|Ordinario|16811|850.00|80
1447|Ordinario|16859|850.00|80
1447|Ordinario|17063|850.00|80
1447|Ordinario|17154|850.00|80
1447|Ordinario|17230|850.00|80
1447|Ordinario|17239|850.00|80
1447|Ordinario|17249|850.00|80
1447|Ordinario|17338|850.00|80
1447|Ordinario|17361|850.00|80
1447|Ordinario|17412|850.00|80
1447|Ordinario|17530|850.00|80
1447|Ordinario|17689|850.00|80
1447|Ordinario|17761|850.00|80
1447|Ordinario|17768|850.00|80
1447|Ordinario|17813|850.00|80
1447|Ordinario|17831|850.00|80
1447|Ordinario|17901|850.00|80
1447|Ordinario|17924|850.00|80
1447|Ordinario|17974|850.00|80
1447|Ordinario|18098|850.00|80
1447|Ordinario|18137|850.00|80
1447|Ordinario|18355|850.00|80
1447|Ordinario|18564|850.00|80
1447|Ordinario|18574|850.00|80
1447|Ordinario|18611|850.00|80
1447|Ordinario|18657|850.00|80
1447|Ordinario|18690|850.00|80
1447|Ordinario|18713|850.00|80
1447|Ordinario|18771|850.00|80
1447|Ordinario|18825|850.00|80
1447|Ordinario|18976|850.00|80
1447|Ordinario|19012|850.00|80
1447|Ordinario|19026|850.00|80
1447|Ordinario|19036|850.00|80
1447|Ordinario|19042|850.00|80
1447|Ordinario|19043|850.00|80
1447|Ordinario|19125|850.00|80
1447|Ordinario|19127|850.00|80
1447|Ordinario|19143|850.00|80
1447|Ordinario|19169|850.00|80
1447|Ordinario|19172|850.00|80
1447|Ordinario|19231|850.00|80
1447|Ordinario|19346|850.00|80
1447|Ordinario|19601|850.00|80
1447|Ordinario|19619|850.00|80
1447|Ordinario|19668|850.00|80
1447|Ordinario|19745|900.00|80
1447|Ordinario|19787|900.00|80
1447|Ordinario|19864|850.00|80
1447|Ordinario|20236|850.00|80
1447|Ordinario|20284|850.00|80
1447|Ordinario|20329|850.00|80
1447|Ordinario|20336|850.00|80
1447|Ordinario|20497|850.00|80
1447|Ordinario|20554|850.00|80
1447|Ordinario|20658|850.00|80
1447|Ordinario|20792|850.00|80
1447|Ordinario|20880|850.00|80
1447|Ordinario|20883|850.00|80
1447|Ordinario|21038|850.00|80
1447|Ordinario|21045|850.00|80
1447|Ordinario|21090|850.00|80
1447|Ordinario|21183|850.00|80
1447|Ordinario|21298|850.00|80
1447|Ordinario|21364|850.00|80
1447|Ordinario|21491|850.00|80
1447|Ordinario|21591|850.00|80
1447|Ordinario|21601|850.00|80
1447|Ordinario|21741|850.00|80
1447|Ordinario|21742|850.00|80
1447|Ordinario|21842|850.00|80
1447|Ordinario|21874|850.00|80
1447|Ordinario|22023|850.00|80
1447|Ordinario|22070|850.00|80
1447|Ordinario|22083|850.00|80
1447|Ordinario|22114|850.00|80
1447|Ordinario|22181|850.00|80
1447|Ordinario|22204|850.00|80
1447|Ordinario|22227|850.00|80
1447|Ordinario|22373|850.00|80
1447|Ordinario|22401|850.00|80
1447|Ordinario|22495|850.00|80
1447|Ordinario|22730|850.00|80
1447|Ordinario|22754|850.00|80
1447|Ordinario|22801|850.00|80
1447|Ordinario|22951|850.00|80
1447|Ordinario|23038|850.00|80
1447|Ordinario|23090|850.00|80
1447|Ordinario|23291|850.00|80
1447|Ordinario|23377|850.00|80
1447|Ordinario|23420|850.00|80
1447|Ordinario|23470|850.00|80
1447|Ordinario|23472|850.00|80
1447|Ordinario|23798|850.00|80
1447|Ordinario|23875|850.00|80
1447|Ordinario|23932|850.00|80
1447|Ordinario|24039|850.00|80
1447|Ordinario|24092|850.00|80
1447|Ordinario|24332|850.00|80
1447|Ordinario|24411|850.00|80
1447|Ordinario|24498|850.00|80
1447|Ordinario|24612|850.00|80
1447|Ordinario|24617|850.00|80
1447|Ordinario|24676|850.00|80
1447|Ordinario|24867|850.00|80
1447|Ordinario|25058|850.00|80
1447|Ordinario|25141|850.00|80
1447|Ordinario|25170|850.00|80
1447|Ordinario|25238|850.00|80
1447|Ordinario|25359|1000.00|80
1447|Ordinario|25362|1000.00|80
1447|Ordinario|25424|850.00|80
1447|Ordinario|25847|850.00|80
1447|Ordinario|25877|850.00|80
1447|Ordinario|25903|850.00|80
1447|Ordinario|25989|850.00|80
1447|Ordinario|26070|850.00|80
1447|Ordinario|26073|850.00|80
1447|Ordinario|26135|850.00|80
1447|Ordinario|26351|850.00|80
1447|Ordinario|26436|850.00|80
1447|Ordinario|26460|850.00|80
1447|Ordinario|26473|850.00|80
1447|Ordinario|26638|850.00|80
1447|Ordinario|26702|850.00|80
1447|Ordinario|26715|850.00|80
1447|Ordinario|26723|850.00|80
1447|Ordinario|26801|850.00|80
1447|Ordinario|27279|850.00|80
1447|Ordinario|27314|850.00|80
1447|Ordinario|27351|900.00|80
1447|Ordinario|27368|850.00|80
1447|Ordinario|27376|850.00|80
1447|Ordinario|27382|850.00|80
1447|Ordinario|27411|850.00|80
1447|Ordinario|27466|850.00|80
1447|Ordinario|27498|850.00|80
1447|Ordinario|27548|850.00|80
1447|Ordinario|27568|900.00|80
1447|Ordinario|27662|850.00|80
1447|Ordinario|27765|850.00|80
1447|Ordinario|27772|850.00|80
1447|Ordinario|27773|850.00|80
1447|Ordinario|28015|850.00|80
1447|Ordinario|28055|850.00|80
1447|Ordinario|28167|850.00|80
1447|Ordinario|28169|850.00|80
1447|Ordinario|28234|850.00|80
1447|Ordinario|28287|850.00|80
1447|Ordinario|28356|850.00|80
1447|Ordinario|28369|850.00|80
1447|Ordinario|28409|850.00|80
1447|Ordinario|28450|850.00|80
1447|Ordinario|28644|850.00|80
1447|Ordinario|28734|900.00|80
1447|Ordinario|28869|850.00|80
1447|Ordinario|28942|850.00|80
1447|Ordinario|28973|850.00|80
1447|Ordinario|29306|850.00|80
1447|Ordinario|29375|900.00|80
1447|Ordinario|29491|850.00|80
1447|Ordinario|29652|850.00|80
1447|Ordinario|29689|850.00|80
1447|Ordinario|29756|1000.00|80
1447|Ordinario|29820|850.00|80
1447|Ordinario|30003|850.00|80
1447|Ordinario|30053|850.00|80
1447|Ordinario|30083|850.00|80
1447|Ordinario|30090|850.00|80
1447|Ordinario|30124|850.00|80
1447|Ordinario|30231|900.00|80
1447|Ordinario|30276|850.00|80
1447|Ordinario|30311|850.00|80
1447|Ordinario|30405|850.00|80
1447|Ordinario|30503|850.00|80
1447|Ordinario|30603|850.00|80
1447|Ordinario|30698|850.00|80
1447|Ordinario|30741|850.00|80
1447|Ordinario|30755|850.00|80
1447|Ordinario|30781|850.00|80
1447|Ordinario|30859|850.00|80
1447|Ordinario|30897|850.00|80
1447|Ordinario|30904|850.00|80
1447|Ordinario|31002|850.00|80
1447|Ordinario|31054|850.00|80
1447|Ordinario|31062|850.00|80
1447|Ordinario|31113|850.00|80
1447|Ordinario|31117|850.00|80
1447|Ordinario|31277|10000.00|80
1447|Ordinario|31296|900.00|80
1447|Ordinario|31346|850.00|80
1447|Ordinario|31411|850.00|80
1447|Ordinario|31607|850.00|80
1447|Ordinario|31649|850.00|80
1447|Ordinario|31699|850.00|80
1447|Ordinario|31770|850.00|80
1447|Ordinario|31873|850.00|80
1447|Ordinario|31928|850.00|80
1447|Ordinario|31931|850.00|80
1447|Ordinario|32022|850.00|80
1447|Ordinario|32271|850.00|80
1447|Ordinario|32321|850.00|80
1447|Ordinario|32371|850.00|80
1447|Ordinario|32422|850.00|80
1447|Ordinario|32437|850.00|80
1447|Ordinario|32453|850.00|80
1447|Ordinario|32550|850.00|80
1447|Ordinario|32616|850.00|80
1447|Ordinario|32671|850.00|80
1447|Ordinario|32888|850.00|80
1447|Ordinario|32914|850.00|80
1447|Ordinario|33011|850.00|80
1447|Ordinario|33110|850.00|80
1447|Ordinario|33182|850.00|80
1447|Ordinario|33204|850.00|80
1447|Ordinario|33239|1250.00|80
1447|Ordinario|33260|1250.00|80
1447|Ordinario|33261|2500.00|80
1447|Ordinario|33262|2500.00|80
1447|Ordinario|33264|1250.00|80
1447|Ordinario|33265|1250.00|80
1447|Ordinario|33266|850.00|80
1447|Ordinario|33399|850.00|80
1447|Ordinario|33409|850.00|80
1447|Ordinario|33529|850.00|80
1447|Ordinario|33617|850.00|80
1447|Ordinario|33665|850.00|80
1447|Ordinario|33703|850.00|80
1447|Ordinario|33724|850.00|80
1447|Ordinario|33744|5000.00|80
1447|Ordinario|33845|850.00|80
1447|Ordinario|33867|850.00|80
1447|Ordinario|33909|850.00|80
1447|Ordinario|34062|850.00|80
1447|Ordinario|34106|850.00|80
1447|Ordinario|34118|850.00|80
1447|Ordinario|34198|850.00|80
1447|Ordinario|34377|850.00|80
1447|Ordinario|34424|850.00|80
1447|Ordinario|34426|850.00|80
1447|Ordinario|34844|850.00|80
1447|Ordinario|34924|850.00|80
1447|Ordinario|35023|850.00|80
1447|Ordinario|35028|900.00|80
1447|Ordinario|35056|850.00|80
1447|Ordinario|35092|900.00|80
1447|Ordinario|35170|850.00|80
1447|Ordinario|35188|850.00|80
1447|Ordinario|35543|850.00|80
1447|Ordinario|35613|850.00|80
1447|Ordinario|35647|850.00|80
1447|Ordinario|35710|850.00|80
1447|Ordinario|35797|850.00|80
1447|Ordinario|35810|850.00|80
1447|Ordinario|35810|850.00|80
1447|Ordinario|35919|850.00|80
1447|Ordinario|35925|850.00|80
1447|Ordinario|35965|850.00|80
1447|Ordinario|36251|850.00|80
1447|Ordinario|36257|850.00|80
1447|Ordinario|36280|850.00|80
1447|Ordinario|36411|850.00|80
1447|Ordinario|36534|850.00|80
1447|Ordinario|36677|850.00|80
1447|Ordinario|36702|850.00|80
1447|Ordinario|36790|850.00|80
1447|Ordinario|36802|850.00|80
1447|Ordinario|36930|850.00|80
1447|Ordinario|36943|850.00|80
1447|Ordinario|37002|850.00|80
1447|Ordinario|37118|850.00|80
1447|Ordinario|37182|900.00|80
1447|Ordinario|37235|850.00|80
1447|Ordinario|37239|850.00|80
1447|Ordinario|37493|850.00|80
1447|Ordinario|37510|850.00|80
1447|Ordinario|37587|850.00|80
1447|Ordinario|37588|850.00|80
1447|Ordinario|37600|850.00|80
1447|Ordinario|37638|850.00|80
1447|Ordinario|37655|850.00|80
1447|Ordinario|37752|850.00|80
1447|Ordinario|38033|850.00|80
1447|Ordinario|38045|850.00|80
1447|Ordinario|38087|900.00|80
1447|Ordinario|38330|850.00|80
1447|Ordinario|38363|850.00|80
1447|Ordinario|38497|850.00|80
1447|Ordinario|38606|850.00|80
1447|Ordinario|38694|850.00|80
1447|Ordinario|38760|850.00|80
1447|Ordinario|38778|850.00|80
1447|Ordinario|38963|850.00|80
1447|Ordinario|38967|850.00|80
1447|Ordinario|39084|850.00|80
1447|Ordinario|39345|850.00|80
1447|Ordinario|39446|850.00|80
1447|Ordinario|39486|850.00|80
1447|Ordinario|39681|850.00|80
1447|Ordinario|39704|850.00|80
1447|Ordinario|39803|850.00|80
1447|Ordinario|39848|850.00|80
1447|Ordinario|39932|850.00|80
1447|Ordinario|39955|850.00|80
1447|Ordinario|39974|850.00|80
1447|Ordinario|40091|850.00|80
1447|Ordinario|40417|850.00|80
1447|Ordinario|40420|850.00|80
1447|Ordinario|40440|850.00|80
1447|Ordinario|40625|850.00|80
1447|Ordinario|40768|850.00|80
1447|Ordinario|40788|850.00|80
1447|Ordinario|40848|850.00|80
1447|Ordinario|40951|850.00|80
1447|Ordinario|41178|850.00|80
1447|Ordinario|41201|850.00|80
1447|Ordinario|41250|850.00|80
1447|Ordinario|41254|850.00|80
1447|Ordinario|41297|850.00|80
1447|Ordinario|41338|850.00|80
1447|Ordinario|41375|850.00|80
1447|Ordinario|41526|850.00|80
1447|Ordinario|41556|900.00|80
1447|Ordinario|41702|850.00|80
1447|Ordinario|41741|850.00|80
1447|Ordinario|41743|850.00|80
1447|Ordinario|41883|850.00|80
1447|Ordinario|41926|850.00|80
1447|Ordinario|42094|850.00|80
1447|Ordinario|42202|850.00|80
1447|Ordinario|42264|850.00|80
1447|Ordinario|42324|850.00|80
1447|Ordinario|42337|850.00|80
1447|Ordinario|42566|850.00|80
1447|Ordinario|42638|850.00|80
1447|Ordinario|42648|850.00|80
1447|Ordinario|42664|850.00|80
1447|Ordinario|42701|850.00|80
1447|Ordinario|42719|850.00|80
1447|Ordinario|43096|850.00|80
1447|Ordinario|43216|850.00|80
1447|Ordinario|43286|850.00|80
1447|Ordinario|43309|850.00|80
1447|Ordinario|43310|900.00|80
1447|Ordinario|43367|850.00|80
1447|Ordinario|43369|850.00|80
1447|Ordinario|43373|850.00|80
1447|Ordinario|43388|850.00|80
1447|Ordinario|43421|850.00|80
1447|Ordinario|43583|850.00|80
1447|Ordinario|43674|850.00|80
1447|Ordinario|43778|850.00|80
1447|Ordinario|43789|850.00|80
1447|Ordinario|43863|850.00|80
1447|Ordinario|43864|850.00|80
1447|Ordinario|43952|850.00|80
1447|Ordinario|44043|850.00|80
1447|Ordinario|44094|5000.00|80
1447|Ordinario|44300|850.00|80
1447|Ordinario|44362|850.00|80
1447|Ordinario|44398|850.00|80
1447|Ordinario|44431|850.00|80
1447|Ordinario|44548|850.00|80
1447|Ordinario|44556|850.00|80
1447|Ordinario|44562|850.00|80
1447|Ordinario|44568|900.00|80
1447|Ordinario|44714|850.00|80
1447|Ordinario|44750|850.00|80
1447|Ordinario|44768|850.00|80
1447|Ordinario|44919|850.00|80
1447|Ordinario|45084|850.00|80
1447|Ordinario|45133|850.00|80
1447|Ordinario|45296|850.00|80
1447|Ordinario|45308|850.00|80
1447|Ordinario|45407|850.00|80
1447|Ordinario|45456|850.00|80
1447|Ordinario|45534|850.00|80
1447|Ordinario|45598|850.00|80
1447|Ordinario|45642|850.00|80
1447|Ordinario|45648|850.00|80
1447|Ordinario|45739|850.00|80
1447|Ordinario|45861|850.00|80
1447|Ordinario|45948|850.00|80
1447|Ordinario|46419|850.00|80
1447|Ordinario|46592|850.00|80
1447|Ordinario|46741|850.00|80
1447|Ordinario|46929|850.00|80
1447|Ordinario|46932|850.00|80
1447|Ordinario|46952|850.00|80
1447|Ordinario|47022|850.00|80
1447|Ordinario|47050|850.00|80
1447|Ordinario|47065|850.00|80
1447|Ordinario|47068|850.00|80
1447|Ordinario|47143|850.00|80
1447|Ordinario|47289|850.00|80
1447|Ordinario|47385|900.00|80
1447|Ordinario|47422|850.00|80
1447|Ordinario|47458|850.00|80
1447|Ordinario|47462|850.00|80
1447|Ordinario|47573|900.00|80
1447|Ordinario|47600|850.00|80
1447|Ordinario|47803|850.00|80
1447|Ordinario|47889|850.00|80
1447|Ordinario|48040|850.00|80
1447|Ordinario|48045|850.00|80
1447|Ordinario|48067|850.00|80
1447|Ordinario|48221|850.00|80
1447|Ordinario|48269|850.00|80
1447|Ordinario|48302|850.00|80
1447|Ordinario|48353|850.00|80
1447|Ordinario|48372|850.00|80
1447|Ordinario|48439|850.00|80
1447|Ordinario|48470|850.00|80
1447|Ordinario|48471|850.00|80
1447|Ordinario|48677|850.00|80
1447|Ordinario|48690|850.00|80
1447|Ordinario|48731|850.00|80
1447|Ordinario|48904|850.00|80
1447|Ordinario|48938|850.00|80
1447|Ordinario|49147|850.00|80
1447|Ordinario|49315|850.00|80
1447|Ordinario|49346|850.00|80
1447|Ordinario|49396|850.00|80
1447|Ordinario|49689|850.00|80
1447|Ordinario|49713|850.00|80
1447|Ordinario|49819|850.00|80
1447|Ordinario|49906|850.00|80
1447|Ordinario|50062|850.00|80
1447|Ordinario|50063|850.00|80
1447|Ordinario|50084|850.00|80
1447|Ordinario|50417|1000.00|80
1447|Ordinario|50426|850.00|80
1447|Ordinario|50509|850.00|80
1447|Ordinario|50563|850.00|80
1447|Ordinario|50632|850.00|80
1447|Ordinario|50741|850.00|80
1447|Ordinario|50841|850.00|80
1447|Ordinario|50899|850.00|80
1447|Ordinario|50901|100000.00|80
1447|Ordinario|41819|25000.00|80
1447|Ordinario|09463|125000.00|80
1447|Ordinario|37592|125000.00|80
1447|Ordinario|42973|50000.00|80
1447|Ordinario|21596|50000.00|80
1447|Ordinario|40312||0
1489|Ordinario|06560|1000.00|80
1489|Ordinario|06579|1000.00|80
1489|Ordinario|06749|1000.00|80
1489|Ordinario|07085|1000.00|80
1489|Ordinario|07147|1000.00|80
1489|Ordinario|07296|1000.00|80
1489|Ordinario|07528|1000.00|80
1489|Ordinario|07717|1000.00|80
1489|Ordinario|07849|1000.00|80
1489|Ordinario|07933|1000.00|80
1489|Ordinario|07948|1000.00|80
1489|Ordinario|08003|1000.00|80
1489|Ordinario|08155|1000.00|80
1489|Ordinario|08158|1000.00|80
1489|Ordinario|08208|1000.00|80
1489|Ordinario|08293|1000.00|80
1489|Ordinario|08332|1000.00|80
1489|Ordinario|08392|1000.00|80
1489|Ordinario|08451|1000.00|80
1489|Ordinario|08503|2000.00|80
1489|Ordinario|08529|1000.00|80
1489|Ordinario|08567|1000.00|80
1489|Ordinario|08631|1000.00|80
1489|Ordinario|08775|1000.00|80
1489|Ordinario|08871|2000.00|80
1489|Ordinario|08874|2000.00|80
1489|Ordinario|08882|1000.00|80
1489|Ordinario|09194|1000.00|80
1489|Ordinario|09203|1000.00|80
1489|Ordinario|09272|1000.00|80
1489|Ordinario|09362|1000.00|80
1489|Ordinario|09460|1000.00|80
1489|Ordinario|09460|1000.00|80
1489|Ordinario|09469|1000.00|80
1489|Ordinario|09542|1000.00|80
1489|Ordinario|09556|1000.00|80
1489|Ordinario|09845|1000.00|80
1489|Ordinario|09981|1000.00|80
1489|Ordinario|10045|1000.00|80
1489|Ordinario|10163|1000.00|80
1489|Ordinario|10184|1000.00|80
1489|Ordinario|10210|1000.00|80
1489|Ordinario|10438|1000.00|80
1489|Ordinario|10485|1000.00|80
1489|Ordinario|10554|1000.00|80
1489|Ordinario|10556|1000.00|80
1489|Ordinario|10559|1000.00|80
1489|Ordinario|10563|1000.00|80
1489|Ordinario|10659|1000.00|80
1489|Ordinario|10680|1000.00|80
1489|Ordinario|10727|1000.00|80
1489|Ordinario|10827|1000.00|80
1489|Ordinario|10855|1000.00|80
1489|Ordinario|10974|1000.00|80
1489|Ordinario|11004|1000.00|80
1489|Ordinario|11145|1000.00|80
1489|Ordinario|11201|1000.00|80
1489|Ordinario|11219|1000.00|80
1489|Ordinario|11286|1000.00|80
1489|Ordinario|11370|1000.00|80
1489|Ordinario|11409|1000.00|80
1489|Ordinario|11546|1000.00|80
1489|Ordinario|11603|1000.00|80
1489|Ordinario|11682|1000.00|80
1489|Ordinario|11752|1000.00|80
1489|Ordinario|11759|1000.00|80
1489|Ordinario|11804|1000.00|80
1489|Ordinario|11861|1000.00|80
1489|Ordinario|11913|1000.00|80
1489|Ordinario|26292|1000.00|80
1489|Ordinario|26374|1000.00|80
1489|Ordinario|26509|1000.00|80
1489|Ordinario|26672|1000.00|80
1489|Ordinario|26853|1000.00|80
1489|Ordinario|26884|1000.00|80
1489|Ordinario|26968|1000.00|80
1489|Ordinario|26990|1000.00|80
1489|Ordinario|27021|1000.00|80
1489|Ordinario|27077|1000.00|80
1489|Ordinario|27093|1000.00|80
1489|Ordinario|27249|1000.00|80
1489|Ordinario|27654|1000.00|80
1489|Ordinario|27899|1000.00|80
1489|Ordinario|27950|1000.00|80
1489|Ordinario|27958|1000.00|80
1489|Ordinario|27969|1000.00|80
1489|Ordinario|27981|1000.00|80
1489|Ordinario|28097|1000.00|80
1489|Ordinario|28198|1000.00|80
1489|Ordinario|28352|2000.00|80
1489|Ordinario|28390|1000.00|80
1489|Ordinario|28533|1000.00|80
1489|Ordinario|28655|1000.00|80
1489|Ordinario|28732|1000.00|80
1489|Ordinario|28832|1000.00|80
1489|Ordinario|28940|1000.00|80
1489|Ordinario|29001|1000.00|80
1489|Ordinario|29034|1000.00|80
1489|Ordinario|29156|1000.00|80
1489|Ordinario|29249|1000.00|80
1489|Ordinario|29362|1000.00|80
1489|Ordinario|29438|1000.00|80
1489|Ordinario|29452|1000.00|80
1489|Ordinario|29539|1000.00|80
1489|Ordinario|29577|1000.00|80
1489|Ordinario|29599|1000.00|80
1489|Ordinario|29794|1000.00|80
1489|Ordinario|29802|1000.00|80
1489|Ordinario|29993|1000.00|80
1489|Ordinario|30014|1000.00|80
1489|Ordinario|30078|1000.00|80
1489|Ordinario|30093|2000.00|80
1489|Ordinario|30110|1000.00|80
1489|Ordinario|30224|1000.00|80
1489|Ordinario|30559|1000.00|80
1489|Ordinario|30659|1000.00|80
1489|Ordinario|30995|1000.00|80
1489|Ordinario|31360|1000.00|80
1489|Ordinario|31361|1000.00|80
1489|Ordinario|31400|1000.00|80
1489|Ordinario|31443|1000.00|80
1489|Ordinario|31459|1000.00|80
1489|Ordinario|31508|1000.00|80
1489|Ordinario|31584|1000.00|80
1489|Ordinario|31599|1000.00|80
1489|Ordinario|31601|1000.00|80
1489|Ordinario|31604|2000.00|80
1489|Ordinario|31616|3000.00|80
1489|Ordinario|31641|1000.00|80
1489|Ordinario|31783|1000.00|80
1489|Ordinario|31817|1000.00|80
1489|Ordinario|31898|1000.00|80
1489|Ordinario|31963|1000.00|80
1489|Ordinario|32005|1000.00|80
1489|Ordinario|32116|1000.00|80
1489|Ordinario|32160|1000.00|80
1489|Ordinario|32620|1000.00|80
1489|Ordinario|32651|1000.00|80
1489|Ordinario|32729|1000.00|80
1489|Ordinario|32735|1000.00|80
1489|Ordinario|32740|1000.00|80
1489|Ordinario|32755|1000.00|80
1489|Ordinario|32779|1000.00|80
1489|Ordinario|33017|1000.00|80
1489|Ordinario|33098|1000.00|80
1489|Ordinario|01062|1000.00|80
1489|Ordinario|01102|1000.00|80
1489|Ordinario|01176|1000.00|80
1489|Ordinario|01202|1000.00|80
1489|Ordinario|01222|1000.00|80
1489|Ordinario|01245|1000.00|80
1489|Ordinario|01251|1000.00|80
1489|Ordinario|01272|1000.00|80
1489|Ordinario|01314|1000.00|80
1489|Ordinario|01430|1000.00|80
1489|Ordinario|01467|1000.00|80
1489|Ordinario|01671|1000.00|80
1489|Ordinario|01678|1000.00|80
1489|Ordinario|01774|1000.00|80
1489|Ordinario|01790|1000.00|80
1489|Ordinario|01935|1000.00|80
1489|Ordinario|01954|1000.00|80
1489|Ordinario|01977|1000.00|80
1489|Ordinario|01997|3000.00|80
1489|Ordinario|02002|1000.00|80
1489|Ordinario|02100|1000.00|80
1489|Ordinario|02106|1000.00|80
1489|Ordinario|02345|2000.00|80
1489|Ordinario|02481|1000.00|80
1489|Ordinario|02575|1000.00|80
1489|Ordinario|02904|1000.00|80
1489|Ordinario|03062|1000.00|80
1489|Ordinario|03126|1000.00|80
1489|Ordinario|03500|1000.00|80
1489|Ordinario|03505|1000.00|80
1489|Ordinario|03508|1000.00|80
1489|Ordinario|03563|1000.00|80
1489|Ordinario|03574|1000.00|80
1489|Ordinario|03585|1000.00|80
1489|Ordinario|03632|1000.00|80
1489|Ordinario|03634|1000.00|80
1489|Ordinario|03689|1000.00|80
1489|Ordinario|03786|1000.00|80
1489|Ordinario|03828|1000.00|80
1489|Ordinario|03905|1000.00|80
1489|Ordinario|04032|1000.00|80
1489|Ordinario|04046|1000.00|80
1489|Ordinario|04122|1000.00|80
1489|Ordinario|04214|1000.00|80
1489|Ordinario|04216|1000.00|80
1489|Ordinario|04391|1000.00|80
1489|Ordinario|04429|1000.00|80
1489|Ordinario|04443|1000.00|80
1489|Ordinario|04521|1000.00|80
1489|Ordinario|04553|1000.00|80
1489|Ordinario|04620|1000.00|80
1489|Ordinario|04635|1000.00|80
1489|Ordinario|04783|1000.00|80
1489|Ordinario|04887|1000.00|80
1489|Ordinario|04904|1000.00|80
1489|Ordinario|05002|1000.00|80
1489|Ordinario|05128|1000.00|80
1489|Ordinario|05265|1000.00|80
1489|Ordinario|05393|1000.00|80
1489|Ordinario|05396|1000.00|80
1489|Ordinario|05465|3000.00|80
1489|Ordinario|05472|1000.00|80
1489|Ordinario|05474|2000.00|80
1489|Ordinario|05506|1000.00|80
1489|Ordinario|05536|1000.00|80
1489|Ordinario|05687|1000.00|80
1489|Ordinario|05837|1000.00|80
1489|Ordinario|05951|1000.00|80
1489|Ordinario|06237|1000.00|80
1489|Ordinario|06314|1000.00|80
1489|Ordinario|17039|1000.00|80
1489|Ordinario|17041|1000.00|80
1489|Ordinario|17071|1000.00|80
1489|Ordinario|17081|1000.00|80
1489|Ordinario|17173|1000.00|80
1489|Ordinario|17239|1000.00|80
1489|Ordinario|17285|1000.00|80
1489|Ordinario|17520|1000.00|80
1489|Ordinario|17608|1000.00|80
1489|Ordinario|17644|1000.00|80
1489|Ordinario|17659|1000.00|80
1489|Ordinario|17735|2000.00|80
1489|Ordinario|17788|1000.00|80
1489|Ordinario|17789|1000.00|80
1489|Ordinario|17790|2000.00|80
1489|Ordinario|17792|2000.00|80
1489|Ordinario|17793|1000.00|80
1489|Ordinario|17794|1000.00|80
1489|Ordinario|17804|1000.00|80
1489|Ordinario|17828|1000.00|80
1489|Ordinario|17878|1000.00|80
1489|Ordinario|18149|1000.00|80
1489|Ordinario|18154|1000.00|80
1489|Ordinario|18185|1000.00|80
1489|Ordinario|18233|1000.00|80
1489|Ordinario|18234|1000.00|80
1489|Ordinario|18387|1000.00|80
1489|Ordinario|18389|1000.00|80
1489|Ordinario|18402|1000.00|80
1489|Ordinario|18612|1000.00|80
1489|Ordinario|18636|1000.00|80
1489|Ordinario|18649|1000.00|80
1489|Ordinario|18659|2000.00|80
1489|Ordinario|18840|1000.00|80
1489|Ordinario|18895|1000.00|80
1489|Ordinario|18945|1000.00|80
1489|Ordinario|19040|1000.00|80
1489|Ordinario|19151|1000.00|80
1489|Ordinario|19155|1000.00|80
1489|Ordinario|19191|1000.00|80
1489|Ordinario|19232|1000.00|80
1489|Ordinario|19244|1000.00|80
1489|Ordinario|19290|1000.00|80
1489|Ordinario|19373|1000.00|80
1489|Ordinario|19435|1000.00|80
1489|Ordinario|19632|1000.00|80
1489|Ordinario|19645|1000.00|80
1489|Ordinario|19773|1000.00|80
1489|Ordinario|19865|1000.00|80
1489|Ordinario|19872|1000.00|80
1489|Ordinario|19915|1000.00|80
1489|Ordinario|19915|1000.00|80
1489|Ordinario|19925|1000.00|80
1489|Ordinario|19928|10000.00|80
1489|Ordinario|19934|1000.00|80
1489|Ordinario|20100|1000.00|80
1489|Ordinario|20148|1000.00|80
1489|Ordinario|20181|1000.00|80
1489|Ordinario|20187|1000.00|80
1489|Ordinario|20195|1000.00|80
1489|Ordinario|20218|1000.00|80
1489|Ordinario|20258|1000.00|80
1489|Ordinario|20375|1000.00|80
1489|Ordinario|20468|1000.00|80
1489|Ordinario|20552|1000.00|80
1489|Ordinario|20635|1000.00|80
1489|Ordinario|20725|2000.00|80
1489|Ordinario|20894|1000.00|80
1489|Ordinario|20985|1000.00|80
1489|Ordinario|21210|1000.00|80
1489|Ordinario|21380|1000.00|80
1489|Ordinario|21389|1000.00|80
1489|Ordinario|21480|1000.00|80
1489|Ordinario|21480|1000.00|80
1489|Ordinario|21556|2000.00|80
1489|Ordinario|21597|1000.00|80
1489|Ordinario|21737|1000.00|80
1489|Ordinario|21980|1000.00|80
1489|Ordinario|21995|1000.00|80
1489|Ordinario|22123|1000.00|80
1489|Ordinario|22135|1000.00|80
1489|Ordinario|22171|1000.00|80
1489|Ordinario|22192|1000.00|80
1489|Ordinario|22228|1000.00|80
1489|Ordinario|22254|1000.00|80
1489|Ordinario|22325|1000.00|80
1489|Ordinario|22333|1000.00|80
1489|Ordinario|22494|1000.00|80
1489|Ordinario|22547|2000.00|80
1489|Ordinario|22555|1000.00|80
1489|Ordinario|22879|1000.00|80
1489|Ordinario|22995|1000.00|80
1489|Ordinario|23096|1000.00|80
1489|Ordinario|23154|1000.00|80
1489|Ordinario|23187|1000.00|80
1489|Ordinario|23278|1000.00|80
1489|Ordinario|23351|1000.00|80
1489|Ordinario|23360|1000.00|80
1489|Ordinario|23438|1000.00|80
1489|Ordinario|23578|1000.00|80
1489|Ordinario|23587|1000.00|80
1489|Ordinario|23588|1000.00|80
1489|Ordinario|23656|1000.00|80
1489|Ordinario|23660|1000.00|80
1489|Ordinario|23685|1000.00|80
1489|Ordinario|23687|1000.00|80
1489|Ordinario|23754|1000.00|80
1489|Ordinario|23792|1000.00|80
1489|Ordinario|23840|1000.00|80
1489|Ordinario|23878|1000.00|80
1489|Ordinario|23949|1000.00|80
1489|Ordinario|23978|1000.00|80
1489|Ordinario|24119|1000.00|80
1489|Ordinario|24259|1000.00|80
1489|Ordinario|24309|1000.00|80
1489|Ordinario|24342|1000.00|80
1489|Ordinario|24365|1000.00|80
1489|Ordinario|24463|1000.00|80
1489|Ordinario|24547|1000.00|80
1489|Ordinario|24630|1000.00|80
1489|Ordinario|24784|1000.00|80
1489|Ordinario|24812|1000.00|80
1489|Ordinario|24838|1000.00|80
1489|Ordinario|24869|1000.00|80
1489|Ordinario|24892|1000.00|80
1489|Ordinario|24913|1000.00|80
1489|Ordinario|24922|1000.00|80
1489|Ordinario|25025|1000.00|80
1489|Ordinario|25042|1000.00|80
1489|Ordinario|25183|1000.00|80
1489|Ordinario|25235|1000.00|80
1489|Ordinario|25271|2000.00|80
1489|Ordinario|25312|1000.00|80
1489|Ordinario|25369|1000.00|80
1489|Ordinario|25688|1000.00|80
1489|Ordinario|25834|1000.00|80
1489|Ordinario|25958|1000.00|80
1489|Ordinario|26060|1000.00|80
1489|Ordinario|26122|1000.00|80
1489|Ordinario|33113|1000.00|80
1489|Ordinario|33126|2000.00|80
1489|Ordinario|33135|1000.00|80
1489|Ordinario|33159|1000.00|80
1489|Ordinario|33179|1000.00|80
1489|Ordinario|33247|1000.00|80
1489|Ordinario|33254|1000.00|80
1489|Ordinario|33375|1000.00|80
1489|Ordinario|33491|1000.00|80
1489|Ordinario|33685|1000.00|80
1489|Ordinario|33847|1000.00|80
1489|Ordinario|33927|1000.00|80
1489|Ordinario|33938|1000.00|80
1489|Ordinario|33961|1000.00|80
1489|Ordinario|33974|1000.00|80
1489|Ordinario|34018|1000.00|80
1489|Ordinario|34019|1000.00|80
1489|Ordinario|34146|1000.00|80
1489|Ordinario|34188|1000.00|80
1489|Ordinario|34392|1000.00|80
1489|Ordinario|34424|1000.00|80
1489|Ordinario|34476|1000.00|80
1489|Ordinario|34485|1000.00|80
1489|Ordinario|34519|1000.00|80
1489|Ordinario|34536|2000.00|80
1489|Ordinario|34555|1000.00|80
1489|Ordinario|34588|1000.00|80
1489|Ordinario|34756|1000.00|80
1489|Ordinario|34925|2000.00|80
1489|Ordinario|35122|1000.00|80
1489|Ordinario|35268|1000.00|80
1489|Ordinario|35434|1000.00|80
1489|Ordinario|35456|1000.00|80
1489|Ordinario|35479|1000.00|80
1489|Ordinario|35500|1000.00|80
1489|Ordinario|35595|1000.00|80
1489|Ordinario|35708|1000.00|80
1489|Ordinario|35719|1000.00|80
1489|Ordinario|35860|1000.00|80
1489|Ordinario|35980|1000.00|80
1489|Ordinario|36114|1000.00|80
1489|Ordinario|36114|1000.00|80
1489|Ordinario|36224|1000.00|80
1489|Ordinario|36270|1000.00|80
1489|Ordinario|36548|1000.00|80
1489|Ordinario|36603|1000.00|80
1489|Ordinario|36634|1000.00|80
1489|Ordinario|36824|1000.00|80
1489|Ordinario|36967|1000.00|80
1489|Ordinario|37017|1000.00|80
1489|Ordinario|37214|1000.00|80
1489|Ordinario|37222|1000.00|80
1489|Ordinario|37233|1000.00|80
1489|Ordinario|37319|1000.00|80
1489|Ordinario|37495|1000.00|80
1489|Ordinario|37507|1000.00|80
1489|Ordinario|37570|1000.00|80
1489|Ordinario|37591|1000.00|80
1489|Ordinario|37713|1000.00|80
1489|Ordinario|37775|1000.00|80
1489|Ordinario|37804|1000.00|80
1489|Ordinario|37875|1000.00|80
1489|Ordinario|37883|1000.00|80
1489|Ordinario|37945|1000.00|80
1489|Ordinario|37965|1000.00|80
1489|Ordinario|38011|1000.00|80
1489|Ordinario|38025|2000.00|80
1489|Ordinario|38045|1000.00|80
1489|Ordinario|38160|1000.00|80
1489|Ordinario|38174|1000.00|80
1489|Ordinario|38292|2000.00|80
1489|Ordinario|38305|1000.00|80
1489|Ordinario|38324|1000.00|80
1489|Ordinario|38413|1000.00|80
1489|Ordinario|38517|1000.00|80
1489|Ordinario|38544|1000.00|80
1489|Ordinario|38681|1000.00|80
1489|Ordinario|38718|1000.00|80
1489|Ordinario|38719|1000.00|80
1489|Ordinario|38959|1000.00|80
1489|Ordinario|38976|1000.00|80
1489|Ordinario|38976|1000.00|80
1489|Ordinario|39003|1000.00|80
1489|Ordinario|39107|1000.00|80
1489|Ordinario|39117|1000.00|80
1489|Ordinario|39160|1000.00|80
1489|Ordinario|39305|1000.00|80
1489|Ordinario|39546|1000.00|80
1489|Ordinario|39550|1000.00|80
1489|Ordinario|39566|1000.00|80
1489|Ordinario|39573|1000.00|80
1489|Ordinario|39682|1000.00|80
1489|Ordinario|39824|1000.00|80
1489|Ordinario|39836|1000.00|80
1489|Ordinario|39853|1000.00|80
1489|Ordinario|40085|1000.00|80
1489|Ordinario|40110|1000.00|80
1489|Ordinario|40207|2000.00|80
1489|Ordinario|40539|1000.00|80
1489|Ordinario|40559|1000.00|80
1489|Ordinario|40639|1000.00|80
1489|Ordinario|40797|1000.00|80
1489|Ordinario|41087|1000.00|80
1489|Ordinario|41159|1000.00|80
1489|Ordinario|41248|1000.00|80
1489|Ordinario|41280|1000.00|80
1489|Ordinario|41301|1000.00|80
1489|Ordinario|41579|2000.00|80
1489|Ordinario|41635|1000.00|80
1489|Ordinario|41697|1000.00|80
1489|Ordinario|41801|1000.00|80
1489|Ordinario|41803|3000.00|80
1489|Ordinario|41851|1000.00|80
1489|Ordinario|42280|2000.00|80
1489|Ordinario|42347|1000.00|80
1489|Ordinario|42412|1000.00|80
1489|Ordinario|42488|1000.00|80
1489|Ordinario|42545|1000.00|80
1489|Ordinario|42737|1000.00|80
1489|Ordinario|42737|1000.00|80
1489|Ordinario|42877|2000.00|80
1489|Ordinario|43019|1000.00|80
1489|Ordinario|43114|2000.00|80
1489|Ordinario|43138|1000.00|80
1489|Ordinario|43163|1000.00|80
1489|Ordinario|43207|15000.00|80
1489|Ordinario|43298|1000.00|80
1489|Ordinario|43313|2000.00|80
1489|Ordinario|43348|1000.00|80
1489|Ordinario|43354|1000.00|80
1489|Ordinario|43474|1000.00|80
1489|Ordinario|43499|1000.00|80
1489|Ordinario|43525|1000.00|80
1489|Ordinario|43584|1000.00|80
1489|Ordinario|43636|1000.00|80
1489|Ordinario|43736|1000.00|80
1489|Ordinario|43740|1000.00|80
1489|Ordinario|43791|1000.00|80
1489|Ordinario|43919|1000.00|80
1489|Ordinario|43965|1000.00|80
1489|Ordinario|44109|2000.00|80
1489|Ordinario|44273|1000.00|80
1489|Ordinario|44408|1000.00|80
1489|Ordinario|44510|1000.00|80
1489|Ordinario|44517|1000.00|80
1489|Ordinario|44550|1000.00|80
1489|Ordinario|44601|1000.00|80
1489|Ordinario|44602|1000.00|80
1489|Ordinario|44679|1000.00|80
1489|Ordinario|44758|1000.00|80
1489|Ordinario|44772|1000.00|80
1489|Ordinario|45179|1000.00|80
1489|Ordinario|45253|1000.00|80
1489|Ordinario|45487|1000.00|80
1489|Ordinario|45523|1000.00|80
1489|Ordinario|45575|1000.00|80
1489|Ordinario|45648|1000.00|80
1489|Ordinario|45678|1000.00|80
1489|Ordinario|45897|1000.00|80
1489|Ordinario|46032|1000.00|80
1489|Ordinario|46258|1000.00|80
1489|Ordinario|46287|1000.00|80
1489|Ordinario|46445|1000.00|80
1489|Ordinario|46448|1000.00|80
1489|Ordinario|46471|1000.00|80
1489|Ordinario|46566|1000.00|80
1489|Ordinario|46626|1000.00|80
1489|Ordinario|46648|1000.00|80
1489|Ordinario|46831|2000.00|80
1489|Ordinario|46932|1000.00|80
1489|Ordinario|46939|1000.00|80
1489|Ordinario|47021|10000.00|80
1489|Ordinario|47117|1000.00|80
1489|Ordinario|47121|1000.00|80
1489|Ordinario|47141|1000.00|80
1489|Ordinario|47463|1000.00|80
1489|Ordinario|47486|1000.00|80
1489|Ordinario|47548|1000.00|80
1489|Ordinario|47766|1000.00|80
1489|Ordinario|47847|1000.00|80
1489|Ordinario|47980|1000.00|80
1489|Ordinario|48064|1000.00|80
1489|Ordinario|48117|2000.00|80
1489|Ordinario|48237|1000.00|80
1489|Ordinario|48342|1000.00|80
1489|Ordinario|48364|1000.00|80
1489|Ordinario|48416|1000.00|80
1489|Ordinario|48479|1000.00|80
1489|Ordinario|48537|1000.00|80
1489|Ordinario|48677|1000.00|80
1489|Ordinario|48831|1000.00|80
1489|Ordinario|48846|1000.00|80
1489|Ordinario|48874|1000.00|80
1489|Ordinario|48894|1000.00|80
1489|Ordinario|48897|1000.00|80
1489|Ordinario|48948|1000.00|80
1489|Ordinario|48954|1000.00|80
1489|Ordinario|49123|1000.00|80
1489|Ordinario|49164|1000.00|80
1489|Ordinario|49171|3000.00|80
1489|Ordinario|49320|1000.00|80
1489|Ordinario|49399|1000.00|80
1489|Ordinario|49591|1000.00|80
1489|Ordinario|49709|1000.00|80
1489|Ordinario|49798|1000.00|80
1489|Ordinario|49840|1000.00|80
1489|Ordinario|49883|1000.00|80
1489|Ordinario|49995|1000.00|80
1489|Ordinario|50068|3000.00|80
1489|Ordinario|50073|2000.00|80
1489|Ordinario|50081|1000.00|80
1489|Ordinario|50140|1000.00|80
1489|Ordinario|50259|1000.00|80
1489|Ordinario|50399|1000.00|80
1489|Ordinario|50431|1000.00|80
1489|Ordinario|50479|1000.00|80
1489|Ordinario|50582|1000.00|80
1489|Ordinario|50616|1000.00|80
1489|Ordinario|50718|20000.00|80
1489|Ordinario|50793|25000.00|80
1489|Ordinario|50819|1000.00|80
1489|Ordinario|50828|1000.00|80
1489|Ordinario|50895|1000.00|80
1489|Ordinario|50915|1000.00|80
1489|Ordinario|50972|3000.00|80
1489|Ordinario|11931|1000.00|80
1489|Ordinario|12108|1000.00|80
1489|Ordinario|12168|1000.00|80
1489|Ordinario|12244|1000.00|80
1489|Ordinario|12304|1000.00|80
1489|Ordinario|12347|1000.00|80
1489|Ordinario|12383|1000.00|80
1489|Ordinario|12447|1000.00|80
1489|Ordinario|12535|1000.00|80
1489|Ordinario|12723|1000.00|80
1489|Ordinario|12823|2000.00|80
1489|Ordinario|12920|1000.00|80
1489|Ordinario|12945|1000.00|80
1489|Ordinario|12983|1000.00|80
1489|Ordinario|13230|1000.00|80
1489|Ordinario|13313|1000.00|80
1489|Ordinario|13347|1000.00|80
1489|Ordinario|13369|1000.00|80
1489|Ordinario|13403|1000.00|80
1489|Ordinario|13414|1000.00|80
1489|Ordinario|13532|1000.00|80
1489|Ordinario|13573|1000.00|80
1489|Ordinario|13576|1000.00|80
1489|Ordinario|13629|1000.00|80
1489|Ordinario|13641|1000.00|80
1489|Ordinario|13665|1000.00|80
1489|Ordinario|13667|1000.00|80
1489|Ordinario|13704|1000.00|80
1489|Ordinario|13771|1000.00|80
1489|Ordinario|13774|1000.00|80
1489|Ordinario|13853|1000.00|80
1489|Ordinario|13879|1000.00|80
1489|Ordinario|13895|1000.00|80
1489|Ordinario|13977|1000.00|80
1489|Ordinario|14119|1000.00|80
1489|Ordinario|14387|1000.00|80
1489|Ordinario|14510|1000.00|80
1489|Ordinario|14743|1000.00|80
1489|Ordinario|14933|1000.00|80
1489|Ordinario|15091|1000.00|80
1489|Ordinario|15163|1000.00|80
1489|Ordinario|15188|1000.00|80
1489|Ordinario|15190|1000.00|80
1489|Ordinario|15315|1000.00|80
1489|Ordinario|15333|2000.00|80
1489|Ordinario|15460|2000.00|80
1489|Ordinario|15500|1000.00|80
1489|Ordinario|15710|1000.00|80
1489|Ordinario|15765|1000.00|80
1489|Ordinario|15783|1000.00|80
1489|Ordinario|15831|1000.00|80
1489|Ordinario|15859|1000.00|80
1489|Ordinario|15886|1000.00|80
1489|Ordinario|15886|1000.00|80
1489|Ordinario|15939|1000.00|80
1489|Ordinario|15981|1000.00|80
1489|Ordinario|16043|1000.00|80
1489|Ordinario|16049|1000.00|80
1489|Ordinario|16128|1000.00|80
1489|Ordinario|16373|1000.00|80
1489|Ordinario|16392|1000.00|80
1489|Ordinario|16480|2000.00|80
1489|Ordinario|16480|2000.00|80
1489|Ordinario|16544|1000.00|80
1489|Ordinario|16547|1000.00|80
1489|Ordinario|16688|1000.00|80
1489|Ordinario|16721|1000.00|80
1489|Ordinario|16797|1000.00|80
1489|Ordinario|16830|1000.00|80
1489|Ordinario|16961|1000.00|80
1489|Ordinario|17032|1000.00|80
1489|Ordinario|06515|1000.00|80
1489|Ordinario|07493|1000.00|80
1489|Ordinario|26227|6000000.00|80
1489|Ordinario|17791|300000.00|80
1489|Ordinario|38147|50000.00|80
1489|Ordinario|03461|50000.00|80
1489|Ordinario|16121|25000.00|80
1515|Ordinario|01030|1000.00|80
1515|Ordinario|01115|1000.00|80
1515|Ordinario|01135|1000.00|80
1515|Ordinario|01190|1000.00|80
1515|Ordinario|01193|1000.00|80
1515|Ordinario|01365|1000.00|80
1515|Ordinario|01370|1000.00|80
1515|Ordinario|01390|1000.00|80
1515|Ordinario|01425|1000.00|80
1515|Ordinario|01505|1000.00|80
1515|Ordinario|01523|1000.00|80
1515|Ordinario|01605|1000.00|80
1515|Ordinario|01710|1000.00|80
1515|Ordinario|01736|1000.00|80
1515|Ordinario|01774|1000.00|80
1515|Ordinario|01792|1000.00|80
1515|Ordinario|01917|1000.00|80
1515|Ordinario|02157|1000.00|80
1515|Ordinario|02200|2000.00|80
1515|Ordinario|02296|1000.00|80
1515|Ordinario|02391|1000.00|80
1515|Ordinario|02442|1000.00|80
1515|Ordinario|02537|1000.00|80
1515|Ordinario|02553|1000.00|80
1515|Ordinario|02572|1000.00|80
1515|Ordinario|02588|1000.00|80
1515|Ordinario|02648|1000.00|80
1515|Ordinario|02763|1000.00|80
1515|Ordinario|02771|1000.00|80
1515|Ordinario|03119|1000.00|80
1515|Ordinario|03126|1000.00|80
1515|Ordinario|03153|1000.00|80
1515|Ordinario|03165|1000.00|80
1515|Ordinario|03189|1000.00|80
1515|Ordinario|03281|1000.00|80
1515|Ordinario|03291|1000.00|80
1515|Ordinario|03387|1000.00|80
1515|Ordinario|03431|1000.00|80
1515|Ordinario|03433|1000.00|80
1515|Ordinario|03596|1000.00|80
1515|Ordinario|03659|1000.00|80
1515|Ordinario|03754|1000.00|80
1515|Ordinario|03772|2000.00|80
1515|Ordinario|03865|1000.00|80
1515|Ordinario|03998|1000.00|80
1515|Ordinario|04307|2000.00|80
1515|Ordinario|04333|1000.00|80
1515|Ordinario|04450|1000.00|80
1515|Ordinario|04480|1000.00|80
1515|Ordinario|04482|1000.00|80
1515|Ordinario|04484|1000.00|80
1515|Ordinario|04495|1000.00|80
1515|Ordinario|04575|1000.00|80
1515|Ordinario|04605|1000.00|80
1515|Ordinario|04633|1000.00|80
1515|Ordinario|04956|1000.00|80
1515|Ordinario|04968|1000.00|80
1515|Ordinario|04970|1000.00|80
1515|Ordinario|05216|1000.00|80
1515|Ordinario|05228|1000.00|80
1515|Ordinario|05290|1000.00|80
1515|Ordinario|05379|1000.00|80
1515|Ordinario|05743|1000.00|80
1515|Ordinario|05953|1000.00|80
1515|Ordinario|05981|1000.00|80
1515|Ordinario|06042|2000.00|80
1515|Ordinario|06394|1000.00|80
1515|Ordinario|06405|1000.00|80
1515|Ordinario|06475|1000.00|80
1515|Ordinario|06506|1000.00|80
1515|Ordinario|06858|1000.00|80
1515|Ordinario|06942|1000.00|80
1515|Ordinario|06995|1000.00|80
1515|Ordinario|07394|1000.00|80
1515|Ordinario|07403|1000.00|80
1515|Ordinario|07432|1000.00|80
1515|Ordinario|07690|1000.00|80
1515|Ordinario|07835|1000.00|80
1515|Ordinario|07853|1000.00|80
1515|Ordinario|08272|1000.00|80
1515|Ordinario|08292|1000.00|80
1515|Ordinario|08297|1000.00|80
1515|Ordinario|08598|1000.00|80
1515|Ordinario|08715|1000.00|80
1515|Ordinario|08864|1000.00|80
1515|Ordinario|08947|1000.00|80
1515|Ordinario|09101|1000.00|80
1515|Ordinario|09189|2000.00|80
1515|Ordinario|09240|1000.00|80
1515|Ordinario|09305|1000.00|80
1515|Ordinario|09347|1000.00|80
1515|Ordinario|09476|1000.00|80
1515|Ordinario|09586|1000.00|80
1515|Ordinario|09666|1000.00|80
1515|Ordinario|09714|2000.00|80
1515|Ordinario|09790|1000.00|80
1515|Ordinario|09992|1000.00|80
1515|Ordinario|10009|1000.00|80
1515|Ordinario|10066|1000.00|80
1515|Ordinario|10215|1000.00|80
1515|Ordinario|10325|1000.00|80
1515|Ordinario|10362|1000.00|80
1515|Ordinario|10372|1000.00|80
1515|Ordinario|10447|1000.00|80
1515|Ordinario|10555|1000.00|80
1515|Ordinario|10584|1000.00|80
1515|Ordinario|10610|1000.00|80
1515|Ordinario|10722|1000.00|80
1515|Ordinario|10790|1000.00|80
1515|Ordinario|10951|1000.00|80
1515|Ordinario|10988|3000.00|80
1515|Ordinario|11077|1000.00|80
1515|Ordinario|11385|1000.00|80
1515|Ordinario|11386|1000.00|80
1515|Ordinario|11400|1000.00|80
1515|Ordinario|11405|1000.00|80
1515|Ordinario|11445|1000.00|80
1515|Ordinario|11450|1000.00|80
1515|Ordinario|11530|1000.00|80
1515|Ordinario|11538|1000.00|80
1515|Ordinario|11567|1000.00|80
1515|Ordinario|11657|1000.00|80
1515|Ordinario|11663|1000.00|80
1515|Ordinario|11785|1000.00|80
1515|Ordinario|11915|1000.00|80
1515|Ordinario|12011|1000.00|80
1515|Ordinario|12257|1000.00|80
1515|Ordinario|12308|1000.00|80
1515|Ordinario|12421|1000.00|80
1515|Ordinario|12566|2000.00|80
1515|Ordinario|12583|1000.00|80
1515|Ordinario|12621|1000.00|80
1515|Ordinario|12796|1000.00|80
1515|Ordinario|12831|1000.00|80
1515|Ordinario|12862|1000.00|80
1515|Ordinario|12896|1000.00|80
1515|Ordinario|12910|1000.00|80
1515|Ordinario|12974|1000.00|80
1515|Ordinario|13007|1000.00|80
1515|Ordinario|13123|1000.00|80
1515|Ordinario|13210|1000.00|80
1515|Ordinario|13231|2000.00|80
1515|Ordinario|13268|1000.00|80
1515|Ordinario|13276|1000.00|80
1515|Ordinario|13363|1000.00|80
1515|Ordinario|13388|1000.00|80
1515|Ordinario|13457|1000.00|80
1515|Ordinario|13476|1000.00|80
1515|Ordinario|13740|1000.00|80
1515|Ordinario|13879|1000.00|80
1515|Ordinario|13888|1000.00|80
1515|Ordinario|13917|2000.00|80
1515|Ordinario|13959|1000.00|80
1515|Ordinario|13990|1000.00|80
1515|Ordinario|14052|1000.00|80
1515|Ordinario|14129|1000.00|80
1515|Ordinario|14203|1000.00|80
1515|Ordinario|14356|1000.00|80
1515|Ordinario|14473|1000.00|80
1515|Ordinario|14507|1000.00|80
1515|Ordinario|14543|15000.00|80
1515|Ordinario|14582|1000.00|80
1515|Ordinario|14608|1000.00|80
1515|Ordinario|14687|1000.00|80
1515|Ordinario|14702|1000.00|80
1515|Ordinario|14715|1000.00|80
1515|Ordinario|14744|1000.00|80
1515|Ordinario|14859|1000.00|80
1515|Ordinario|14889|1000.00|80
1515|Ordinario|15048|1000.00|80
1515|Ordinario|15050|1000.00|80
1515|Ordinario|15063|1000.00|80
1515|Ordinario|15180|1000.00|80
1515|Ordinario|15262|1000.00|80
1515|Ordinario|15309|1000.00|80
1515|Ordinario|15345|1000.00|80
1515|Ordinario|15353|1000.00|80
1515|Ordinario|15369|1000.00|80
1515|Ordinario|15463|1000.00|80
1515|Ordinario|15506|1000.00|80
1515|Ordinario|15506|1000.00|80
1515|Ordinario|15527|1000.00|80
1515|Ordinario|15576|1000.00|80
1515|Ordinario|15635|1000.00|80
1515|Ordinario|15780|1000.00|80
1515|Ordinario|15819|1000.00|80
1515|Ordinario|15889|1000.00|80
1515|Ordinario|15994|1000.00|80
1515|Ordinario|16026|1000.00|80
1515|Ordinario|16156|1000.00|80
1515|Ordinario|16445|1000.00|80
1515|Ordinario|16515|1000.00|80
1515|Ordinario|16581|1000.00|80
1515|Ordinario|16622|1000.00|80
1515|Ordinario|16640|1000.00|80
1515|Ordinario|16671|1000.00|80
1515|Ordinario|16769|1000.00|80
1515|Ordinario|16781|1000.00|80
1515|Ordinario|16840|10000.00|80
1515|Ordinario|17130|1000.00|80
1515|Ordinario|17191|1000.00|80
1515|Ordinario|17202|1000.00|80
1515|Ordinario|17205|2000.00|80
1515|Ordinario|17340|1000.00|80
1515|Ordinario|17414|1000.00|80
1515|Ordinario|17474|1000.00|80
1515|Ordinario|17576|1000.00|80
1515|Ordinario|17648|1000.00|80
1515|Ordinario|17812|1000.00|80
1515|Ordinario|17899|1000.00|80
1515|Ordinario|17964|1000.00|80
1515|Ordinario|18035|1000.00|80
1515|Ordinario|18049|1000.00|80
1515|Ordinario|18259|1000.00|80
1515|Ordinario|18472|1000.00|80
1515|Ordinario|18482|1000.00|80
1515|Ordinario|18588|1000.00|80
1515|Ordinario|18612|1000.00|80
1515|Ordinario|18856|1000.00|80
1515|Ordinario|18988|1000.00|80
1515|Ordinario|19020|1000.00|80
1515|Ordinario|19049|1000.00|80
1515|Ordinario|19093|1000.00|80
1515|Ordinario|19101|1000.00|80
1515|Ordinario|19304|1000.00|80
1515|Ordinario|19336|1000.00|80
1515|Ordinario|19400|1000.00|80
1515|Ordinario|19450|1000.00|80
1515|Ordinario|19529|1000.00|80
1515|Ordinario|19579|1000.00|80
1515|Ordinario|19580|1000.00|80
1515|Ordinario|19583|1000.00|80
1515|Ordinario|19600|1000.00|80
1515|Ordinario|19669|1000.00|80
1515|Ordinario|19718|1000.00|80
1515|Ordinario|19786|1000.00|80
1515|Ordinario|19946|1000.00|80
1515|Ordinario|28755|3000.00|80
1515|Ordinario|28779|1000.00|80
1515|Ordinario|28883|1000.00|80
1515|Ordinario|28906|1000.00|80
1515|Ordinario|28926|1000.00|80
1515|Ordinario|29078|1000.00|80
1515|Ordinario|29097|1000.00|80
1515|Ordinario|29154|1000.00|80
1515|Ordinario|29196|1000.00|80
1515|Ordinario|29248|1000.00|80
1515|Ordinario|29441|1000.00|80
1515|Ordinario|29512|1000.00|80
1515|Ordinario|29642|1000.00|80
1515|Ordinario|29665|1000.00|80
1515|Ordinario|29710|1000.00|80
1515|Ordinario|29744|1000.00|80
1515|Ordinario|29798|1000.00|80
1515|Ordinario|29824|1000.00|80
1515|Ordinario|29872|1000.00|80
1515|Ordinario|29875|1000.00|80
1515|Ordinario|29992|1000.00|80
1515|Ordinario|30049|1000.00|80
1515|Ordinario|30267|1000.00|80
1515|Ordinario|30324|1000.00|80
1515|Ordinario|30369|1000.00|80
1515|Ordinario|30370|2000.00|80
1515|Ordinario|30375|1000.00|80
1515|Ordinario|30418|1000.00|80
1515|Ordinario|30463|1000.00|80
1515|Ordinario|30605|1000.00|80
1515|Ordinario|30616|1000.00|80
1515|Ordinario|30722|1000.00|80
1515|Ordinario|30835|1000.00|80
1515|Ordinario|30846|1000.00|80
1515|Ordinario|30901|1000.00|80
1515|Ordinario|30930|1000.00|80
1515|Ordinario|30947|1000.00|80
1515|Ordinario|30948|1000.00|80
1515|Ordinario|30989|1000.00|80
1515|Ordinario|31123|1000.00|80
1515|Ordinario|31125|1000.00|80
1515|Ordinario|31209|1000.00|80
1515|Ordinario|31264|1000.00|80
1515|Ordinario|31576|1000.00|80
1515|Ordinario|31578|1000.00|80
1515|Ordinario|31792|1000.00|80
1515|Ordinario|31922|1000.00|80
1515|Ordinario|32021|1000.00|80
1515|Ordinario|32102|1000.00|80
1515|Ordinario|32123|1000.00|80
1515|Ordinario|32135|1000.00|80
1515|Ordinario|32148|3000.00|80
1515|Ordinario|32152|1000.00|80
1515|Ordinario|32264|1000.00|80
1515|Ordinario|32604|1000.00|80
1515|Ordinario|32658|1000.00|80
1515|Ordinario|32790|1000.00|80
1515|Ordinario|32835|1000.00|80
1515|Ordinario|32893|1000.00|80
1515|Ordinario|32987|1000.00|80
1515|Ordinario|32992|1000.00|80
1515|Ordinario|33029|1000.00|80
1515|Ordinario|33152|1000.00|80
1515|Ordinario|33405|1000.00|80
1515|Ordinario|33426|2000.00|80
1515|Ordinario|33466|2000.00|80
1515|Ordinario|33467|1000.00|80
1515|Ordinario|33554|1000.00|80
1515|Ordinario|33616|1000.00|80
1515|Ordinario|33766|1000.00|80
1515|Ordinario|33802|1000.00|80
1515|Ordinario|33813|1000.00|80
1515|Ordinario|33831|1000.00|80
1515|Ordinario|33886|1000.00|80
1515|Ordinario|33905|1000.00|80
1515|Ordinario|33961|1000.00|80
1515|Ordinario|33998|1000.00|80
1515|Ordinario|34010|1000.00|80
1515|Ordinario|34195|1000.00|80
1515|Ordinario|34262|1000.00|80
1515|Ordinario|34284|1000.00|80
1515|Ordinario|34286|1000.00|80
1515|Ordinario|20004|1000.00|80
1515|Ordinario|20033|1000.00|80
1515|Ordinario|20033|1000.00|80
1515|Ordinario|20130|1000.00|80
1515|Ordinario|20275|1000.00|80
1515|Ordinario|20347|1000.00|80
1515|Ordinario|20384|1000.00|80
1515|Ordinario|20385|1000.00|80
1515|Ordinario|20388|1000.00|80
1515|Ordinario|20432|1000.00|80
1515|Ordinario|20495|1000.00|80
1515|Ordinario|20529|1000.00|80
1515|Ordinario|20535|1000.00|80
1515|Ordinario|20780|1000.00|80
1515|Ordinario|20784|1000.00|80
1515|Ordinario|20818|2000.00|80
1515|Ordinario|20827|1000.00|80
1515|Ordinario|20863|1000.00|80
1515|Ordinario|21034|1000.00|80
1515|Ordinario|21090|1000.00|80
1515|Ordinario|21295|1000.00|80
1515|Ordinario|21328|1000.00|80
1515|Ordinario|21343|1000.00|80
1515|Ordinario|21398|1000.00|80
1515|Ordinario|21575|1000.00|80
1515|Ordinario|21600|1000.00|80
1515|Ordinario|21606|2000.00|80
1515|Ordinario|21680|1000.00|80
1515|Ordinario|21885|1000.00|80
1515|Ordinario|22054|1000.00|80
1515|Ordinario|22068|1000.00|80
1515|Ordinario|22282|1000.00|80
1515|Ordinario|22375|1000.00|80
1515|Ordinario|22585|2000.00|80
1515|Ordinario|22721|1000.00|80
1515|Ordinario|22729|1000.00|80
1515|Ordinario|22738|1000.00|80
1515|Ordinario|22751|1000.00|80
1515|Ordinario|22837|1000.00|80
1515|Ordinario|22949|1000.00|80
1515|Ordinario|22986|1000.00|80
1515|Ordinario|23174|1000.00|80
1515|Ordinario|23183|1000.00|80
1515|Ordinario|23282|1000.00|80
1515|Ordinario|23365|1000.00|80
1515|Ordinario|23492|2000.00|80
1515|Ordinario|23696|1000.00|80
1515|Ordinario|23739|1000.00|80
1515|Ordinario|23749|2000.00|80
1515|Ordinario|23803|2000.00|80
1515|Ordinario|23875|1000.00|80
1515|Ordinario|24067|1000.00|80
1515|Ordinario|24199|1000.00|80
1515|Ordinario|24206|1000.00|80
1515|Ordinario|24229|1000.00|80
1515|Ordinario|24376|1000.00|80
1515|Ordinario|24502|1000.00|80
1515|Ordinario|24507|1000.00|80
1515|Ordinario|24593|1000.00|80
1515|Ordinario|24780|1000.00|80
1515|Ordinario|24917|1000.00|80
1515|Ordinario|24940|1000.00|80
1515|Ordinario|25034|1000.00|80
1515|Ordinario|25035|1000.00|80
1515|Ordinario|25036|1000.00|80
1515|Ordinario|25038|1000.00|80
1515|Ordinario|25039|1000.00|80
1515|Ordinario|25040|1000.00|80
1515|Ordinario|25065|1000.00|80
1515|Ordinario|25148|1000.00|80
1515|Ordinario|25190|1000.00|80
1515|Ordinario|25263|1000.00|80
1515|Ordinario|25316|1000.00|80
1515|Ordinario|25342|1000.00|80
1515|Ordinario|25445|1000.00|80
1515|Ordinario|25474|1000.00|80
1515|Ordinario|25535|1000.00|80
1515|Ordinario|25554|1000.00|80
1515|Ordinario|25561|1000.00|80
1515|Ordinario|25648|1000.00|80
1515|Ordinario|25672|1000.00|80
1515|Ordinario|25823|1000.00|80
1515|Ordinario|25826|1000.00|80
1515|Ordinario|25852|1000.00|80
1515|Ordinario|25874|1000.00|80
1515|Ordinario|25945|1000.00|80
1515|Ordinario|25963|1000.00|80
1515|Ordinario|26037|3000.00|80
1515|Ordinario|26069|1000.00|80
1515|Ordinario|26190|1000.00|80
1515|Ordinario|26284|1000.00|80
1515|Ordinario|26346|1000.00|80
1515|Ordinario|26612|1000.00|80
1515|Ordinario|26832|2000.00|80
1515|Ordinario|27029|1000.00|80
1515|Ordinario|27147|1000.00|80
1515|Ordinario|27165|1000.00|80
1515|Ordinario|27280|1000.00|80
1515|Ordinario|27341|1000.00|80
1515|Ordinario|27367|1000.00|80
1515|Ordinario|27587|1000.00|80
1515|Ordinario|27740|1000.00|80
1515|Ordinario|27770|1000.00|80
1515|Ordinario|27908|1000.00|80
1515|Ordinario|27962|1000.00|80
1515|Ordinario|28046|1000.00|80
1515|Ordinario|28061|2000.00|80
1515|Ordinario|28086|1000.00|80
1515|Ordinario|28149|1000.00|80
1515|Ordinario|28183|1000.00|80
1515|Ordinario|28192|1000.00|80
1515|Ordinario|28269|3000.00|80
1515|Ordinario|28279|1000.00|80
1515|Ordinario|28285|1000.00|80
1515|Ordinario|28360|1000.00|80
1515|Ordinario|28383|1000.00|80
1515|Ordinario|28412|1000.00|80
1515|Ordinario|28456|2000.00|80
1515|Ordinario|28511|1000.00|80
1515|Ordinario|28571|2000.00|80
1515|Ordinario|34385|1000.00|80
1515|Ordinario|34445|1000.00|80
1515|Ordinario|34535|1000.00|80
1515|Ordinario|34565|1000.00|80
1515|Ordinario|34644|1000.00|80
1515|Ordinario|34684|1000.00|80
1515|Ordinario|34698|1000.00|80
1515|Ordinario|35195|1000.00|80
1515|Ordinario|35336|1000.00|80
1515|Ordinario|35374|1000.00|80
1515|Ordinario|35427|1000.00|80
1515|Ordinario|35446|1000.00|80
1515|Ordinario|35643|2000.00|80
1515|Ordinario|35774|1000.00|80
1515|Ordinario|35801|1000.00|80
1515|Ordinario|35826|1000.00|80
1515|Ordinario|35843|1000.00|80
1515|Ordinario|35890|1000.00|80
1515|Ordinario|35970|1000.00|80
1515|Ordinario|35979|2000.00|80
1515|Ordinario|35987|1000.00|80
1515|Ordinario|36008|1000.00|80
1515|Ordinario|36229|1000.00|80
1515|Ordinario|36232|2000.00|80
1515|Ordinario|36479|1000.00|80
1515|Ordinario|36667|1000.00|80
1515|Ordinario|36679|1000.00|80
1515|Ordinario|36679|1000.00|80
1515|Ordinario|36760|1000.00|80
1515|Ordinario|36762|1000.00|80
1515|Ordinario|36771|2000.00|80
1515|Ordinario|36872|1000.00|80
1515|Ordinario|37108|1000.00|80
1515|Ordinario|37124|1000.00|80
1515|Ordinario|37164|1000.00|80
1515|Ordinario|37205|1000.00|80
1515|Ordinario|37286|2000.00|80
1515|Ordinario|37324|1000.00|80
1515|Ordinario|37339|1000.00|80
1515|Ordinario|37417|1000.00|80
1515|Ordinario|37534|1000.00|80
1515|Ordinario|37548|1000.00|80
1515|Ordinario|37608|1000.00|80
1515|Ordinario|37610|1000.00|80
1515|Ordinario|37763|10000.00|80
1515|Ordinario|37872|1000.00|80
1515|Ordinario|37908|1000.00|80
1515|Ordinario|37930|1000.00|80
1515|Ordinario|38028|1000.00|80
1515|Ordinario|38115|1000.00|80
1515|Ordinario|38180|1000.00|80
1515|Ordinario|38391|1000.00|80
1515|Ordinario|38459|1000.00|80
1515|Ordinario|38555|1000.00|80
1515|Ordinario|38590|1000.00|80
1515|Ordinario|38631|3000.00|80
1515|Ordinario|38719|1000.00|80
1515|Ordinario|38766|1000.00|80
1515|Ordinario|38831|1000.00|80
1515|Ordinario|38942|1000.00|80
1515|Ordinario|39021|1000.00|80
1515|Ordinario|39072|1000.00|80
1515|Ordinario|39085|1000.00|80
1515|Ordinario|39139|2000.00|80
1515|Ordinario|39156|1000.00|80
1515|Ordinario|39176|1000.00|80
1515|Ordinario|39203|1000.00|80
1515|Ordinario|39244|1000.00|80
1515|Ordinario|39265|1000.00|80
1515|Ordinario|39303|1000.00|80
1515|Ordinario|39374|1000.00|80
1515|Ordinario|39413|1000.00|80
1515|Ordinario|39416|1000.00|80
1515|Ordinario|39465|1000.00|80
1515|Ordinario|39516|1000.00|80
1515|Ordinario|39652|1000.00|80
1515|Ordinario|39699|2000.00|80
1515|Ordinario|39945|1000.00|80
1515|Ordinario|40015|1000.00|80
1515|Ordinario|40019|1000.00|80
1515|Ordinario|40052|1000.00|80
1515|Ordinario|40087|1000.00|80
1515|Ordinario|40099|1000.00|80
1515|Ordinario|40257|1000.00|80
1515|Ordinario|40286|1000.00|80
1515|Ordinario|40311|1000.00|80
1515|Ordinario|40337|1000.00|80
1515|Ordinario|40377|1000.00|80
1515|Ordinario|40423|1000.00|80
1515|Ordinario|40624|1000.00|80
1515|Ordinario|40671|1000.00|80
1515|Ordinario|40833|1000.00|80
1515|Ordinario|40849|1000.00|80
1515|Ordinario|40863|1000.00|80
1515|Ordinario|40900|1000.00|80
1515|Ordinario|41047|1000.00|80
1515|Ordinario|41326|1000.00|80
1515|Ordinario|41328|1000.00|80
1515|Ordinario|41348|1000.00|80
1515|Ordinario|41358|1000.00|80
1515|Ordinario|41396|1000.00|80
1515|Ordinario|41424|1000.00|80
1515|Ordinario|41566|2000.00|80
1515|Ordinario|41627|1000.00|80
1515|Ordinario|41777|1000.00|80
1515|Ordinario|41832|1000.00|80
1515|Ordinario|41918|1000.00|80
1515|Ordinario|41933|1000.00|80
1515|Ordinario|42030|1000.00|80
1515|Ordinario|42039|1000.00|80
1515|Ordinario|42087|1000.00|80
1515|Ordinario|42096|1000.00|80
1515|Ordinario|42233|1000.00|80
1515|Ordinario|42239|1000.00|80
1515|Ordinario|42248|2000.00|80
1515|Ordinario|42302|1000.00|80
1515|Ordinario|42434|1000.00|80
1515|Ordinario|42535|1000.00|80
1515|Ordinario|42565|1000.00|80
1515|Ordinario|42624|1000.00|80
1515|Ordinario|42627|1000.00|80
1515|Ordinario|42637|1000.00|80
1515|Ordinario|42728|1000.00|80
1515|Ordinario|42792|1000.00|80
1515|Ordinario|42932|1000.00|80
1515|Ordinario|43056|1000.00|80
1515|Ordinario|43266|1000.00|80
1515|Ordinario|43344|2000.00|80
1515|Ordinario|43359|1000.00|80
1515|Ordinario|43391|3000.00|80
1515|Ordinario|43441|2000.00|80
1515|Ordinario|43534|2000.00|80
1515|Ordinario|43565|1000.00|80
1515|Ordinario|43677|1000.00|80
1515|Ordinario|43734|1000.00|80
1515|Ordinario|43859|1000.00|80
1515|Ordinario|43888|1000.00|80
1515|Ordinario|43965|1000.00|80
1515|Ordinario|44007|1000.00|80
1515|Ordinario|44020|1000.00|80
1515|Ordinario|44078|1000.00|80
1515|Ordinario|44203|1000.00|80
1515|Ordinario|44203|1000.00|80
1515|Ordinario|44382|1000.00|80
1515|Ordinario|44578|1000.00|80
1515|Ordinario|44643|1000.00|80
1515|Ordinario|44860|1000.00|80
1515|Ordinario|44870|1000.00|80
1515|Ordinario|44906|1000.00|80
1515|Ordinario|45010|1000.00|80
1515|Ordinario|45270|1000.00|80
1515|Ordinario|45320|1000.00|80
1515|Ordinario|45386|1000.00|80
1515|Ordinario|45446|1000.00|80
1515|Ordinario|45458|1000.00|80
1515|Ordinario|45473|1000.00|80
1515|Ordinario|45636|1000.00|80
1515|Ordinario|45733|1000.00|80
1515|Ordinario|45773|1000.00|80
1515|Ordinario|45783|1000.00|80
1515|Ordinario|45842|1000.00|80
1515|Ordinario|45875|1000.00|80
1515|Ordinario|45882|1000.00|80
1515|Ordinario|45944|1000.00|80
1515|Ordinario|46012|1000.00|80
1515|Ordinario|46018|1000.00|80
1515|Ordinario|46179|1000.00|80
1515|Ordinario|46319|1000.00|80
1515|Ordinario|46560|1000.00|80
1515|Ordinario|46573|1000.00|80
1515|Ordinario|46729|1000.00|80
1515|Ordinario|46738|1000.00|80
1515|Ordinario|46806|1000.00|80
1515|Ordinario|46881|1000.00|80
1515|Ordinario|47329|1000.00|80
1515|Ordinario|47343|1000.00|80
1515|Ordinario|47356|1000.00|80
1515|Ordinario|47536|1000.00|80
1515|Ordinario|47553|1000.00|80
1515|Ordinario|47557|1000.00|80
1515|Ordinario|47612|1000.00|80
1515|Ordinario|47695|1000.00|80
1515|Ordinario|47978|1000.00|80
1515|Ordinario|47984|1000.00|80
1515|Ordinario|48113|1000.00|80
1515|Ordinario|48305|1000.00|80
1515|Ordinario|48424|1000.00|80
1515|Ordinario|48580|1000.00|80
1515|Ordinario|48680|1000.00|80
1515|Ordinario|48826|1000.00|80
1515|Ordinario|48977|1000.00|80
1515|Ordinario|48998|1000.00|80
1515|Ordinario|49013|1000.00|80
1515|Ordinario|49073|1000.00|80
1515|Ordinario|49184|1000.00|80
1515|Ordinario|49444|1000.00|80
1515|Ordinario|49512|1000.00|80
1515|Ordinario|49690|1000.00|80
1515|Ordinario|49716|1000.00|80
1515|Ordinario|49747|1000.00|80
1515|Ordinario|49931|1000.00|80
1515|Ordinario|49934|1000.00|80
1515|Ordinario|50014|1000.00|80
1515|Ordinario|50266|1000.00|80
1515|Ordinario|50275|1000.00|80
1515|Ordinario|50289|1000.00|80
1515|Ordinario|50376|1000.00|80
1515|Ordinario|50376|1000.00|80
1515|Ordinario|50383|2000.00|80
1515|Ordinario|50493|1000.00|80
1515|Ordinario|50641|2000.00|80
1515|Ordinario|50678|1000.00|80
1515|Ordinario|36082|50000.00|80
1515|Ordinario|21137|20000.00|80
1515|Ordinario|44386|300000.00|80
1515|Ordinario|23750|25000.00|80
1515|Ordinario|07043|25000.00|80
1515|Ordinario|43127|3500000.00|80
1515|Ordinario|25037||0
1660|Ordinario|06273|1200.00|80
1660|Ordinario|06291|1200.00|80
1660|Ordinario|06370|3000.00|80
1660|Ordinario|06378|1200.00|80
1660|Ordinario|06434|1200.00|80
1660|Ordinario|06458|3000.00|80
1660|Ordinario|06462|1200.00|80
1660|Ordinario|06514|1200.00|80
1660|Ordinario|06895|1200.00|80
1660|Ordinario|06977|1200.00|80
1660|Ordinario|07008|1200.00|80
1660|Ordinario|07020|1200.00|80
1660|Ordinario|07278|1200.00|80
1660|Ordinario|07371|1200.00|80
1660|Ordinario|07436|1200.00|80
1660|Ordinario|07463|1200.00|80
1660|Ordinario|07529|1200.00|80
1660|Ordinario|07628|1200.00|80
1660|Ordinario|07659|1200.00|80
1660|Ordinario|07670|1200.00|80
1660|Ordinario|07707|1200.00|80
1660|Ordinario|07749|1200.00|80
1660|Ordinario|07780|2000.00|80
1660|Ordinario|07780|1200.00|80
1660|Ordinario|07789|1200.00|80
1660|Ordinario|07801|1200.00|80
1660|Ordinario|07802|1200.00|80
1660|Ordinario|07849|1200.00|80
1660|Ordinario|07876|1200.00|80
1660|Ordinario|07902|1200.00|80
1660|Ordinario|07932|1200.00|80
1660|Ordinario|08049|1200.00|80
1660|Ordinario|08228|1200.00|80
1660|Ordinario|08282|1200.00|80
1660|Ordinario|08294|1200.00|80
1660|Ordinario|08309|2000.00|80
1660|Ordinario|08317|1200.00|80
1660|Ordinario|08431|1200.00|80
1660|Ordinario|08436|1200.00|80
1660|Ordinario|08547|1200.00|80
1660|Ordinario|08624|1200.00|80
1660|Ordinario|08693|1200.00|80
1660|Ordinario|08775|1200.00|80
1660|Ordinario|08857|1200.00|80
1660|Ordinario|08972|1200.00|80
1660|Ordinario|08978|1200.00|80
1660|Ordinario|09009|1200.00|80
1660|Ordinario|09123|1200.00|80
1660|Ordinario|09155|1200.00|80
1660|Ordinario|09267|1200.00|80
1660|Ordinario|09279|1200.00|80
1660|Ordinario|09349|3000.00|80
1660|Ordinario|09589|1200.00|80
1660|Ordinario|09695|1200.00|80
1660|Ordinario|09755|1200.00|80
1660|Ordinario|09796|1200.00|80
1660|Ordinario|09941|1200.00|80
1660|Ordinario|09975|1200.00|80
1660|Ordinario|10096|1200.00|80
1660|Ordinario|10196|1200.00|80
1660|Ordinario|10197|1200.00|80
1660|Ordinario|10237|1200.00|80
1660|Ordinario|10262|1200.00|80
1660|Ordinario|10264|1200.00|80
1660|Ordinario|10421|1200.00|80
1660|Ordinario|10557|1200.00|80
1660|Ordinario|10569|1200.00|80
1660|Ordinario|10615|1200.00|80
1660|Ordinario|10627|1200.00|80
1660|Ordinario|10643|1200.00|80
1660|Ordinario|10758|1200.00|80
1660|Ordinario|29066|1200.00|80
1660|Ordinario|29099|1200.00|80
1660|Ordinario|29374|1200.00|80
1660|Ordinario|29491|1200.00|80
1660|Ordinario|29541|1200.00|80
1660|Ordinario|29699|1200.00|80
1660|Ordinario|29783|1200.00|80
1660|Ordinario|29818|1200.00|80
1660|Ordinario|29866|1200.00|80
1660|Ordinario|29918|1200.00|80
1660|Ordinario|29960|1200.00|80
1660|Ordinario|30143|1200.00|80
1660|Ordinario|30197|1200.00|80
1660|Ordinario|30216|1200.00|80
1660|Ordinario|30244|1200.00|80
1660|Ordinario|30282|1200.00|80
1660|Ordinario|30359|1200.00|80
1660|Ordinario|30445|1200.00|80
1660|Ordinario|30499|1200.00|80
1660|Ordinario|30529|2000.00|80
1660|Ordinario|30544|1200.00|80
1660|Ordinario|30561|1200.00|80
1660|Ordinario|30592|1200.00|80
1660|Ordinario|30599|1200.00|80
1660|Ordinario|30699|1200.00|80
1660|Ordinario|30736|1200.00|80
1660|Ordinario|30784|1200.00|80
1660|Ordinario|30846|1200.00|80
1660|Ordinario|30969|1200.00|80
1660|Ordinario|31039|1200.00|80
1660|Ordinario|31050|1200.00|80
1660|Ordinario|31084|1200.00|80
1660|Ordinario|31087|2000.00|80
1660|Ordinario|31099|1200.00|80
1660|Ordinario|31172|1200.00|80
1660|Ordinario|31222|1200.00|80
1660|Ordinario|31342|1200.00|80
1660|Ordinario|31407|3000.00|80
1660|Ordinario|31468|1200.00|80
1660|Ordinario|31662|1200.00|80
1660|Ordinario|31788|1200.00|80
1660|Ordinario|31845|1200.00|80
1660|Ordinario|31857|1200.00|80
1660|Ordinario|31992|1200.00|80
1660|Ordinario|32033|1200.00|80
1660|Ordinario|32292|1200.00|80
1660|Ordinario|32319|2000.00|80
1660|Ordinario|32377|1200.00|80
1660|Ordinario|32424|1200.00|80
1660|Ordinario|32514|1200.00|80
1660|Ordinario|32531|1200.00|80
1660|Ordinario|32535|2000.00|80
1660|Ordinario|32620|1200.00|80
1660|Ordinario|32669|1200.00|80
1660|Ordinario|32678|1200.00|80
1660|Ordinario|32727|1200.00|80
1660|Ordinario|32807|1200.00|80
1660|Ordinario|32907|2000.00|80
1660|Ordinario|32971|1200.00|80
1660|Ordinario|33088|1200.00|80
1660|Ordinario|33121|1200.00|80
1660|Ordinario|33187|1200.00|80
1660|Ordinario|33202|1200.00|80
1660|Ordinario|33227|1200.00|80
1660|Ordinario|33264|1200.00|80
1660|Ordinario|33377|1200.00|80
1660|Ordinario|01035|1200.00|80
1660|Ordinario|01105|1200.00|80
1660|Ordinario|01199|1200.00|80
1660|Ordinario|01250|1200.00|80
1660|Ordinario|01260|1200.00|80
1660|Ordinario|01342|1200.00|80
1660|Ordinario|01522|1200.00|80
1660|Ordinario|01566|1200.00|80
1660|Ordinario|01638|1200.00|80
1660|Ordinario|01689|1200.00|80
1660|Ordinario|01743|1200.00|80
1660|Ordinario|01806|1200.00|80
1660|Ordinario|01814|1200.00|80
1660|Ordinario|01935|1200.00|80
1660|Ordinario|02077|1200.00|80
1660|Ordinario|02132|1200.00|80
1660|Ordinario|02169|1200.00|80
1660|Ordinario|02208|1200.00|80
1660|Ordinario|02257|1200.00|80
1660|Ordinario|02289|1200.00|80
1660|Ordinario|02434|1200.00|80
1660|Ordinario|02467|1200.00|80
1660|Ordinario|02467|1200.00|80
1660|Ordinario|02480|1200.00|80
1660|Ordinario|02567|1200.00|80
1660|Ordinario|02619|1200.00|80
1660|Ordinario|02767|1200.00|80
1660|Ordinario|02807|1200.00|80
1660|Ordinario|02939|2000.00|80
1660|Ordinario|02962|1200.00|80
1660|Ordinario|02993|1200.00|80
1660|Ordinario|03027|1200.00|80
1660|Ordinario|03063|1200.00|80
1660|Ordinario|03123|1200.00|80
1660|Ordinario|03173|1200.00|80
1660|Ordinario|03229|1200.00|80
1660|Ordinario|03237|1200.00|80
1660|Ordinario|03249|1200.00|80
1660|Ordinario|03632|1200.00|80
1660|Ordinario|03695|1200.00|80
1660|Ordinario|03762|2000.00|80
1660|Ordinario|03763|1200.00|80
1660|Ordinario|03765|1200.00|80
1660|Ordinario|03819|1200.00|80
1660|Ordinario|03959|1200.00|80
1660|Ordinario|03995|1200.00|80
1660|Ordinario|04129|2000.00|80
1660|Ordinario|04148|1200.00|80
1660|Ordinario|04239|1200.00|80
1660|Ordinario|04366|1200.00|80
1660|Ordinario|04390|1200.00|80
1660|Ordinario|04526|1200.00|80
1660|Ordinario|04678|1200.00|80
1660|Ordinario|04725|1200.00|80
1660|Ordinario|04761|1200.00|80
1660|Ordinario|04813|1200.00|80
1660|Ordinario|04884|1200.00|80
1660|Ordinario|04920|1200.00|80
1660|Ordinario|04971|1200.00|80
1660|Ordinario|05042|1200.00|80
1660|Ordinario|05119|1200.00|80
1660|Ordinario|05319|1200.00|80
1660|Ordinario|05396|1200.00|80
1660|Ordinario|05427|1200.00|80
1660|Ordinario|05516|1200.00|80
1660|Ordinario|05521|1200.00|80
1660|Ordinario|05596|1200.00|80
1660|Ordinario|05661|1200.00|80
1660|Ordinario|05860|2000.00|80
1660|Ordinario|06064|1200.00|80
1660|Ordinario|06210|1200.00|80
1660|Ordinario|06248|1200.00|80
1660|Ordinario|18400|1200.00|80
1660|Ordinario|18628|1200.00|80
1660|Ordinario|18632|1200.00|80
1660|Ordinario|18715|1200.00|80
1660|Ordinario|18873|1200.00|80
1660|Ordinario|18928|1200.00|80
1660|Ordinario|18968|1200.00|80
1660|Ordinario|19199|1200.00|80
1660|Ordinario|19235|2000.00|80
1660|Ordinario|19283|1200.00|80
1660|Ordinario|19396|1200.00|80
1660|Ordinario|19428|1200.00|80
1660|Ordinario|19463|1200.00|80
1660|Ordinario|19510|2000.00|80
1660|Ordinario|19531|1200.00|80
1660|Ordinario|19536|1200.00|80
1660|Ordinario|19567|1200.00|80
1660|Ordinario|19799|1200.00|80
1660|Ordinario|19896|1200.00|80
1660|Ordinario|19941|1200.00|80
1660|Ordinario|20021|1200.00|80
1660|Ordinario|20048|1200.00|80
1660|Ordinario|20060|1200.00|80
1660|Ordinario|20069|1200.00|80
1660|Ordinario|20182|2000.00|80
1660|Ordinario|20277|1200.00|80
1660|Ordinario|20352|1200.00|80
1660|Ordinario|20493|1200.00|80
1660|Ordinario|20498|1200.00|80
1660|Ordinario|20559|1200.00|80
1660|Ordinario|20730|1000.00|80
1660|Ordinario|20731|1000.00|80
1660|Ordinario|20732|2000.00|80
1660|Ordinario|20734|2000.00|80
1660|Ordinario|20735|1000.00|80
1660|Ordinario|20736|1000.00|80
1660|Ordinario|20797|1200.00|80
1660|Ordinario|20826|1200.00|80
1660|Ordinario|20837|1200.00|80
1660|Ordinario|20973|1200.00|80
1660|Ordinario|21023|1200.00|80
1660|Ordinario|21118|1200.00|80
1660|Ordinario|21238|1200.00|80
1660|Ordinario|21347|1200.00|80
1660|Ordinario|21429|1200.00|80
1660|Ordinario|21466|1200.00|80
1660|Ordinario|21595|1200.00|80
1660|Ordinario|21619|1200.00|80
1660|Ordinario|21834|1200.00|80
1660|Ordinario|21874|1200.00|80
1660|Ordinario|21905|1200.00|80
1660|Ordinario|21918|1200.00|80
1660|Ordinario|21918|1200.00|80
1660|Ordinario|22049|1200.00|80
1660|Ordinario|22061|1200.00|80
1660|Ordinario|22169|1200.00|80
1660|Ordinario|22215|1200.00|80
1660|Ordinario|22280|2000.00|80
1660|Ordinario|22345|1200.00|80
1660|Ordinario|22377|1200.00|80
1660|Ordinario|22536|1200.00|80
1660|Ordinario|22684|1200.00|80
1660|Ordinario|22725|1200.00|80
1660|Ordinario|22765|1200.00|80
1660|Ordinario|22769|1200.00|80
1660|Ordinario|22918|1200.00|80
1660|Ordinario|22992|1200.00|80
1660|Ordinario|23141|1200.00|80
1660|Ordinario|23240|2000.00|80
1660|Ordinario|23293|1200.00|80
1660|Ordinario|23405|1200.00|80
1660|Ordinario|23422|1200.00|80
1660|Ordinario|23724|1200.00|80
1660|Ordinario|23912|1200.00|80
1660|Ordinario|23925|1200.00|80
1660|Ordinario|24135|1200.00|80
1660|Ordinario|24185|1200.00|80
1660|Ordinario|24197|2000.00|80
1660|Ordinario|24290|1200.00|80
1660|Ordinario|24360|10000.00|80
1660|Ordinario|24364|1200.00|80
1660|Ordinario|24378|1200.00|80
1660|Ordinario|24429|1200.00|80
1660|Ordinario|24531|1200.00|80
1660|Ordinario|24563|1200.00|80
1660|Ordinario|24738|1200.00|80
1660|Ordinario|24856|2000.00|80
1660|Ordinario|24981|2000.00|80
1660|Ordinario|25014|1200.00|80
1660|Ordinario|25084|1200.00|80
1660|Ordinario|25101|1200.00|80
1660|Ordinario|25246|1200.00|80
1660|Ordinario|25271|1200.00|80
1660|Ordinario|25296|1200.00|80
1660|Ordinario|25448|1200.00|80
1660|Ordinario|25449|1200.00|80
1660|Ordinario|25640|1200.00|80
1660|Ordinario|25791|1200.00|80
1660|Ordinario|25928|1200.00|80
1660|Ordinario|25972|1200.00|80
1660|Ordinario|26024|1200.00|80
1660|Ordinario|26045|1200.00|80
1660|Ordinario|26082|1200.00|80
1660|Ordinario|26266|1200.00|80
1660|Ordinario|26282|1200.00|80
1660|Ordinario|26292|1200.00|80
1660|Ordinario|26357|1200.00|80
1660|Ordinario|26489|1200.00|80
1660|Ordinario|26520|1200.00|80
1660|Ordinario|26574|1200.00|80
1660|Ordinario|26610|15000.00|80
1660|Ordinario|26711|1200.00|80
1660|Ordinario|26793|1200.00|80
1660|Ordinario|27000|1200.00|80
1660|Ordinario|27218|1200.00|80
1660|Ordinario|27256|1200.00|80
1660|Ordinario|27302|1200.00|80
1660|Ordinario|27327|2000.00|80
1660|Ordinario|27331|1200.00|80
1660|Ordinario|27357|1200.00|80
1660|Ordinario|27382|2000.00|80
1660|Ordinario|27397|1200.00|80
1660|Ordinario|27463|1200.00|80
1660|Ordinario|27605|1200.00|80
1660|Ordinario|27685|1200.00|80
1660|Ordinario|27871|1200.00|80
1660|Ordinario|27872|1200.00|80
1660|Ordinario|27918|1200.00|80
1660|Ordinario|28040|1200.00|80
1660|Ordinario|28224|1200.00|80
1660|Ordinario|28242|1200.00|80
1660|Ordinario|28262|1200.00|80
1660|Ordinario|28618|1200.00|80
1660|Ordinario|28845|1200.00|80
1660|Ordinario|28952|1200.00|80
1660|Ordinario|28958|1200.00|80
1660|Ordinario|28988|1200.00|80
1660|Ordinario|33500|1200.00|80
1660|Ordinario|33663|1200.00|80
1660|Ordinario|33679|1200.00|80
1660|Ordinario|33809|1200.00|80
1660|Ordinario|33909|1200.00|80
1660|Ordinario|33921|1200.00|80
1660|Ordinario|34019|1200.00|80
1660|Ordinario|34079|1200.00|80
1660|Ordinario|34228|1200.00|80
1660|Ordinario|34422|1200.00|80
1660|Ordinario|34434|1200.00|80
1660|Ordinario|34459|1200.00|80
1660|Ordinario|34469|1200.00|80
1660|Ordinario|34493|1200.00|80
1660|Ordinario|34588|1200.00|80
1660|Ordinario|34750|1200.00|80
1660|Ordinario|34771|1200.00|80
1660|Ordinario|34794|1200.00|80
1660|Ordinario|34918|1200.00|80
1660|Ordinario|34955|1200.00|80
1660|Ordinario|35078|1200.00|80
1660|Ordinario|35103|1200.00|80
1660|Ordinario|35177|1200.00|80
1660|Ordinario|35178|1200.00|80
1660|Ordinario|35229|2000.00|80
1660|Ordinario|35244|1200.00|80
1660|Ordinario|35362|1200.00|80
1660|Ordinario|35412|1200.00|80
1660|Ordinario|35429|1200.00|80
1660|Ordinario|35496|2000.00|80
1660|Ordinario|35679|1200.00|80
1660|Ordinario|35795|1200.00|80
1660|Ordinario|35832|1200.00|80
1660|Ordinario|35894|1200.00|80
1660|Ordinario|35913|10000.00|80
1660|Ordinario|35928|1200.00|80
1660|Ordinario|36011|1200.00|80
1660|Ordinario|36122|1200.00|80
1660|Ordinario|36296|2000.00|80
1660|Ordinario|36335|1200.00|80
1660|Ordinario|36342|1200.00|80
1660|Ordinario|36462|1200.00|80
1660|Ordinario|36680|1200.00|80
1660|Ordinario|36734|1200.00|80
1660|Ordinario|36769|1200.00|80
1660|Ordinario|36839|1200.00|80
1660|Ordinario|36908|1200.00|80
1660|Ordinario|36931|1200.00|80
1660|Ordinario|36965|1200.00|80
1660|Ordinario|36990|1200.00|80
1660|Ordinario|37021|1200.00|80
1660|Ordinario|37108|1200.00|80
1660|Ordinario|37580|1200.00|80
1660|Ordinario|37846|1200.00|80
1660|Ordinario|37861|1200.00|80
1660|Ordinario|37862|1200.00|80
1660|Ordinario|38089|1200.00|80
1660|Ordinario|38092|1200.00|80
1660|Ordinario|38184|1200.00|80
1660|Ordinario|38186|1200.00|80
1660|Ordinario|38252|1200.00|80
1660|Ordinario|38319|1200.00|80
1660|Ordinario|38368|1200.00|80
1660|Ordinario|38409|1200.00|80
1660|Ordinario|38706|1200.00|80
1660|Ordinario|38760|1200.00|80
1660|Ordinario|38773|1200.00|80
1660|Ordinario|38849|1200.00|80
1660|Ordinario|38897|1200.00|80
1660|Ordinario|38921|1200.00|80
1660|Ordinario|38988|1200.00|80
1660|Ordinario|39061|1200.00|80
1660|Ordinario|39249|1200.00|80
1660|Ordinario|39494|1200.00|80
1660|Ordinario|39497|1200.00|80
1660|Ordinario|39522|1200.00|80
1660|Ordinario|39634|2000.00|80
1660|Ordinario|39655|1200.00|80
1660|Ordinario|39668|1200.00|80
1660|Ordinario|39804|1200.00|80
1660|Ordinario|39851|1200.00|80
1660|Ordinario|39878|1200.00|80
1660|Ordinario|39908|1200.00|80
1660|Ordinario|39940|1200.00|80
1660|Ordinario|40039|1200.00|80
1660|Ordinario|40196|1200.00|80
1660|Ordinario|40257|1200.00|80
1660|Ordinario|40385|1200.00|80
1660|Ordinario|40398|1200.00|80
1660|Ordinario|40591|1200.00|80
1660|Ordinario|40655|1200.00|80
1660|Ordinario|40933|2000.00|80
1660|Ordinario|41069|1200.00|80
1660|Ordinario|41099|1200.00|80
1660|Ordinario|41189|1200.00|80
1660|Ordinario|41199|1200.00|80
1660|Ordinario|41492|1200.00|80
1660|Ordinario|41538|1200.00|80
1660|Ordinario|41696|1200.00|80
1660|Ordinario|41840|1200.00|80
1660|Ordinario|41899|1200.00|80
1660|Ordinario|41996|1200.00|80
1660|Ordinario|42083|1200.00|80
1660|Ordinario|42089|3000.00|80
1660|Ordinario|42098|1200.00|80
1660|Ordinario|42136|1200.00|80
1660|Ordinario|42199|1200.00|80
1660|Ordinario|42287|1200.00|80
1660|Ordinario|42288|1200.00|80
1660|Ordinario|42385|1200.00|80
1660|Ordinario|42391|1200.00|80
1660|Ordinario|42480|1200.00|80
1660|Ordinario|42510|1200.00|80
1660|Ordinario|42519|1200.00|80
1660|Ordinario|42643|1200.00|80
1660|Ordinario|42806|1200.00|80
1660|Ordinario|42846|1200.00|80
1660|Ordinario|42868|1200.00|80
1660|Ordinario|42881|1200.00|80
1660|Ordinario|42925|1200.00|80
1660|Ordinario|42970|1200.00|80
1660|Ordinario|43410|1200.00|80
1660|Ordinario|43492|1200.00|80
1660|Ordinario|43529|1200.00|80
1660|Ordinario|43635|1200.00|80
1660|Ordinario|43825|1200.00|80
1660|Ordinario|43860|1200.00|80
1660|Ordinario|43928|1200.00|80
1660|Ordinario|44056|1200.00|80
1660|Ordinario|44292|1200.00|80
1660|Ordinario|44297|1200.00|80
1660|Ordinario|44314|1200.00|80
1660|Ordinario|44314|1200.00|80
1660|Ordinario|44492|1200.00|80
1660|Ordinario|44499|1200.00|80
1660|Ordinario|44614|1200.00|80
1660|Ordinario|44771|1200.00|80
1660|Ordinario|44774|1200.00|80
1660|Ordinario|10849|1200.00|80
1660|Ordinario|10875|1200.00|80
1660|Ordinario|10880|1200.00|80
1660|Ordinario|10957|1200.00|80
1660|Ordinario|11019|1200.00|80
1660|Ordinario|11095|1200.00|80
1660|Ordinario|11096|1200.00|80
1660|Ordinario|11489|3000.00|80
1660|Ordinario|11545|1200.00|80
1660|Ordinario|11648|1200.00|80
1660|Ordinario|12035|1200.00|80
1660|Ordinario|12071|1200.00|80
1660|Ordinario|12180|2000.00|80
1660|Ordinario|12294|1200.00|80
1660|Ordinario|12299|1200.00|80
1660|Ordinario|12312|1200.00|80
1660|Ordinario|12474|1200.00|80
1660|Ordinario|12582|1200.00|80
1660|Ordinario|12770|1200.00|80
1660|Ordinario|12866|1200.00|80
1660|Ordinario|12923|1200.00|80
1660|Ordinario|12925|1200.00|80
1660|Ordinario|12999|1200.00|80
1660|Ordinario|13178|1200.00|80
1660|Ordinario|13269|1200.00|80
1660|Ordinario|13277|1200.00|80
1660|Ordinario|13355|1200.00|80
1660|Ordinario|13382|2000.00|80
1660|Ordinario|13422|1200.00|80
1660|Ordinario|13436|1200.00|80
1660|Ordinario|13599|1200.00|80
1660|Ordinario|13769|1200.00|80
1660|Ordinario|13833|1200.00|80
1660|Ordinario|13899|1200.00|80
1660|Ordinario|13936|1200.00|80
1660|Ordinario|14019|1200.00|80
1660|Ordinario|14118|1200.00|80
1660|Ordinario|14158|1200.00|80
1660|Ordinario|14291|1200.00|80
1660|Ordinario|14430|1200.00|80
1660|Ordinario|14535|1200.00|80
1660|Ordinario|14582|1200.00|80
1660|Ordinario|14590|2000.00|80
1660|Ordinario|14825|1200.00|80
1660|Ordinario|14913|1200.00|80
1660|Ordinario|14979|1200.00|80
1660|Ordinario|14997|1200.00|80
1660|Ordinario|14999|1200.00|80
1660|Ordinario|15090|1200.00|80
1660|Ordinario|15121|1200.00|80
1660|Ordinario|15299|1200.00|80
1660|Ordinario|15388|1200.00|80
1660|Ordinario|15390|1200.00|80
1660|Ordinario|15406|1200.00|80
1660|Ordinario|15424|1200.00|80
1660|Ordinario|15597|1200.00|80
1660|Ordinario|15622|1200.00|80
1660|Ordinario|15676|1200.00|80
1660|Ordinario|15894|1200.00|80
1660|Ordinario|15988|1200.00|80
1660|Ordinario|16094|1200.00|80
1660|Ordinario|16099|1200.00|80
1660|Ordinario|16486|1200.00|80
1660|Ordinario|16636|1200.00|80
1660|Ordinario|16994|1200.00|80
1660|Ordinario|17145|2000.00|80
1660|Ordinario|17209|2000.00|80
1660|Ordinario|17450|1200.00|80
1660|Ordinario|17572|1200.00|80
1660|Ordinario|17585|1200.00|80
1660|Ordinario|17772|1200.00|80
1660|Ordinario|17783|1200.00|80
1660|Ordinario|17796|1200.00|80
1660|Ordinario|17849|1200.00|80
1660|Ordinario|17855|1200.00|80
1660|Ordinario|17909|1200.00|80
1660|Ordinario|18015|1200.00|80
1660|Ordinario|18049|1200.00|80
1660|Ordinario|18256|1200.00|80
1660|Ordinario|18286|1200.00|80
1660|Ordinario|18389|1200.00|80
1660|Ordinario|44920|1200.00|80
1660|Ordinario|44968|2000.00|80
1660|Ordinario|44989|1200.00|80
1660|Ordinario|45035|1200.00|80
1660|Ordinario|45466|1200.00|80
1660|Ordinario|45469|1200.00|80
1660|Ordinario|45530|1200.00|80
1660|Ordinario|45573|1200.00|80
1660|Ordinario|45774|1200.00|80
1660|Ordinario|45830|1200.00|80
1660|Ordinario|45869|1200.00|80
1660|Ordinario|45904|1200.00|80
1660|Ordinario|45922|1200.00|80
1660|Ordinario|45945|1200.00|80
1660|Ordinario|45969|1200.00|80
1660|Ordinario|45984|1200.00|80
1660|Ordinario|45998|1200.00|80
1660|Ordinario|46006|1200.00|80
1660|Ordinario|46198|1200.00|80
1660|Ordinario|46229|1200.00|80
1660|Ordinario|46344|1200.00|80
1660|Ordinario|46492|1200.00|80
1660|Ordinario|46529|1200.00|80
1660|Ordinario|46662|1200.00|80
1660|Ordinario|46669|1200.00|80
1660|Ordinario|46690|1200.00|80
1660|Ordinario|46889|3000.00|80
1660|Ordinario|46892|1200.00|80
1660|Ordinario|46901|1200.00|80
1660|Ordinario|46922|1200.00|80
1660|Ordinario|46947|1200.00|80
1660|Ordinario|46966|1200.00|80
1660|Ordinario|47043|1200.00|80
1660|Ordinario|47083|1200.00|80
1660|Ordinario|47169|1200.00|80
1660|Ordinario|47268|1200.00|80
1660|Ordinario|47394|1200.00|80
1660|Ordinario|47401|1200.00|80
1660|Ordinario|47437|1200.00|80
1660|Ordinario|47462|1200.00|80
1660|Ordinario|47581|1200.00|80
1660|Ordinario|47680|1200.00|80
1660|Ordinario|47760|1200.00|80
1660|Ordinario|47846|1200.00|80
1660|Ordinario|47875|1200.00|80
1660|Ordinario|47898|1200.00|80
1660|Ordinario|47910|1200.00|80
1660|Ordinario|47933|1200.00|80
1660|Ordinario|47974|1200.00|80
1660|Ordinario|48016|1200.00|80
1660|Ordinario|48125|1200.00|80
1660|Ordinario|48163|1200.00|80
1660|Ordinario|48202|1200.00|80
1660|Ordinario|48301|1200.00|80
1660|Ordinario|48334|1200.00|80
1660|Ordinario|48390|1200.00|80
1660|Ordinario|48466|1200.00|80
1660|Ordinario|48528|1200.00|80
1660|Ordinario|48744|1200.00|80
1660|Ordinario|48904|2000.00|80
1660|Ordinario|48942|1200.00|80
1660|Ordinario|48948|1200.00|80
1660|Ordinario|48967|1200.00|80
1660|Ordinario|48980|1200.00|80
1660|Ordinario|49029|1200.00|80
1660|Ordinario|49228|1200.00|80
1660|Ordinario|49236|1200.00|80
1660|Ordinario|49249|1200.00|80
1660|Ordinario|49279|1200.00|80
1660|Ordinario|49312|2000.00|80
1660|Ordinario|49319|1200.00|80
1660|Ordinario|49605|1200.00|80
1660|Ordinario|49825|1200.00|80
1660|Ordinario|49942|1200.00|80
1660|Ordinario|50193|2000.00|80
1660|Ordinario|50233|1200.00|80
1660|Ordinario|50526|1200.00|80
1660|Ordinario|50629|1200.00|80
1660|Ordinario|50685|1200.00|80
1660|Ordinario|50707|1200.00|80
1660|Ordinario|50734|1200.00|80
1660|Ordinario|50763|1200.00|80
1660|Ordinario|50764|1200.00|80
1660|Ordinario|50840|1200.00|80
1660|Ordinario|50906|1200.00|80
1660|Ordinario|50911|1200.00|80
1660|Ordinario|35529|50000.00|80
1660|Ordinario|07103|20000.00|80
1660|Ordinario|40979|25000.00|80
1660|Ordinario|04334|25000.00|80
1660|Ordinario|41066|5000000.00|80
1660|Ordinario|20733|400000.00|80
1660|Ordinario|29149||0
1900|Ordinario|01148|10000.00|80
1900|Ordinario|01474|10000.00|80
1900|Ordinario|01538|10000.00|80
1900|Ordinario|01682|10000.00|80
1900|Ordinario|01841|10000.00|80
1900|Ordinario|01946|10000.00|80
1900|Ordinario|02028|10000.00|80
1900|Ordinario|02127|10000.00|80
1900|Ordinario|02287|12000.00|80
1900|Ordinario|02294|12000.00|80
1900|Ordinario|02454|10000.00|80
1900|Ordinario|02637|10000.00|80
1900|Ordinario|02954|10000.00|80
1900|Ordinario|02971|10000.00|80
1900|Ordinario|03410|10000.00|80
1900|Ordinario|03458|10000.00|80
1900|Ordinario|03493|10000.00|80
1900|Ordinario|03555|10000.00|80
1900|Ordinario|03810|12000.00|80
1900|Ordinario|03832|10000.00|80
1900|Ordinario|03930|12000.00|80
1900|Ordinario|04095|10000.00|80
1900|Ordinario|04137|10000.00|80
1900|Ordinario|04486|12000.00|80
1900|Ordinario|04784|10000.00|80
1900|Ordinario|04883|10000.00|80
1900|Ordinario|04975|10000.00|80
1900|Ordinario|05012|10000.00|80
1900|Ordinario|05205|10000.00|80
1900|Ordinario|05597|10000.00|80
1900|Ordinario|05837|10000.00|80
1900|Ordinario|05882|10000.00|80
1900|Ordinario|06035|10000.00|80
1900|Ordinario|06042|10000.00|80
1900|Ordinario|06251|12000.00|80
1900|Ordinario|06296|10000.00|80
1900|Ordinario|06453|10000.00|80
1900|Ordinario|06461|10000.00|80
1900|Ordinario|06512|10000.00|80
1900|Ordinario|06812|10000.00|80
1900|Ordinario|07129|10000.00|80
1900|Ordinario|07160|40000.00|80
1900|Ordinario|07201|10000.00|80
1900|Ordinario|07304|10000.00|80
1900|Ordinario|07354|10000.00|80
1900|Ordinario|07358|10000.00|80
1900|Ordinario|07537|10000.00|80
1900|Ordinario|07590|10000.00|80
1900|Ordinario|07597|10000.00|80
1900|Ordinario|07776|10000.00|80
1900|Ordinario|07959|10000.00|80
1900|Ordinario|08073|10000.00|80
1900|Ordinario|08367|10000.00|80
1900|Ordinario|08612|10000.00|80
1900|Ordinario|08699|10000.00|80
1900|Ordinario|09414|10000.00|80
1900|Ordinario|09485|10000.00|80
1900|Ordinario|09585|10000.00|80
1900|Ordinario|09953|10000.00|80
1900|Ordinario|10137|10000.00|80
1900|Ordinario|10178|10000.00|80
1900|Ordinario|10312|10000.00|80
1900|Ordinario|10377|10000.00|80
1900|Ordinario|10708|10000.00|80
1900|Ordinario|10725|10000.00|80
1900|Ordinario|11203|10000.00|80
1900|Ordinario|11235|10000.00|80
1900|Ordinario|11430|10000.00|80
1900|Ordinario|11735|10000.00|80
1900|Ordinario|11777|10000.00|80
1900|Ordinario|11982|10000.00|80
1900|Ordinario|12180|10000.00|80
1900|Ordinario|12279|10000.00|80
1900|Ordinario|12280|10000.00|80
1900|Ordinario|12396|10000.00|80
1900|Ordinario|12407|12000.00|80
1900|Ordinario|12563|10000.00|80
1900|Ordinario|12637|10000.00|80
1900|Ordinario|12640|10000.00|80
1900|Ordinario|12704|12000.00|80
1900|Ordinario|12877|10000.00|80
1900|Ordinario|12969|10000.00|80
1900|Ordinario|12971|10000.00|80
1900|Ordinario|12978|10000.00|80
1900|Ordinario|13243|10000.00|80
1900|Ordinario|13267|10000.00|80
1900|Ordinario|13304|10000.00|80
1900|Ordinario|13454|10000.00|80
1900|Ordinario|13476|10000.00|80
1900|Ordinario|13641|10000.00|80
1900|Ordinario|13777|10000.00|80
1900|Ordinario|14172|10000.00|80
1900|Ordinario|14209|10000.00|80
1900|Ordinario|14293|10000.00|80
1900|Ordinario|14676|12000.00|80
1900|Ordinario|14798|40000.00|80
1900|Ordinario|14819|10000.00|80
1900|Ordinario|14891|10000.00|80
1900|Ordinario|14977|10000.00|80
1900|Ordinario|14992|12000.00|80
1900|Ordinario|34798|50000.00|80
1900|Ordinario|34904|10000.00|80
1900|Ordinario|34959|10000.00|80
1900|Ordinario|34967|10000.00|80
1900|Ordinario|35082|10000.00|80
1900|Ordinario|35163|10000.00|80
1900|Ordinario|35423|10000.00|80
1900|Ordinario|35599|10000.00|80
1900|Ordinario|35701|10000.00|80
1900|Ordinario|35764|10000.00|80
1900|Ordinario|35997|10000.00|80
1900|Ordinario|36095|10000.00|80
1900|Ordinario|36366|10000.00|80
1900|Ordinario|36553|12000.00|80
1900|Ordinario|36567|10000.00|80
1900|Ordinario|36680|12000.00|80
1900|Ordinario|36853|12000.00|80
1900|Ordinario|36961|10000.00|80
1900|Ordinario|36990|10000.00|80
1900|Ordinario|37099|10000.00|80
1900|Ordinario|37180|10000.00|80
1900|Ordinario|37288|10000.00|80
1900|Ordinario|37396|10000.00|80
1900|Ordinario|37941|10000.00|80
1900|Ordinario|37951|10000.00|80
1900|Ordinario|38066|10000.00|80
1900|Ordinario|38101|10000.00|80
1900|Ordinario|38126|10000.00|80
1900|Ordinario|38150|10000.00|80
1900|Ordinario|38167|10000.00|80
1900|Ordinario|38195|10000.00|80
1900|Ordinario|38323|10000.00|80
1900|Ordinario|38355|10000.00|80
1900|Ordinario|38397|12000.00|80
1900|Ordinario|38636|10000.00|80
1900|Ordinario|38915|12000.00|80
1900|Ordinario|39001|10000.00|80
1900|Ordinario|39055|10000.00|80
1900|Ordinario|39108|10000.00|80
1900|Ordinario|39162|10000.00|80
1900|Ordinario|39190|10000.00|80
1900|Ordinario|39192|10000.00|80
1900|Ordinario|39274|10000.00|80
1900|Ordinario|39321|10000.00|80
1900|Ordinario|39386|10000.00|80
1900|Ordinario|39423|10000.00|80
1900|Ordinario|39487|10000.00|80
1900|Ordinario|39520|10000.00|80
1900|Ordinario|39590|10000.00|80
1900|Ordinario|39658|10000.00|80
1900|Ordinario|39923|10000.00|80
1900|Ordinario|39989|10000.00|80
1900|Ordinario|40272|10000.00|80
1900|Ordinario|40418|10000.00|80
1900|Ordinario|40619|10000.00|80
1900|Ordinario|40860|10000.00|80
1900|Ordinario|40864|10000.00|80
1900|Ordinario|40964|10000.00|80
1900|Ordinario|40993|10000.00|80
1900|Ordinario|41113|10000.00|80
1900|Ordinario|22940|10000.00|80
1900|Ordinario|22998|10000.00|80
1900|Ordinario|23164|12000.00|80
1900|Ordinario|23311|10000.00|80
1900|Ordinario|23446|10000.00|80
1900|Ordinario|23472|10000.00|80
1900|Ordinario|23493|10000.00|80
1900|Ordinario|23610|50000.00|80
1900|Ordinario|23627|10000.00|80
1900|Ordinario|23653|40000.00|80
1900|Ordinario|23802|10000.00|80
1900|Ordinario|23825|10000.00|80
1900|Ordinario|24059|10000.00|80
1900|Ordinario|24070|10000.00|80
1900|Ordinario|24092|10000.00|80
1900|Ordinario|24134|10000.00|80
1900|Ordinario|24150|10000.00|80
1900|Ordinario|24182|10000.00|80
1900|Ordinario|24284|12000.00|80
1900|Ordinario|24290|10000.00|80
1900|Ordinario|24479|10000.00|80
1900|Ordinario|24527|10000.00|80
1900|Ordinario|25213|10000.00|80
1900|Ordinario|25350|10000.00|80
1900|Ordinario|25382|10000.00|80
1900|Ordinario|25518|10000.00|80
1900|Ordinario|25624|10000.00|80
1900|Ordinario|25683|10000.00|80
1900|Ordinario|25838|10000.00|80
1900|Ordinario|26045|10000.00|80
1900|Ordinario|26469|10000.00|80
1900|Ordinario|26513|10000.00|80
1900|Ordinario|26520|10000.00|80
1900|Ordinario|26563|10000.00|80
1900|Ordinario|26692|10000.00|80
1900|Ordinario|26730|12000.00|80
1900|Ordinario|26938|10000.00|80
1900|Ordinario|26977|10000.00|80
1900|Ordinario|26999|10000.00|80
1900|Ordinario|27084|12000.00|80
1900|Ordinario|27153|10000.00|80
1900|Ordinario|27401|10000.00|80
1900|Ordinario|27431|10000.00|80
1900|Ordinario|27802|10000.00|80
1900|Ordinario|27913|10000.00|80
1900|Ordinario|28006|10000.00|80
1900|Ordinario|28044|40000.00|80
1900|Ordinario|28171|10000.00|80
1900|Ordinario|28584|10000.00|80
1900|Ordinario|28975|10000.00|80
1900|Ordinario|29032|10000.00|80
1900|Ordinario|29101|10000.00|80
1900|Ordinario|29103|12000.00|80
1900|Ordinario|29109|10000.00|80
1900|Ordinario|29199|10000.00|80
1900|Ordinario|29655|10000.00|80
1900|Ordinario|30085|10000.00|80
1900|Ordinario|30279|10000.00|80
1900|Ordinario|30298|10000.00|80
1900|Ordinario|30568|10000.00|80
1900|Ordinario|30687|10000.00|80
1900|Ordinario|30699|10000.00|80
1900|Ordinario|30811|10000.00|80
1900|Ordinario|30880|10000.00|80
1900|Ordinario|30894|10000.00|80
1900|Ordinario|30990|10000.00|80
1900|Ordinario|31019|10000.00|80
1900|Ordinario|31389|10000.00|80
1900|Ordinario|31492|10000.00|80
1900|Ordinario|31493|12000.00|80
1900|Ordinario|31501|10000.00|80
1900|Ordinario|31677|10000.00|80
1900|Ordinario|31850|10000.00|80
1900|Ordinario|32121|10000.00|80
1900|Ordinario|32142|10000.00|80
1900|Ordinario|32339|10000.00|80
1900|Ordinario|32462|10000.00|80
1900|Ordinario|32731|10000.00|80
1900|Ordinario|32834|10000.00|80
1900|Ordinario|32894|10000.00|80
1900|Ordinario|33035|10000.00|80
1900|Ordinario|33096|10000.00|80
1900|Ordinario|33531|10000.00|80
1900|Ordinario|33697|10000.00|80
1900|Ordinario|33850|10000.00|80
1900|Ordinario|33888|10000.00|80
1900|Ordinario|33890|10000.00|80
1900|Ordinario|33924|12000.00|80
1900|Ordinario|33926|10000.00|80
1900|Ordinario|33976|10000.00|80
1900|Ordinario|34259|10000.00|80
1900|Ordinario|34324|10000.00|80
1900|Ordinario|34433|10000.00|80
1900|Ordinario|34646|12000.00|80
1900|Ordinario|41131|10000.00|80
1900|Ordinario|41309|10000.00|80
1900|Ordinario|41410|10000.00|80
1900|Ordinario|41641|10000.00|80
1900|Ordinario|41790|10000.00|80
1900|Ordinario|41907|10000.00|80
1900|Ordinario|41977|10000.00|80
1900|Ordinario|42229|40000.00|80
1900|Ordinario|42673|10000.00|80
1900|Ordinario|42775|10000.00|80
1900|Ordinario|42825|10000.00|80
1900|Ordinario|42893|10000.00|80
1900|Ordinario|43010|10000.00|80
1900|Ordinario|43028|10000.00|80
1900|Ordinario|43555|10000.00|80
1900|Ordinario|43712|10000.00|80
1900|Ordinario|43781|10000.00|80
1900|Ordinario|43859|10000.00|80
1900|Ordinario|44002|10000.00|80
1900|Ordinario|44268|10000.00|80
1900|Ordinario|44384|10000.00|80
1900|Ordinario|44394|10000.00|80
1900|Ordinario|44602|10000.00|80
1900|Ordinario|44866|10000.00|80
1900|Ordinario|45382|12000.00|80
1900|Ordinario|45433|10000.00|80
1900|Ordinario|45498|10000.00|80
1900|Ordinario|45617|10000.00|80
1900|Ordinario|45839|10000.00|80
1900|Ordinario|45955|10000.00|80
1900|Ordinario|45987|10000.00|80
1900|Ordinario|46035|10000.00|80
1900|Ordinario|46167|10000.00|80
1900|Ordinario|46432|10000.00|80
1900|Ordinario|46562|10000.00|80
1900|Ordinario|46586|10000.00|80
1900|Ordinario|46896|10000.00|80
1900|Ordinario|47027|10000.00|80
1900|Ordinario|47074|10000.00|80
1900|Ordinario|47475|10000.00|80
1900|Ordinario|47972|10000.00|80
1900|Ordinario|48022|10000.00|80
1900|Ordinario|48053|10000.00|80
1900|Ordinario|48387|10000.00|80
1900|Ordinario|48430|10000.00|80
1900|Ordinario|48485|10000.00|80
1900|Ordinario|48602|10000.00|80
1900|Ordinario|48765|10000.00|80
1900|Ordinario|48803|10000.00|80
1900|Ordinario|49067|12000.00|80
1900|Ordinario|49376|10000.00|80
1900|Ordinario|49445|10000.00|80
1900|Ordinario|49570|12000.00|80
1900|Ordinario|49790|10000.00|80
1900|Ordinario|50047|10000.00|80
1900|Ordinario|50158|10000.00|80
1900|Ordinario|50236|10000.00|80
1900|Ordinario|50250|10000.00|80
1900|Ordinario|50296|10000.00|80
1900|Ordinario|50394|10000.00|80
1900|Ordinario|50479|10000.00|80
1900|Ordinario|50536|10000.00|80
1900|Ordinario|50581|10000.00|80
1900|Ordinario|50701|12000.00|80
1900|Ordinario|50765|10000.00|80
1900|Ordinario|50981|10000.00|80
1900|Ordinario|51131|10000.00|80
1900|Ordinario|51147|10000.00|80
1900|Ordinario|51194|11000.00|80
1900|Ordinario|51195|11000.00|80
1900|Ordinario|51196|16000.00|80
1900|Ordinario|51198|16000.00|80
1900|Ordinario|51199|11000.00|80
1900|Ordinario|51200|11000.00|80
1900|Ordinario|51210|12000.00|80
1900|Ordinario|51310|10000.00|80
1900|Ordinario|51425|10000.00|80
1900|Ordinario|51520|10000.00|80
1900|Ordinario|51590|10000.00|80
1900|Ordinario|51644|12000.00|80
1900|Ordinario|51996|10000.00|80
1900|Ordinario|52163|10000.00|80
1900|Ordinario|52285|10000.00|80
1900|Ordinario|52803|10000.00|80
1900|Ordinario|53012|10000.00|80
1900|Ordinario|53305|10000.00|80
1900|Ordinario|53639|10000.00|80
1900|Ordinario|53767|10000.00|80
1900|Ordinario|53824|10000.00|80
1900|Ordinario|53930|10000.00|80
1900|Ordinario|15096|10000.00|80
1900|Ordinario|15159|10000.00|80
1900|Ordinario|15226|10000.00|80
1900|Ordinario|15277|10000.00|80
1900|Ordinario|15501|10000.00|80
1900|Ordinario|15682|10000.00|80
1900|Ordinario|15882|10000.00|80
1900|Ordinario|16034|10000.00|80
1900|Ordinario|16047|10000.00|80
1900|Ordinario|16149|10000.00|80
1900|Ordinario|16212|10000.00|80
1900|Ordinario|16567|10000.00|80
1900|Ordinario|16594|10000.00|80
1900|Ordinario|16629|10000.00|80
1900|Ordinario|16686|10000.00|80
1900|Ordinario|16694|12000.00|80
1900|Ordinario|16908|10000.00|80
1900|Ordinario|16976|10000.00|80
1900|Ordinario|16992|10000.00|80
1900|Ordinario|17022|10000.00|80
1900|Ordinario|17391|10000.00|80
1900|Ordinario|17468|10000.00|80
1900|Ordinario|17604|12000.00|80
1900|Ordinario|17766|10000.00|80
1900|Ordinario|18004|10000.00|80
1900|Ordinario|18236|10000.00|80
1900|Ordinario|18500|10000.00|80
1900|Ordinario|18538|10000.00|80
1900|Ordinario|19023|10000.00|80
1900|Ordinario|19025|10000.00|80
1900|Ordinario|19070|10000.00|80
1900|Ordinario|19210|10000.00|80
1900|Ordinario|19422|10000.00|80
1900|Ordinario|19523|10000.00|80
1900|Ordinario|19693|10000.00|80
1900|Ordinario|19707|10000.00|80
1900|Ordinario|19859|10000.00|80
1900|Ordinario|19907|12000.00|80
1900|Ordinario|19914|10000.00|80
1900|Ordinario|19990|12000.00|80
1900|Ordinario|20116|10000.00|80
1900|Ordinario|20452|10000.00|80
1900|Ordinario|20577|10000.00|80
1900|Ordinario|20697|10000.00|80
1900|Ordinario|20893|10000.00|80
1900|Ordinario|21067|10000.00|80
1900|Ordinario|21105|10000.00|80
1900|Ordinario|21205|12000.00|80
1900|Ordinario|21291|10000.00|80
1900|Ordinario|21631|10000.00|80
1900|Ordinario|21754|10000.00|80
1900|Ordinario|21820|10000.00|80
1900|Ordinario|21923|10000.00|80
1900|Ordinario|21931|10000.00|80
1900|Ordinario|21950|10000.00|80
1900|Ordinario|22026|10000.00|80
1900|Ordinario|22046|10000.00|80
1900|Ordinario|22363|10000.00|80
1900|Ordinario|22449|10000.00|80
1900|Ordinario|22746|10000.00|80
1900|Ordinario|22811|10000.00|80
1900|Ordinario|54247|10000.00|80
1900|Ordinario|54445|10000.00|80
1900|Ordinario|54452|10000.00|80
1900|Ordinario|54489|40000.00|80
1900|Ordinario|54517|10000.00|80
1900|Ordinario|54519|10000.00|80
1900|Ordinario|54543|40000.00|80
1900|Ordinario|54614|10000.00|80
1900|Ordinario|54640|10000.00|80
1900|Ordinario|54971|10000.00|80
1900|Ordinario|55291|10000.00|80
1900|Ordinario|55529|10000.00|80
1900|Ordinario|55656|10000.00|80
1900|Ordinario|55891|10000.00|80
1900|Ordinario|55946|10000.00|80
1900|Ordinario|55985|10000.00|80
1900|Ordinario|56191|10000.00|80
1900|Ordinario|56614|10000.00|80
1900|Ordinario|56799|10000.00|80
1900|Ordinario|56882|10000.00|80
1900|Ordinario|57153|10000.00|80
1900|Ordinario|57668|10000.00|80
1900|Ordinario|57748|10000.00|80
1900|Ordinario|57756|10000.00|80
1900|Ordinario|57914|10000.00|80
1900|Ordinario|57923|10000.00|80
1900|Ordinario|58056|10000.00|80
1900|Ordinario|58154|10000.00|80
1900|Ordinario|58232|10000.00|80
1900|Ordinario|58248|10000.00|80
1900|Ordinario|58263|10000.00|80
1900|Ordinario|58290|10000.00|80
1900|Ordinario|58508|10000.00|80
1900|Ordinario|58976|12000.00|80
1900|Ordinario|59121|10000.00|80
1900|Ordinario|59317|10000.00|80
1900|Ordinario|59624|10000.00|80
1900|Ordinario|59672|10000.00|80
1900|Ordinario|59793|10000.00|80
1900|Ordinario|59983|10000.00|80
1900|Ordinario|60028|10000.00|80
1900|Ordinario|60528|10000.00|80
1900|Ordinario|60702|10000.00|80
1900|Ordinario|60942|10000.00|80
1900|Ordinario|60944|10000.00|80
1900|Ordinario|02288|300000.00|80
1900|Ordinario|25860|300000.00|80
1900|Ordinario|23931|200000.00|80
1900|Ordinario|28777|500000.00|80
1900|Ordinario|52163||0
1900|Ordinario|54286||0
1900|Ordinario|14835||0
1900|Ordinario|51197||0
2150|Ordinario|08047|3000.00|80
2150|Ordinario|08193|3000.00|80
2150|Ordinario|08279|3000.00|80
2150|Ordinario|08469|3000.00|80
2150|Ordinario|08512|5000.00|80
2150|Ordinario|08568|3000.00|80
2150|Ordinario|08604|15000.00|80
2150|Ordinario|08612|3000.00|80
2150|Ordinario|08733|3000.00|80
2150|Ordinario|08913|3000.00|80
2150|Ordinario|08926|3000.00|80
2150|Ordinario|09007|3000.00|80
2150|Ordinario|09266|20000.00|80
2150|Ordinario|09268|3000.00|80
2150|Ordinario|09297|3000.00|80
2150|Ordinario|09331|3000.00|80
2150|Ordinario|09428|3000.00|80
2150|Ordinario|09560|3000.00|80
2150|Ordinario|09572|3000.00|80
2150|Ordinario|09620|3000.00|80
2150|Ordinario|09775|3000.00|80
2150|Ordinario|09839|3000.00|80
2150|Ordinario|09876|3000.00|80
2150|Ordinario|09901|3000.00|80
2150|Ordinario|09918|3000.00|80
2150|Ordinario|09969|3000.00|80
2150|Ordinario|09971|3000.00|80
2150|Ordinario|10087|3000.00|80
2150|Ordinario|10128|3000.00|80
2150|Ordinario|10243|3000.00|80
2150|Ordinario|10328|3000.00|80
2150|Ordinario|10611|3000.00|80
2150|Ordinario|10681|5000.00|80
2150|Ordinario|10834|3000.00|80
2150|Ordinario|11029|3000.00|80
2150|Ordinario|11051|3000.00|80
2150|Ordinario|11069|3000.00|80
2150|Ordinario|11180|3000.00|80
2150|Ordinario|11810|3000.00|80
2150|Ordinario|11942|3000.00|80
2150|Ordinario|12061|3000.00|80
2150|Ordinario|12143|3000.00|80
2150|Ordinario|12152|3000.00|80
2150|Ordinario|12206|3000.00|80
2150|Ordinario|12271|3000.00|80
2150|Ordinario|12433|5000.00|80
2150|Ordinario|12645|3000.00|80
2150|Ordinario|12761|3000.00|80
2150|Ordinario|12849|3000.00|80
2150|Ordinario|12900|3000.00|80
2150|Ordinario|13127|3000.00|80
2150|Ordinario|13496|3000.00|80
2150|Ordinario|13522|3000.00|80
2150|Ordinario|13775|5000.00|80
2150|Ordinario|13925|3000.00|80
2150|Ordinario|14125|3000.00|80
2150|Ordinario|14129|3000.00|80
2150|Ordinario|14258|3000.00|80
2150|Ordinario|14301|3000.00|80
2150|Ordinario|14458|3000.00|80
2150|Ordinario|14514|3000.00|80
2150|Ordinario|14634|3000.00|80
2150|Ordinario|14689|3000.00|80
2150|Ordinario|14777|3000.00|80
2150|Ordinario|14968|3000.00|80
2150|Ordinario|15019|3000.00|80
2150|Ordinario|15162|3000.00|80
2150|Ordinario|15311|3000.00|80
2150|Ordinario|15331|3000.00|80
2150|Ordinario|32101|3000.00|80
2150|Ordinario|32323|3000.00|80
2150|Ordinario|32326|3000.00|80
2150|Ordinario|32381|5000.00|80
2150|Ordinario|32589|3000.00|80
2150|Ordinario|32598|3000.00|80
2150|Ordinario|32651|3000.00|80
2150|Ordinario|32694|3000.00|80
2150|Ordinario|32778|3000.00|80
2150|Ordinario|32781|3000.00|80
2150|Ordinario|32960|3000.00|80
2150|Ordinario|32994|3000.00|80
2150|Ordinario|33048|3000.00|80
2150|Ordinario|33174|5000.00|80
2150|Ordinario|33212|3000.00|80
2150|Ordinario|33259|5000.00|80
2150|Ordinario|33297|3000.00|80
2150|Ordinario|33367|3000.00|80
2150|Ordinario|33395|3000.00|80
2150|Ordinario|33803|3000.00|80
2150|Ordinario|33949|3000.00|80
2150|Ordinario|34432|5000.00|80
2150|Ordinario|34496|3000.00|80
2150|Ordinario|34650|3000.00|80
2150|Ordinario|34691|3000.00|80
2150|Ordinario|34712|3000.00|80
2150|Ordinario|34878|3000.00|80
2150|Ordinario|34965|3000.00|80
2150|Ordinario|35021|3000.00|80
2150|Ordinario|35037|3000.00|80
2150|Ordinario|35053|3000.00|80
2150|Ordinario|35577|3000.00|80
2150|Ordinario|35611|3000.00|80
2150|Ordinario|35624|3000.00|80
2150|Ordinario|35717|3000.00|80
2150|Ordinario|35757|3000.00|80
2150|Ordinario|35765|3000.00|80
2150|Ordinario|35776|3000.00|80
2150|Ordinario|35990|3000.00|80
2150|Ordinario|36078|3000.00|80
2150|Ordinario|36083|3000.00|80
2150|Ordinario|36254|3000.00|80
2150|Ordinario|36411|3000.00|80
2150|Ordinario|36451|3000.00|80
2150|Ordinario|36497|3000.00|80
2150|Ordinario|36546|3000.00|80
2150|Ordinario|36657|3000.00|80
2150|Ordinario|36705|3000.00|80
2150|Ordinario|36729|3000.00|80
2150|Ordinario|36904|3000.00|80
2150|Ordinario|36905|3000.00|80
2150|Ordinario|36985|3000.00|80
2150|Ordinario|37126|15000.00|80
2150|Ordinario|37145|3000.00|80
2150|Ordinario|37175|3000.00|80
2150|Ordinario|37242|3000.00|80
2150|Ordinario|37465|3000.00|80
2150|Ordinario|01070|5000.00|80
2150|Ordinario|01096|3000.00|80
2150|Ordinario|01316|3000.00|80
2150|Ordinario|01345|3000.00|80
2150|Ordinario|01416|3000.00|80
2150|Ordinario|01608|3000.00|80
2150|Ordinario|01626|3000.00|80
2150|Ordinario|01664|3000.00|80
2150|Ordinario|01701|3000.00|80
2150|Ordinario|01709|3000.00|80
2150|Ordinario|01734|3000.00|80
2150|Ordinario|01819|3000.00|80
2150|Ordinario|01859|3000.00|80
2150|Ordinario|01937|5000.00|80
2150|Ordinario|01960|3000.00|80
2150|Ordinario|02017|5000.00|80
2150|Ordinario|02273|3000.00|80
2150|Ordinario|02281|3000.00|80
2150|Ordinario|02342|3000.00|80
2150|Ordinario|02424|3000.00|80
2150|Ordinario|02552|3000.00|80
2150|Ordinario|02646|3000.00|80
2150|Ordinario|02778|5000.00|80
2150|Ordinario|02803|3000.00|80
2150|Ordinario|02827|3000.00|80
2150|Ordinario|02875|3000.00|80
2150|Ordinario|02928|3000.00|80
2150|Ordinario|02970|3000.00|80
2150|Ordinario|03143|3000.00|80
2150|Ordinario|03194|3000.00|80
2150|Ordinario|03688|3000.00|80
2150|Ordinario|03700|3000.00|80
2150|Ordinario|03726|3000.00|80
2150|Ordinario|03775|3000.00|80
2150|Ordinario|03784|3000.00|80
2150|Ordinario|03872|3000.00|80
2150|Ordinario|03895|3000.00|80
2150|Ordinario|04054|3000.00|80
2150|Ordinario|04277|3000.00|80
2150|Ordinario|04589|3000.00|80
2150|Ordinario|04680|3000.00|80
2150|Ordinario|04689|3000.00|80
2150|Ordinario|04719|3000.00|80
2150|Ordinario|04806|3000.00|80
2150|Ordinario|04945|3000.00|80
2150|Ordinario|04953|3000.00|80
2150|Ordinario|04976|3000.00|80
2150|Ordinario|04977|3000.00|80
2150|Ordinario|05289|3000.00|80
2150|Ordinario|05440|3000.00|80
2150|Ordinario|05548|3000.00|80
2150|Ordinario|05729|3000.00|80
2150|Ordinario|05872|3000.00|80
2150|Ordinario|05880|3000.00|80
2150|Ordinario|05948|3000.00|80
2150|Ordinario|05992|3000.00|80
2150|Ordinario|06061|3000.00|80
2150|Ordinario|06230|3000.00|80
2150|Ordinario|06237|3000.00|80
2150|Ordinario|06252|3000.00|80
2150|Ordinario|06294|3000.00|80
2150|Ordinario|06309|3000.00|80
2150|Ordinario|06381|3000.00|80
2150|Ordinario|06425|3000.00|80
2150|Ordinario|06620|3000.00|80
2150|Ordinario|06662|3000.00|80
2150|Ordinario|06682|3000.00|80
2150|Ordinario|06698|3000.00|80
2150|Ordinario|06708|3000.00|80
2150|Ordinario|06729|3000.00|80
2150|Ordinario|06763|3000.00|80
2150|Ordinario|06942|3000.00|80
2150|Ordinario|06995|3000.00|80
2150|Ordinario|07165|3000.00|80
2150|Ordinario|07310|5000.00|80
2150|Ordinario|07318|3000.00|80
2150|Ordinario|07437|3000.00|80
2150|Ordinario|07563|3000.00|80
2150|Ordinario|07578|3000.00|80
2150|Ordinario|07611|3000.00|80
2150|Ordinario|07638|3000.00|80
2150|Ordinario|07823|3000.00|80
2150|Ordinario|07941|3000.00|80
2150|Ordinario|07970|3000.00|80
2150|Ordinario|22933|3000.00|80
2150|Ordinario|22951|5000.00|80
2150|Ordinario|23097|3000.00|80
2150|Ordinario|23380|3000.00|80
2150|Ordinario|23400|3000.00|80
2150|Ordinario|23411|3000.00|80
2150|Ordinario|23445|3000.00|80
2150|Ordinario|23751|3000.00|80
2150|Ordinario|23780|3800.00|80
2150|Ordinario|23781|3800.00|80
2150|Ordinario|23782|6000.00|80
2150|Ordinario|23784|6000.00|80
2150|Ordinario|23785|3800.00|80
2150|Ordinario|23786|3800.00|80
2150|Ordinario|23792|3000.00|80
2150|Ordinario|23846|3000.00|80
2150|Ordinario|23876|15000.00|80
2150|Ordinario|23915|5000.00|80
2150|Ordinario|23975|3000.00|80
2150|Ordinario|24000|3000.00|80
2150|Ordinario|24026|3000.00|80
2150|Ordinario|24037|3000.00|80
2150|Ordinario|24157|3000.00|80
2150|Ordinario|24230|3000.00|80
2150|Ordinario|24296|3000.00|80
2150|Ordinario|24356|3000.00|80
2150|Ordinario|24549|3000.00|80
2150|Ordinario|24582|3000.00|80
2150|Ordinario|24732|3000.00|80
2150|Ordinario|24764|3000.00|80
2150|Ordinario|24907|3000.00|80
2150|Ordinario|24943|3000.00|80
2150|Ordinario|24955|3000.00|80
2150|Ordinario|25032|3000.00|80
2150|Ordinario|25233|3000.00|80
2150|Ordinario|25237|3000.00|80
2150|Ordinario|25245|3000.00|80
2150|Ordinario|25267|3000.00|80
2150|Ordinario|25315|3000.00|80
2150|Ordinario|25468|3000.00|80
2150|Ordinario|25613|3000.00|80
2150|Ordinario|25682|3000.00|80
2150|Ordinario|25794|3000.00|80
2150|Ordinario|25794|3000.00|80
2150|Ordinario|25872|3000.00|80
2150|Ordinario|25884|3000.00|80
2150|Ordinario|26433|3000.00|80
2150|Ordinario|26482|3000.00|80
2150|Ordinario|26647|3000.00|80
2150|Ordinario|26722|3000.00|80
2150|Ordinario|26938|3000.00|80
2150|Ordinario|26953|3000.00|80
2150|Ordinario|26968|3000.00|80
2150|Ordinario|27114|3000.00|80
2150|Ordinario|27335|3000.00|80
2150|Ordinario|27376|3000.00|80
2150|Ordinario|27397|3000.00|80
2150|Ordinario|27643|3000.00|80
2150|Ordinario|27662|3000.00|80
2150|Ordinario|27671|3000.00|80
2150|Ordinario|27713|3000.00|80
2150|Ordinario|27720|3000.00|80
2150|Ordinario|27774|3000.00|80
2150|Ordinario|27908|3000.00|80
2150|Ordinario|27921|3000.00|80
2150|Ordinario|27954|20000.00|80
2150|Ordinario|27960|3000.00|80
2150|Ordinario|28033|3000.00|80
2150|Ordinario|28217|3000.00|80
2150|Ordinario|28436|3000.00|80
2150|Ordinario|28530|3000.00|80
2150|Ordinario|28538|3000.00|80
2150|Ordinario|28591|3000.00|80
2150|Ordinario|28652|3000.00|80
2150|Ordinario|28755|3000.00|80
2150|Ordinario|28837|3000.00|80
2150|Ordinario|28841|3000.00|80
2150|Ordinario|28904|3000.00|80
2150|Ordinario|28953|3000.00|80
2150|Ordinario|28981|3000.00|80
2150|Ordinario|29080|3000.00|80
2150|Ordinario|29090|3000.00|80
2150|Ordinario|29107|3000.00|80
2150|Ordinario|29155|3000.00|80
2150|Ordinario|29215|3000.00|80
2150|Ordinario|29235|3000.00|80
2150|Ordinario|29273|3000.00|80
2150|Ordinario|29321|3000.00|80
2150|Ordinario|29508|3000.00|80
2150|Ordinario|29521|3000.00|80
2150|Ordinario|29569|3000.00|80
2150|Ordinario|29732|3000.00|80
2150|Ordinario|29872|3000.00|80
2150|Ordinario|29901|3000.00|80
2150|Ordinario|30023|3000.00|80
2150|Ordinario|30043|3000.00|80
2150|Ordinario|30070|3000.00|80
2150|Ordinario|30077|3000.00|80
2150|Ordinario|30139|3000.00|80
2150|Ordinario|30264|3000.00|80
2150|Ordinario|30447|3000.00|80
2150|Ordinario|30592|3000.00|80
2150|Ordinario|30741|3000.00|80
2150|Ordinario|30806|3000.00|80
2150|Ordinario|30965|3000.00|80
2150|Ordinario|31013|3000.00|80
2150|Ordinario|31216|3000.00|80
2150|Ordinario|31276|3000.00|80
2150|Ordinario|31430|5000.00|80
2150|Ordinario|31460|3000.00|80
2150|Ordinario|31497|3000.00|80
2150|Ordinario|31625|3000.00|80
2150|Ordinario|31643|3000.00|80
2150|Ordinario|31661|3000.00|80
2150|Ordinario|31889|3000.00|80
2150|Ordinario|31899|3000.00|80
2150|Ordinario|31950|3000.00|80
2150|Ordinario|31989|3000.00|80
2150|Ordinario|37474|3000.00|80
2150|Ordinario|37494|3000.00|80
2150|Ordinario|37510|3000.00|80
2150|Ordinario|37563|3000.00|80
2150|Ordinario|37583|3000.00|80
2150|Ordinario|37639|3000.00|80
2150|Ordinario|37671|3000.00|80
2150|Ordinario|37684|3000.00|80
2150|Ordinario|37905|3000.00|80
2150|Ordinario|37999|3000.00|80
2150|Ordinario|38325|3000.00|80
2150|Ordinario|38358|3000.00|80
2150|Ordinario|38758|3000.00|80
2150|Ordinario|38803|3000.00|80
2150|Ordinario|38907|3000.00|80
2150|Ordinario|38980|3000.00|80
2150|Ordinario|39031|3000.00|80
2150|Ordinario|39156|3000.00|80
2150|Ordinario|39164|3000.00|80
2150|Ordinario|39198|3000.00|80
2150|Ordinario|39207|5000.00|80
2150|Ordinario|39376|3000.00|80
2150|Ordinario|39507|3000.00|80
2150|Ordinario|39528|3000.00|80
2150|Ordinario|39638|3000.00|80
2150|Ordinario|39656|3000.00|80
2150|Ordinario|39685|3000.00|80
2150|Ordinario|39713|3000.00|80
2150|Ordinario|39724|3000.00|80
2150|Ordinario|39860|3000.00|80
2150|Ordinario|39948|3000.00|80
2150|Ordinario|39964|3000.00|80
2150|Ordinario|39972|3000.00|80
2150|Ordinario|39997|3000.00|80
2150|Ordinario|40023|3000.00|80
2150|Ordinario|40173|3000.00|80
2150|Ordinario|40187|3000.00|80
2150|Ordinario|40294|3000.00|80
2150|Ordinario|40300|3000.00|80
2150|Ordinario|40305|3000.00|80
2150|Ordinario|40307|3000.00|80
2150|Ordinario|40383|3000.00|80
2150|Ordinario|40406|3000.00|80
2150|Ordinario|40458|3000.00|80
2150|Ordinario|40535|3000.00|80
2150|Ordinario|40714|3000.00|80
2150|Ordinario|40743|3000.00|80
2150|Ordinario|40788|3000.00|80
2150|Ordinario|40832|3000.00|80
2150|Ordinario|40928|3000.00|80
2150|Ordinario|40979|3000.00|80
2150|Ordinario|40984|3000.00|80
2150|Ordinario|41255|3000.00|80
2150|Ordinario|41310|3000.00|80
2150|Ordinario|41355|3000.00|80
2150|Ordinario|41507|3000.00|80
2150|Ordinario|41528|3000.00|80
2150|Ordinario|41803|3000.00|80
2150|Ordinario|41824|3000.00|80
2150|Ordinario|41826|3000.00|80
2150|Ordinario|41848|3000.00|80
2150|Ordinario|41936|3000.00|80
2150|Ordinario|41995|3000.00|80
2150|Ordinario|42050|3000.00|80
2150|Ordinario|42068|3000.00|80
2150|Ordinario|42142|3000.00|80
2150|Ordinario|42161|5000.00|80
2150|Ordinario|42208|3000.00|80
2150|Ordinario|42283|3000.00|80
2150|Ordinario|42456|3000.00|80
2150|Ordinario|43120|3000.00|80
2150|Ordinario|43203|3000.00|80
2150|Ordinario|43271|3000.00|80
2150|Ordinario|43428|3000.00|80
2150|Ordinario|43435|3000.00|80
2150|Ordinario|43463|3000.00|80
2150|Ordinario|43579|3000.00|80
2150|Ordinario|43602|5000.00|80
2150|Ordinario|43712|3000.00|80
2150|Ordinario|43912|3000.00|80
2150|Ordinario|43922|3000.00|80
2150|Ordinario|44002|3000.00|80
2150|Ordinario|44045|3000.00|80
2150|Ordinario|44054|5000.00|80
2150|Ordinario|44167|3000.00|80
2150|Ordinario|44296|3000.00|80
2150|Ordinario|44375|3000.00|80
2150|Ordinario|44416|3000.00|80
2150|Ordinario|44464|3000.00|80
2150|Ordinario|44519|3000.00|80
2150|Ordinario|44557|3000.00|80
2150|Ordinario|44755|3000.00|80
2150|Ordinario|44821|3000.00|80
2150|Ordinario|44940|3000.00|80
2150|Ordinario|44966|3000.00|80
2150|Ordinario|45004|3000.00|80
2150|Ordinario|45061|5000.00|80
2150|Ordinario|45229|3000.00|80
2150|Ordinario|45231|3000.00|80
2150|Ordinario|45321|15000.00|80
2150|Ordinario|45380|3000.00|80
2150|Ordinario|45534|3000.00|80
2150|Ordinario|45541|3000.00|80
2150|Ordinario|45577|3000.00|80
2150|Ordinario|45588|3000.00|80
2150|Ordinario|45748|3000.00|80
2150|Ordinario|45835|3000.00|80
2150|Ordinario|46035|3000.00|80
2150|Ordinario|46121|3000.00|80
2150|Ordinario|46474|3000.00|80
2150|Ordinario|46479|3000.00|80
2150|Ordinario|46538|3000.00|80
2150|Ordinario|46815|3000.00|80
2150|Ordinario|46922|3000.00|80
2150|Ordinario|47064|5000.00|80
2150|Ordinario|47201|3000.00|80
2150|Ordinario|47240|3000.00|80
2150|Ordinario|47358|3000.00|80
2150|Ordinario|47362|3000.00|80
2150|Ordinario|47375|3000.00|80
2150|Ordinario|47643|3000.00|80
2150|Ordinario|47787|3000.00|80
2150|Ordinario|47808|3000.00|80
2150|Ordinario|47915|3000.00|80
2150|Ordinario|47923|3000.00|80
2150|Ordinario|48363|3000.00|80
2150|Ordinario|48439|3000.00|80
2150|Ordinario|48523|3000.00|80
2150|Ordinario|48559|3000.00|80
2150|Ordinario|48729|5000.00|80
2150|Ordinario|48974|3000.00|80
2150|Ordinario|49254|3000.00|80
2150|Ordinario|49392|3000.00|80
2150|Ordinario|49396|3000.00|80
2150|Ordinario|49454|3000.00|80
2150|Ordinario|49660|3000.00|80
2150|Ordinario|49791|15000.00|80
2150|Ordinario|49988|3000.00|80
2150|Ordinario|50112|3000.00|80
2150|Ordinario|50126|3000.00|80
2150|Ordinario|50179|5000.00|80
2150|Ordinario|50201|3000.00|80
2150|Ordinario|50207|3000.00|80
2150|Ordinario|50438|3000.00|80
2150|Ordinario|50472|3000.00|80
2150|Ordinario|50492|3000.00|80
2150|Ordinario|50653|3000.00|80
2150|Ordinario|50683|3000.00|80
2150|Ordinario|50958|3000.00|80
2150|Ordinario|51059|3000.00|80
2150|Ordinario|51302|3000.00|80
2150|Ordinario|51313|3000.00|80
2150|Ordinario|51462|3000.00|80
2150|Ordinario|51485|3000.00|80
2150|Ordinario|51575|3000.00|80
2150|Ordinario|51607|3000.00|80
2150|Ordinario|51625|3000.00|80
2150|Ordinario|51686|3000.00|80
2150|Ordinario|51937|3000.00|80
2150|Ordinario|52228|3000.00|80
2150|Ordinario|52269|3000.00|80
2150|Ordinario|52386|3000.00|80
2150|Ordinario|52634|3000.00|80
2150|Ordinario|52691|3000.00|80
2150|Ordinario|52706|3000.00|80
2150|Ordinario|52762|3000.00|80
2150|Ordinario|52903|5000.00|80
2150|Ordinario|52985|3000.00|80
2150|Ordinario|52990|3000.00|80
2150|Ordinario|15336|3000.00|80
2150|Ordinario|15426|3000.00|80
2150|Ordinario|15523|3000.00|80
2150|Ordinario|15532|3000.00|80
2150|Ordinario|15762|3000.00|80
2150|Ordinario|15882|5000.00|80
2150|Ordinario|15892|3000.00|80
2150|Ordinario|15957|3000.00|80
2150|Ordinario|16265|3000.00|80
2150|Ordinario|16356|3000.00|80
2150|Ordinario|16525|3000.00|80
2150|Ordinario|16604|3000.00|80
2150|Ordinario|16628|3000.00|80
2150|Ordinario|16707|3000.00|80
2150|Ordinario|16711|3000.00|80
2150|Ordinario|16723|3000.00|80
2150|Ordinario|16739|3000.00|80
2150|Ordinario|16923|3000.00|80
2150|Ordinario|17221|3000.00|80
2150|Ordinario|17264|3000.00|80
2150|Ordinario|17274|3000.00|80
2150|Ordinario|17308|3000.00|80
2150|Ordinario|17341|3000.00|80
2150|Ordinario|17350|3000.00|80
2150|Ordinario|17369|5000.00|80
2150|Ordinario|17455|3000.00|80
2150|Ordinario|17612|3000.00|80
2150|Ordinario|17745|3000.00|80
2150|Ordinario|17769|3000.00|80
2150|Ordinario|17783|3000.00|80
2150|Ordinario|17907|3000.00|80
2150|Ordinario|17927|3000.00|80
2150|Ordinario|17952|3000.00|80
2150|Ordinario|17996|3000.00|80
2150|Ordinario|18200|3000.00|80
2150|Ordinario|18272|3000.00|80
2150|Ordinario|18337|3000.00|80
2150|Ordinario|18362|3000.00|80
2150|Ordinario|18439|3000.00|80
2150|Ordinario|18519|3000.00|80
2150|Ordinario|18780|3000.00|80
2150|Ordinario|18913|3000.00|80
2150|Ordinario|18913|3000.00|80
2150|Ordinario|18947|3000.00|80
2150|Ordinario|18984|3000.00|80
2150|Ordinario|19154|3000.00|80
2150|Ordinario|19394|3000.00|80
2150|Ordinario|19461|3000.00|80
2150|Ordinario|19762|3000.00|80
2150|Ordinario|19773|3000.00|80
2150|Ordinario|19848|3000.00|80
2150|Ordinario|19891|3000.00|80
2150|Ordinario|19906|3000.00|80
2150|Ordinario|19978|3000.00|80
2150|Ordinario|20043|3000.00|80
2150|Ordinario|20460|3000.00|80
2150|Ordinario|20600|3000.00|80
2150|Ordinario|20740|3000.00|80
2150|Ordinario|20799|3000.00|80
2150|Ordinario|20801|5000.00|80
2150|Ordinario|20801|3000.00|80
2150|Ordinario|20807|3000.00|80
2150|Ordinario|20826|3000.00|80
2150|Ordinario|20900|3000.00|80
2150|Ordinario|21098|3000.00|80
2150|Ordinario|21138|3000.00|80
2150|Ordinario|21157|3000.00|80
2150|Ordinario|21159|3000.00|80
2150|Ordinario|21250|3000.00|80
2150|Ordinario|21429|3000.00|80
2150|Ordinario|21491|3000.00|80
2150|Ordinario|21620|3000.00|80
2150|Ordinario|21640|3000.00|80
2150|Ordinario|21687|3000.00|80
2150|Ordinario|21739|3000.00|80
2150|Ordinario|21784|3000.00|80
2150|Ordinario|21912|3000.00|80
2150|Ordinario|21955|3000.00|80
2150|Ordinario|22224|3000.00|80
2150|Ordinario|22373|3000.00|80
2150|Ordinario|22683|3000.00|80
2150|Ordinario|53189|3000.00|80
2150|Ordinario|53207|3000.00|80
2150|Ordinario|53273|3000.00|80
2150|Ordinario|53372|3000.00|80
2150|Ordinario|53710|3000.00|80
2150|Ordinario|53740|3000.00|80
2150|Ordinario|53749|3000.00|80
2150|Ordinario|53763|5000.00|80
2150|Ordinario|53786|5000.00|80
2150|Ordinario|53821|3000.00|80
2150|Ordinario|53930|3000.00|80
2150|Ordinario|53962|3000.00|80
2150|Ordinario|53990|3000.00|80
2150|Ordinario|54009|3000.00|80
2150|Ordinario|54041|3000.00|80
2150|Ordinario|54218|3000.00|80
2150|Ordinario|54265|3000.00|80
2150|Ordinario|54329|3000.00|80
2150|Ordinario|54853|3000.00|80
2150|Ordinario|54956|3000.00|80
2150|Ordinario|55268|3000.00|80
2150|Ordinario|55403|3000.00|80
2150|Ordinario|55606|3000.00|80
2150|Ordinario|55800|3000.00|80
2150|Ordinario|55917|3000.00|80
2150|Ordinario|55931|3000.00|80
2150|Ordinario|55940|3000.00|80
2150|Ordinario|55951|3000.00|80
2150|Ordinario|55976|3000.00|80
2150|Ordinario|55987|3000.00|80
2150|Ordinario|56420|3000.00|80
2150|Ordinario|56491|3000.00|80
2150|Ordinario|56496|15000.00|80
2150|Ordinario|56543|5000.00|80
2150|Ordinario|56602|3000.00|80
2150|Ordinario|56620|3000.00|80
2150|Ordinario|56676|3000.00|80
2150|Ordinario|56782|3000.00|80
2150|Ordinario|56927|3000.00|80
2150|Ordinario|57031|3000.00|80
2150|Ordinario|57083|3000.00|80
2150|Ordinario|57217|3000.00|80
2150|Ordinario|57659|3000.00|80
2150|Ordinario|57875|3000.00|80
2150|Ordinario|58078|3000.00|80
2150|Ordinario|58199|3000.00|80
2150|Ordinario|58328|3000.00|80
2150|Ordinario|58454|3000.00|80
2150|Ordinario|58454|3000.00|80
2150|Ordinario|58561|3000.00|80
2150|Ordinario|58564|15000.00|80
2150|Ordinario|58800|3000.00|80
2150|Ordinario|58954|3000.00|80
2150|Ordinario|59208|3000.00|80
2150|Ordinario|59283|3000.00|80
2150|Ordinario|59397|3000.00|80
2150|Ordinario|59520|3000.00|80
2150|Ordinario|59626|5000.00|80
2150|Ordinario|59681|3000.00|80
2150|Ordinario|59772|3000.00|80
2150|Ordinario|59877|3000.00|80
2150|Ordinario|59901|5000.00|80
2150|Ordinario|60032|3000.00|80
2150|Ordinario|60227|5000.00|80
2150|Ordinario|60228|3000.00|80
2150|Ordinario|60249|5000.00|80
2150|Ordinario|60263|3000.00|80
2150|Ordinario|60277|3000.00|80
2150|Ordinario|60436|3000.00|80
2150|Ordinario|60508|3000.00|80
2150|Ordinario|60668|3000.00|80
2150|Ordinario|60935|3000.00|80
2150|Ordinario|33866|100000.00|80
2150|Ordinario|35531|800000.00|80
2150|Ordinario|22866|40000.00|80
2150|Ordinario|53928|40000.00|80
2150|Ordinario|32068|160000.00|80
2150|Ordinario|23783||0
2150|Ordinario|14315||0
2286|Ordinario|08591|3000.00|80
2286|Ordinario|08605|3000.00|80
2286|Ordinario|08606|3000.00|80
2286|Ordinario|08666|3000.00|80
2286|Ordinario|08669|3000.00|80
2286|Ordinario|08676|3000.00|80
2286|Ordinario|08742|3000.00|80
2286|Ordinario|08747|3000.00|80
2286|Ordinario|08813|3000.00|80
2286|Ordinario|08890|3000.00|80
2286|Ordinario|08980|3000.00|80
2286|Ordinario|08984|3000.00|80
2286|Ordinario|08995|3000.00|80
2286|Ordinario|08996|3000.00|80
2286|Ordinario|09062|3000.00|80
2286|Ordinario|09078|3000.00|80
2286|Ordinario|09098|3000.00|80
2286|Ordinario|09192|3000.00|80
2286|Ordinario|09451|3000.00|80
2286|Ordinario|09475|3000.00|80
2286|Ordinario|09778|3000.00|80
2286|Ordinario|09810|3000.00|80
2286|Ordinario|10126|3000.00|80
2286|Ordinario|10238|3000.00|80
2286|Ordinario|10274|3000.00|80
2286|Ordinario|10318|3000.00|80
2286|Ordinario|10339|3000.00|80
2286|Ordinario|10369|5000.00|80
2286|Ordinario|10403|3000.00|80
2286|Ordinario|10479|3000.00|80
2286|Ordinario|10710|3000.00|80
2286|Ordinario|10801|3000.00|80
2286|Ordinario|10942|3000.00|80
2286|Ordinario|11080|3000.00|80
2286|Ordinario|11147|3000.00|80
2286|Ordinario|11222|3000.00|80
2286|Ordinario|11391|3000.00|80
2286|Ordinario|11412|3000.00|80
2286|Ordinario|11450|3000.00|80
2286|Ordinario|11465|3000.00|80
2286|Ordinario|11524|3000.00|80
2286|Ordinario|11586|3000.00|80
2286|Ordinario|11599|3000.00|80
2286|Ordinario|11696|3000.00|80
2286|Ordinario|11696|3000.00|80
2286|Ordinario|11822|3000.00|80
2286|Ordinario|11959|3000.00|80
2286|Ordinario|12197|3000.00|80
2286|Ordinario|12218|3000.00|80
2286|Ordinario|12339|3000.00|80
2286|Ordinario|12391|3000.00|80
2286|Ordinario|12571|3000.00|80
2286|Ordinario|12778|5000.00|80
2286|Ordinario|12799|3000.00|80
2286|Ordinario|12946|3000.00|80
2286|Ordinario|13063|5000.00|80
2286|Ordinario|13109|3000.00|80
2286|Ordinario|13180|3000.00|80
2286|Ordinario|13294|3000.00|80
2286|Ordinario|13336|3000.00|80
2286|Ordinario|13357|3000.00|80
2286|Ordinario|13394|3000.00|80
2286|Ordinario|13398|3000.00|80
2286|Ordinario|13523|3000.00|80
2286|Ordinario|13552|3000.00|80
2286|Ordinario|13586|3000.00|80
2286|Ordinario|13686|3000.00|80
2286|Ordinario|13710|3000.00|80
2286|Ordinario|13799|3000.00|80
2286|Ordinario|13874|3000.00|80
2286|Ordinario|14109|3000.00|80
2286|Ordinario|14354|3000.00|80
2286|Ordinario|14470|3000.00|80
2286|Ordinario|14478|3000.00|80
2286|Ordinario|14566|3000.00|80
2286|Ordinario|14576|3000.00|80
2286|Ordinario|14587|3000.00|80
2286|Ordinario|14609|3000.00|80
2286|Ordinario|14802|3000.00|80
2286|Ordinario|14837|3000.00|80
2286|Ordinario|14894|5000.00|80
2286|Ordinario|15083|3000.00|80
2286|Ordinario|15102|5000.00|80
2286|Ordinario|15383|3000.00|80
2286|Ordinario|36000|3000.00|80
2286|Ordinario|36041|15000.00|80
2286|Ordinario|36059|3000.00|80
2286|Ordinario|36260|3000.00|80
2286|Ordinario|36307|3000.00|80
2286|Ordinario|36390|3000.00|80
2286|Ordinario|36415|3000.00|80
2286|Ordinario|36447|3000.00|80
2286|Ordinario|36675|5000.00|80
2286|Ordinario|36798|5000.00|80
2286|Ordinario|36860|3000.00|80
2286|Ordinario|36918|3000.00|80
2286|Ordinario|37031|3000.00|80
2286|Ordinario|37069|3000.00|80
2286|Ordinario|37092|3000.00|80
2286|Ordinario|37160|3000.00|80
2286|Ordinario|37267|3000.00|80
2286|Ordinario|37309|3000.00|80
2286|Ordinario|37348|15000.00|80
2286|Ordinario|37349|3000.00|80
2286|Ordinario|37399|3000.00|80
2286|Ordinario|37445|3000.00|80
2286|Ordinario|37482|3000.00|80
2286|Ordinario|37514|3000.00|80
2286|Ordinario|37647|3000.00|80
2286|Ordinario|37773|3000.00|80
2286|Ordinario|37839|3000.00|80
2286|Ordinario|37985|3000.00|80
2286|Ordinario|38010|3000.00|80
2286|Ordinario|38090|3000.00|80
2286|Ordinario|38226|3000.00|80
2286|Ordinario|38255|3000.00|80
2286|Ordinario|38297|3000.00|80
2286|Ordinario|38299|3000.00|80
2286|Ordinario|38339|3000.00|80
2286|Ordinario|38351|3000.00|80
2286|Ordinario|38377|3000.00|80
2286|Ordinario|38685|3000.00|80
2286|Ordinario|38727|5000.00|80
2286|Ordinario|38767|3000.00|80
2286|Ordinario|39034|3000.00|80
2286|Ordinario|39044|3000.00|80
2286|Ordinario|39287|3000.00|80
2286|Ordinario|39423|3000.00|80
2286|Ordinario|39487|3000.00|80
2286|Ordinario|40046|15000.00|80
2286|Ordinario|40074|3000.00|80
2286|Ordinario|40079|3000.00|80
2286|Ordinario|40423|5000.00|80
2286|Ordinario|40519|3000.00|80
2286|Ordinario|40542|3000.00|80
2286|Ordinario|40597|5000.00|80
2286|Ordinario|40653|3000.00|80
2286|Ordinario|40801|3000.00|80
2286|Ordinario|40828|3000.00|80
2286|Ordinario|41133|3000.00|80
2286|Ordinario|41151|3000.00|80
2286|Ordinario|41287|3000.00|80
2286|Ordinario|41311|3000.00|80
2286|Ordinario|41403|3000.00|80
2286|Ordinario|41480|3000.00|80
2286|Ordinario|41560|3000.00|80
2286|Ordinario|41599|3000.00|80
2286|Ordinario|41651|3000.00|80
2286|Ordinario|41775|3000.00|80
2286|Ordinario|41862|3000.00|80
2286|Ordinario|41962|3000.00|80
2286|Ordinario|41993|3000.00|80
2286|Ordinario|42035|3000.00|80
2286|Ordinario|42134|3000.00|80
2286|Ordinario|42148|3000.00|80
2286|Ordinario|42339|3000.00|80
2286|Ordinario|42412|3000.00|80
2286|Ordinario|42490|5000.00|80
2286|Ordinario|42574|3000.00|80
2286|Ordinario|42618|3000.00|80
2286|Ordinario|42661|3000.00|80
2286|Ordinario|01237|3000.00|80
2286|Ordinario|01297|3000.00|80
2286|Ordinario|01399|5000.00|80
2286|Ordinario|01418|3000.00|80
2286|Ordinario|01526|3000.00|80
2286|Ordinario|01536|3000.00|80
2286|Ordinario|01548|3000.00|80
2286|Ordinario|01619|3000.00|80
2286|Ordinario|01656|3000.00|80
2286|Ordinario|01676|3000.00|80
2286|Ordinario|01760|3000.00|80
2286|Ordinario|01764|3000.00|80
2286|Ordinario|01898|3000.00|80
2286|Ordinario|01906|3000.00|80
2286|Ordinario|01961|3000.00|80
2286|Ordinario|01989|3000.00|80
2286|Ordinario|02031|3000.00|80
2286|Ordinario|02130|5000.00|80
2286|Ordinario|02133|3000.00|80
2286|Ordinario|02264|3000.00|80
2286|Ordinario|02300|3000.00|80
2286|Ordinario|02503|3000.00|80
2286|Ordinario|02595|3000.00|80
2286|Ordinario|02667|3000.00|80
2286|Ordinario|02775|3000.00|80
2286|Ordinario|02818|3000.00|80
2286|Ordinario|02868|3000.00|80
2286|Ordinario|02888|3000.00|80
2286|Ordinario|02939|3000.00|80
2286|Ordinario|03432|3000.00|80
2286|Ordinario|03519|3000.00|80
2286|Ordinario|03969|3000.00|80
2286|Ordinario|04093|3000.00|80
2286|Ordinario|04534|3000.00|80
2286|Ordinario|04542|3000.00|80
2286|Ordinario|04567|3000.00|80
2286|Ordinario|04580|3000.00|80
2286|Ordinario|04641|3000.00|80
2286|Ordinario|04685|3000.00|80
2286|Ordinario|04696|3000.00|80
2286|Ordinario|04770|3000.00|80
2286|Ordinario|04790|3000.00|80
2286|Ordinario|04795|3000.00|80
2286|Ordinario|04867|3000.00|80
2286|Ordinario|04909|3000.00|80
2286|Ordinario|05024|5000.00|80
2286|Ordinario|05153|3000.00|80
2286|Ordinario|05247|3000.00|80
2286|Ordinario|05497|3000.00|80
2286|Ordinario|05624|3000.00|80
2286|Ordinario|05948|3000.00|80
2286|Ordinario|06014|3000.00|80
2286|Ordinario|06126|3000.00|80
2286|Ordinario|06147|3000.00|80
2286|Ordinario|06174|3000.00|80
2286|Ordinario|06193|3000.00|80
2286|Ordinario|06608|3000.00|80
2286|Ordinario|06727|3000.00|80
2286|Ordinario|06769|3000.00|80
2286|Ordinario|06788|3000.00|80
2286|Ordinario|06822|3000.00|80
2286|Ordinario|06823|3000.00|80
2286|Ordinario|06825|3000.00|80
2286|Ordinario|06934|5000.00|80
2286|Ordinario|06968|3000.00|80
2286|Ordinario|07299|3000.00|80
2286|Ordinario|07332|3000.00|80
2286|Ordinario|07474|3000.00|80
2286|Ordinario|07505|3000.00|80
2286|Ordinario|07606|3000.00|80
2286|Ordinario|07611|3000.00|80
2286|Ordinario|07616|3000.00|80
2286|Ordinario|08083|3000.00|80
2286|Ordinario|08169|3000.00|80
2286|Ordinario|08215|3000.00|80
2286|Ordinario|08258|3000.00|80
2286|Ordinario|08289|5000.00|80
2286|Ordinario|08449|5000.00|80
2286|Ordinario|08498|3000.00|80
2286|Ordinario|08519|3000.00|80
2286|Ordinario|08526|3000.00|80
2286|Ordinario|08567|3000.00|80
2286|Ordinario|08572|3000.00|80
2286|Ordinario|20959|3000.00|80
2286|Ordinario|21344|3000.00|80
2286|Ordinario|21352|3000.00|80
2286|Ordinario|21359|3000.00|80
2286|Ordinario|21379|3000.00|80
2286|Ordinario|21418|3000.00|80
2286|Ordinario|21422|3000.00|80
2286|Ordinario|21581|3000.00|80
2286|Ordinario|21587|3000.00|80
2286|Ordinario|21622|3000.00|80
2286|Ordinario|21655|3000.00|80
2286|Ordinario|21656|3000.00|80
2286|Ordinario|21769|3000.00|80
2286|Ordinario|21810|3000.00|80
2286|Ordinario|21817|5000.00|80
2286|Ordinario|21914|3000.00|80
2286|Ordinario|21950|3000.00|80
2286|Ordinario|21996|3000.00|80
2286|Ordinario|22026|3000.00|80
2286|Ordinario|22080|3000.00|80
2286|Ordinario|22141|3000.00|80
2286|Ordinario|22193|3000.00|80
2286|Ordinario|22234|3000.00|80
2286|Ordinario|22314|3000.00|80
2286|Ordinario|22419|3000.00|80
2286|Ordinario|22460|3000.00|80
2286|Ordinario|22528|3000.00|80
2286|Ordinario|22611|3000.00|80
2286|Ordinario|22881|3000.00|80
2286|Ordinario|22963|3000.00|80
2286|Ordinario|23019|3000.00|80
2286|Ordinario|23135|3000.00|80
2286|Ordinario|23177|3000.00|80
2286|Ordinario|23197|3000.00|80
2286|Ordinario|23394|3000.00|80
2286|Ordinario|23597|3000.00|80
2286|Ordinario|23608|3000.00|80
2286|Ordinario|23703|3000.00|80
2286|Ordinario|23722|3000.00|80
2286|Ordinario|23798|3000.00|80
2286|Ordinario|23927|3000.00|80
2286|Ordinario|23990|3000.00|80
2286|Ordinario|24046|5000.00|80
2286|Ordinario|24159|3000.00|80
2286|Ordinario|24431|3000.00|80
2286|Ordinario|24458|3000.00|80
2286|Ordinario|24486|5000.00|80
2286|Ordinario|24512|3000.00|80
2286|Ordinario|24629|3000.00|80
2286|Ordinario|24795|5000.00|80
2286|Ordinario|25019|3000.00|80
2286|Ordinario|25334|3000.00|80
2286|Ordinario|25608|3000.00|80
2286|Ordinario|25789|3000.00|80
2286|Ordinario|25860|3000.00|80
2286|Ordinario|25875|3000.00|80
2286|Ordinario|25877|3000.00|80
2286|Ordinario|25999|3000.00|80
2286|Ordinario|26058|3000.00|80
2286|Ordinario|26092|3000.00|80
2286|Ordinario|26199|3000.00|80
2286|Ordinario|26506|3000.00|80
2286|Ordinario|26541|3000.00|80
2286|Ordinario|26568|5000.00|80
2286|Ordinario|26630|3000.00|80
2286|Ordinario|26646|3000.00|80
2286|Ordinario|26968|3000.00|80
2286|Ordinario|26993|3000.00|80
2286|Ordinario|27039|3000.00|80
2286|Ordinario|27132|3000.00|80
2286|Ordinario|27174|3000.00|80
2286|Ordinario|27177|3000.00|80
2286|Ordinario|27410|3000.00|80
2286|Ordinario|27480|3000.00|80
2286|Ordinario|27711|3000.00|80
2286|Ordinario|27767|3000.00|80
2286|Ordinario|27875|3000.00|80
2286|Ordinario|28066|3000.00|80
2286|Ordinario|28182|3000.00|80
2286|Ordinario|28191|3000.00|80
2286|Ordinario|28314|3000.00|80
2286|Ordinario|28518|3000.00|80
2286|Ordinario|28623|3000.00|80
2286|Ordinario|28699|3000.00|80
2286|Ordinario|28843|3000.00|80
2286|Ordinario|29049|3000.00|80
2286|Ordinario|29231|3000.00|80
2286|Ordinario|29552|3000.00|80
2286|Ordinario|29597|3000.00|80
2286|Ordinario|29663|3000.00|80
2286|Ordinario|29819|3000.00|80
2286|Ordinario|29891|3000.00|80
2286|Ordinario|29919|3000.00|80
2286|Ordinario|29922|3000.00|80
2286|Ordinario|30033|3000.00|80
2286|Ordinario|30049|3000.00|80
2286|Ordinario|30138|3000.00|80
2286|Ordinario|30188|3000.00|80
2286|Ordinario|30288|3000.00|80
2286|Ordinario|30349|3000.00|80
2286|Ordinario|30484|3000.00|80
2286|Ordinario|30528|3000.00|80
2286|Ordinario|30619|3000.00|80
2286|Ordinario|30897|3000.00|80
2286|Ordinario|30951|3000.00|80
2286|Ordinario|31054|3000.00|80
2286|Ordinario|31098|3000.00|80
2286|Ordinario|31146|3000.00|80
2286|Ordinario|31330|3000.00|80
2286|Ordinario|31767|3000.00|80
2286|Ordinario|31890|3000.00|80
2286|Ordinario|31914|3000.00|80
2286|Ordinario|32013|3000.00|80
2286|Ordinario|32021|3000.00|80
2286|Ordinario|32058|3000.00|80
2286|Ordinario|32150|3000.00|80
2286|Ordinario|32237|3000.00|80
2286|Ordinario|32299|3000.00|80
2286|Ordinario|32522|3000.00|80
2286|Ordinario|32695|3000.00|80
2286|Ordinario|32696|3000.00|80
2286|Ordinario|32891|3000.00|80
2286|Ordinario|32959|3000.00|80
2286|Ordinario|33260|3000.00|80
2286|Ordinario|33384|5000.00|80
2286|Ordinario|33407|3000.00|80
2286|Ordinario|33413|3000.00|80
2286|Ordinario|33519|3000.00|80
2286|Ordinario|33631|3000.00|80
2286|Ordinario|33715|3000.00|80
2286|Ordinario|33742|3000.00|80
2286|Ordinario|33886|3000.00|80
2286|Ordinario|33921|3000.00|80
2286|Ordinario|34117|3000.00|80
2286|Ordinario|34216|3000.00|80
2286|Ordinario|34259|3000.00|80
2286|Ordinario|34278|3000.00|80
2286|Ordinario|34333|3000.00|80
2286|Ordinario|34354|3000.00|80
2286|Ordinario|34483|3000.00|80
2286|Ordinario|34500|3000.00|80
2286|Ordinario|34504|5000.00|80
2286|Ordinario|34605|3000.00|80
2286|Ordinario|35169|3000.00|80
2286|Ordinario|35387|3000.00|80
2286|Ordinario|35405|3000.00|80
2286|Ordinario|35472|3000.00|80
2286|Ordinario|35493|3000.00|80
2286|Ordinario|35632|3000.00|80
2286|Ordinario|35835|3000.00|80
2286|Ordinario|35887|3000.00|80
2286|Ordinario|35947|20000.00|80
2286|Ordinario|35954|3000.00|80
2286|Ordinario|43173|3000.00|80
2286|Ordinario|43291|3000.00|80
2286|Ordinario|43310|3000.00|80
2286|Ordinario|43317|20000.00|80
2286|Ordinario|43677|3000.00|80
2286|Ordinario|43861|3000.00|80
2286|Ordinario|43906|3000.00|80
2286|Ordinario|43958|3000.00|80
2286|Ordinario|44067|3000.00|80
2286|Ordinario|44169|3000.00|80
2286|Ordinario|44215|3000.00|80
2286|Ordinario|44256|3000.00|80
2286|Ordinario|44265|3000.00|80
2286|Ordinario|44355|3000.00|80
2286|Ordinario|44356|3000.00|80
2286|Ordinario|44377|3000.00|80
2286|Ordinario|44377|3000.00|80
2286|Ordinario|44497|3000.00|80
2286|Ordinario|44536|3000.00|80
2286|Ordinario|44679|5000.00|80
2286|Ordinario|44758|3000.00|80
2286|Ordinario|45306|3000.00|80
2286|Ordinario|45355|3000.00|80
2286|Ordinario|45382|3000.00|80
2286|Ordinario|45469|3000.00|80
2286|Ordinario|45538|3000.00|80
2286|Ordinario|45767|3000.00|80
2286|Ordinario|45841|3000.00|80
2286|Ordinario|45937|3000.00|80
2286|Ordinario|45944|3000.00|80
2286|Ordinario|46235|3000.00|80
2286|Ordinario|46290|5000.00|80
2286|Ordinario|46337|3000.00|80
2286|Ordinario|46485|3000.00|80
2286|Ordinario|46502|3000.00|80
2286|Ordinario|46549|3000.00|80
2286|Ordinario|46568|3000.00|80
2286|Ordinario|46603|3000.00|80
2286|Ordinario|46679|3000.00|80
2286|Ordinario|46733|3000.00|80
2286|Ordinario|46856|3000.00|80
2286|Ordinario|46872|3000.00|80
2286|Ordinario|46927|3000.00|80
2286|Ordinario|47037|3000.00|80
2286|Ordinario|47135|3000.00|80
2286|Ordinario|47269|3000.00|80
2286|Ordinario|47269|3000.00|80
2286|Ordinario|47383|3000.00|80
2286|Ordinario|47559|3000.00|80
2286|Ordinario|47607|3000.00|80
2286|Ordinario|47628|5000.00|80
2286|Ordinario|47844|3000.00|80
2286|Ordinario|47847|3000.00|80
2286|Ordinario|47989|3000.00|80
2286|Ordinario|48002|3000.00|80
2286|Ordinario|48065|3000.00|80
2286|Ordinario|48097|3000.00|80
2286|Ordinario|48273|3000.00|80
2286|Ordinario|48324|3000.00|80
2286|Ordinario|48336|15000.00|80
2286|Ordinario|48434|3000.00|80
2286|Ordinario|48454|3000.00|80
2286|Ordinario|48486|3000.00|80
2286|Ordinario|48527|3000.00|80
2286|Ordinario|48584|3000.00|80
2286|Ordinario|48586|3000.00|80
2286|Ordinario|48926|3000.00|80
2286|Ordinario|48969|3000.00|80
2286|Ordinario|48998|3000.00|80
2286|Ordinario|49025|3000.00|80
2286|Ordinario|49480|3000.00|80
2286|Ordinario|49492|3000.00|80
2286|Ordinario|49529|3000.00|80
2286|Ordinario|49559|3000.00|80
2286|Ordinario|49559|3000.00|80
2286|Ordinario|49847|3000.00|80
2286|Ordinario|49922|3000.00|80
2286|Ordinario|49965|3000.00|80
2286|Ordinario|49966|3000.00|80
2286|Ordinario|50144|3000.00|80
2286|Ordinario|50154|3000.00|80
2286|Ordinario|50277|5000.00|80
2286|Ordinario|50298|3000.00|80
2286|Ordinario|50321|3000.00|80
2286|Ordinario|50327|3000.00|80
2286|Ordinario|50472|3000.00|80
2286|Ordinario|50476|3000.00|80
2286|Ordinario|50569|3000.00|80
2286|Ordinario|50732|3000.00|80
2286|Ordinario|50839|3000.00|80
2286|Ordinario|50885|3000.00|80
2286|Ordinario|51020|3000.00|80
2286|Ordinario|51162|3000.00|80
2286|Ordinario|51267|3000.00|80
2286|Ordinario|51379|3000.00|80
2286|Ordinario|51454|3000.00|80
2286|Ordinario|51482|3000.00|80
2286|Ordinario|51522|3000.00|80
2286|Ordinario|51540|3000.00|80
2286|Ordinario|51564|3000.00|80
2286|Ordinario|51817|3000.00|80
2286|Ordinario|52318|3000.00|80
2286|Ordinario|52333|3000.00|80
2286|Ordinario|52399|3000.00|80
2286|Ordinario|52423|3000.00|80
2286|Ordinario|52463|3000.00|80
2286|Ordinario|52574|3000.00|80
2286|Ordinario|52583|3000.00|80
2286|Ordinario|52663|5000.00|80
2286|Ordinario|52743|3000.00|80
2286|Ordinario|52776|3000.00|80
2286|Ordinario|52846|3000.00|80
2286|Ordinario|52926|3000.00|80
2286|Ordinario|15423|5000.00|80
2286|Ordinario|15833|3000.00|80
2286|Ordinario|15854|5000.00|80
2286|Ordinario|16329|3000.00|80
2286|Ordinario|16355|3000.00|80
2286|Ordinario|16556|3000.00|80
2286|Ordinario|16576|3000.00|80
2286|Ordinario|16604|3000.00|80
2286|Ordinario|16702|3000.00|80
2286|Ordinario|16777|3000.00|80
2286|Ordinario|16808|3000.00|80
2286|Ordinario|16896|5000.00|80
2286|Ordinario|17026|3000.00|80
2286|Ordinario|17318|3000.00|80
2286|Ordinario|17391|3000.00|80
2286|Ordinario|17487|3000.00|80
2286|Ordinario|17497|3000.00|80
2286|Ordinario|17502|3000.00|80
2286|Ordinario|17512|3000.00|80
2286|Ordinario|17566|3000.00|80
2286|Ordinario|17590|3000.00|80
2286|Ordinario|17605|3000.00|80
2286|Ordinario|17666|3000.00|80
2286|Ordinario|17766|3000.00|80
2286|Ordinario|17771|3000.00|80
2286|Ordinario|17942|3000.00|80
2286|Ordinario|18058|3000.00|80
2286|Ordinario|18096|3000.00|80
2286|Ordinario|18098|3000.00|80
2286|Ordinario|18341|3000.00|80
2286|Ordinario|18481|3000.00|80
2286|Ordinario|18528|5000.00|80
2286|Ordinario|18757|3000.00|80
2286|Ordinario|18854|3000.00|80
2286|Ordinario|18941|3000.00|80
2286|Ordinario|19009|3000.00|80
2286|Ordinario|19321|3000.00|80
2286|Ordinario|19344|3000.00|80
2286|Ordinario|19465|3000.00|80
2286|Ordinario|19606|3000.00|80
2286|Ordinario|19674|15000.00|80
2286|Ordinario|19728|3000.00|80
2286|Ordinario|19866|3000.00|80
2286|Ordinario|19959|3000.00|80
2286|Ordinario|20592|3800.00|80
2286|Ordinario|20593|3800.00|80
2286|Ordinario|20594|6000.00|80
2286|Ordinario|20596|6000.00|80
2286|Ordinario|20597|3800.00|80
2286|Ordinario|20598|3800.00|80
2286|Ordinario|20654|3000.00|80
2286|Ordinario|20698|3000.00|80
2286|Ordinario|20731|3000.00|80
2286|Ordinario|20756|3000.00|80
2286|Ordinario|20780|3000.00|80
2286|Ordinario|53192|3000.00|80
2286|Ordinario|53192|3000.00|80
2286|Ordinario|53367|3000.00|80
2286|Ordinario|53541|3000.00|80
2286|Ordinario|53552|3000.00|80
2286|Ordinario|53574|3000.00|80
2286|Ordinario|53622|3000.00|80
2286|Ordinario|53879|3000.00|80
2286|Ordinario|54239|3000.00|80
2286|Ordinario|54277|3000.00|80
2286|Ordinario|54289|3000.00|80
2286|Ordinario|54345|3000.00|80
2286|Ordinario|54425|3000.00|80
2286|Ordinario|54457|3000.00|80
2286|Ordinario|54509|3000.00|80
2286|Ordinario|54707|3000.00|80
2286|Ordinario|54968|3000.00|80
2286|Ordinario|55004|3000.00|80
2286|Ordinario|55042|3000.00|80
2286|Ordinario|55083|3000.00|80
2286|Ordinario|55141|3000.00|80
2286|Ordinario|55171|3000.00|80
2286|Ordinario|55489|3000.00|80
2286|Ordinario|55566|3000.00|80
2286|Ordinario|55578|3000.00|80
2286|Ordinario|55656|3000.00|80
2286|Ordinario|55777|3000.00|80
2286|Ordinario|55826|3000.00|80
2286|Ordinario|56001|3000.00|80
2286|Ordinario|56008|3000.00|80
2286|Ordinario|56060|3000.00|80
2286|Ordinario|56075|3000.00|80
2286|Ordinario|56079|3000.00|80
2286|Ordinario|56189|3000.00|80
2286|Ordinario|56266|3000.00|80
2286|Ordinario|56402|3000.00|80
2286|Ordinario|56407|3000.00|80
2286|Ordinario|56516|3000.00|80
2286|Ordinario|56696|3000.00|80
2286|Ordinario|56757|3000.00|80
2286|Ordinario|56862|3000.00|80
2286|Ordinario|56884|15000.00|80
2286|Ordinario|57038|3000.00|80
2286|Ordinario|57065|3000.00|80
2286|Ordinario|57121|3000.00|80
2286|Ordinario|57458|3000.00|80
2286|Ordinario|57559|3000.00|80
2286|Ordinario|57677|3000.00|80
2286|Ordinario|57784|3000.00|80
2286|Ordinario|57959|3000.00|80
2286|Ordinario|57960|3000.00|80
2286|Ordinario|58009|3000.00|80
2286|Ordinario|58107|3000.00|80
2286|Ordinario|58126|3000.00|80
2286|Ordinario|58157|3000.00|80
2286|Ordinario|58669|3000.00|80
2286|Ordinario|58700|3000.00|80
2286|Ordinario|58828|5000.00|80
2286|Ordinario|58909|3000.00|80
2286|Ordinario|58961|3000.00|80
2286|Ordinario|58971|3000.00|80
2286|Ordinario|58987|3000.00|80
2286|Ordinario|59178|3000.00|80
2286|Ordinario|59230|3000.00|80
2286|Ordinario|59265|3000.00|80
2286|Ordinario|59347|3000.00|80
2286|Ordinario|59381|3000.00|80
2286|Ordinario|59407|3000.00|80
2286|Ordinario|59535|3000.00|80
2286|Ordinario|59959|3000.00|80
2286|Ordinario|60008|3000.00|80
2286|Ordinario|60146|3000.00|80
2286|Ordinario|60161|3000.00|80
2286|Ordinario|60256|3000.00|80
2286|Ordinario|60292|5000.00|80
2286|Ordinario|60339|3000.00|80
2286|Ordinario|60377|3000.00|80
2286|Ordinario|60389|15000.00|80
2286|Ordinario|60472|3000.00|80
2286|Ordinario|60501|3000.00|80
2286|Ordinario|60530|3000.00|80
2286|Ordinario|60534|3000.00|80
2286|Ordinario|60568|3000.00|80
2286|Ordinario|60676|3000.00|80
2286|Ordinario|60796|3000.00|80
2286|Ordinario|42851|40000.00|80
2286|Ordinario|45594|800000.00|80
2286|Ordinario|52989|160000.00|80
2286|Ordinario|20595|120000.00|80
2286|Ordinario|46137|100000.00|80
2286|Ordinario|24662||0
2286|Ordinario|51096||0
