sorteo|tipo|numero|monto|confianza
1447|Ordinario|01093|850.00|95
1447|Ordinario|01145|850.00|95
1447|Ordinario|01149|850.00|95
1447|Ordinario|01310|850.00|95
1447|Ordinario|01314|850.00|95
1447|Ordinario|01371|850.00|95
1447|Ordinario|01410|850.00|95
1447|Ordinario|01437|850.00|95
1447|Ordinario|01587|850.00|95
1447|Ordinario|01653|900.00|95
1447|Ordinario|01724|850.00|95
1447|Ordinario|01727|850.00|95
1447|Ordinario|01772|850.00|95
1447|Ordinario|01814|850.00|95
1447|Ordinario|01857|850.00|95
1447|Ordinario|02017|850.00|95
1447|Ordinario|02029|850.00|95
1447|Ordinario|02082|850.00|95
1447|Ordinario|02137|900.00|95
1447|Ordinario|02143|850.00|95
1447|Ordinario|02239|850.00|95
1447|Ordinario|02398|850.00|95
1447|Ordinario|02401|850.00|95
1447|Ordinario|02512|850.00|95
1447|Ordinario|02626|850.00|95
1447|Ordinario|02680|850.00|95
1447|Ordinario|02714|850.00|95
1447|Ordinario|02783|850.00|95
1447|Ordinario|02862|850.00|95
1447|Ordinario|02912|850.00|95
1447|Ordinario|02920|850.00|95
1447|Ordinario|03176|850.00|95
1447|Ordinario|03208|900.00|95
1447|Ordinario|03275|850.00|95
1447|Ordinario|03321|850.00|95
1447|Ordinario|03322|850.00|95
1447|Ordinario|03424|850.00|95
1447|Ordinario|03455|850.00|95
1447|Ordinario|03483|850.00|95
1447|Ordinario|03489|850.00|95
1447|Ordinario|03645|850.00|95
1447|Ordinario|03864|850.00|95
1447|Ordinario|03865|850.00|95
1447|Ordinario|04004|850.00|95
1447|Ordinario|04173|850.00|95
1447|Ordinario|04197|850.00|95
1447|Ordinario|04308|850.00|95
1447|Ordinario|04379|850.00|95
1447|Ordinario|04563|850.00|95
1447|Ordinario|04789|850.00|95
1447|Ordinario|04850|850.00|95
1447|Ordinario|04930|850.00|95
1447|Ordinario|05022|900.00|95
1447|Ordinario|05086|850.00|95
1447|Ordinario|05088|850.00|95
1447|Ordinario|05282|850.00|95
1447|Ordinario|05286|850.00|95
1447|Ordinario|05383|850.00|95
1447|Ordinario|05434|850.00|95
1447|Ordinario|05455|900.00|95
1447|Ordinario|05472|850.00|95
1447|Ordinario|05486|850.00|95
1447|Ordinario|05748|850.00|95
1447|Ordinario|05804|850.00|95
1447|Ordinario|05891|850.00|95
1447|Ordinario|06004|850.00|95
1447|Ordinario|06239|850.00|95
1447|Ordinario|06264|850.00|95
1447|Ordinario|06417|900.00|95
1447|Ordinario|06599|850.00|95
1447|Ordinario|06601|850.00|95
1447|Ordinario|06774|850.00|95
1447|Ordinario|06838|850.00|95
1447|Ordinario|06847|850.00|95
1447|Ordinario|06879|850.00|95
1447|Ordinario|06932|850.00|95
1447|Ordinario|06989|850.00|95
1447|Ordinario|07017|850.00|95
1447|Ordinario|07367|900.00|95
1447|Ordinario|07424|850.00|95
1447|Ordinario|07428|850.00|95
1447|Ordinario|07499|850.00|95
1447|Ordinario|07519|850.00|95
1447|Ordinario|07529|850.00|95
1447|Ordinario|07538|850.00|95
1447|Ordinario|07539|900.00|95
1447|Ordinario|07545|850.00|95
1447|Ordinario|07579|850.00|95
1447|Ordinario|07610|850.00|95
1447|Ordinario|07669|850.00|95
1447|Ordinario|07689|1000.00|95
1447|Ordinario|07715|850.00|95
1447|Ordinario|07773|850.00|95
1447|Ordinario|07833|850.00|95
1447|Ordinario|07838|850.00|95
1447|Ordinario|08000|850.00|95
1447|Ordinario|08252|850.00|95
1447|Ordinario|08393|850.00|95
1447|Ordinario|08400|850.00|95
1447|Ordinario|08406|850.00|95
1447|Ordinario|08472|850.00|95
1447|Ordinario|08497|850.00|95
1447|Ordinario|08559|850.00|95
1447|Ordinario|08583|850.00|95
1447|Ordinario|08611|850.00|95
1447|Ordinario|08620|850.00|95
1447|Ordinario|08640|850.00|95
1447|Ordinario|08672|850.00|95
1447|Ordinario|08738|850.00|95
1447|Ordinario|08857|850.00|95
1447|Ordinario|08877|850.00|95
1447|Ordinario|08877|850.00|95
1447|Ordinario|08885|850.00|95
1447|Ordinario|09031|850.00|95
1447|Ordinario|09056|850.00|95
1447|Ordinario|09207|850.00|95
1447|Ordinario|09312|850.00|95
1447|Ordinario|09313|850.00|95
1447|Ordinario|09317|850.00|95
1447|Ordinario|09333|900.00|95
1447|Ordinario|09359|850.00|95
1447|Ordinario|09387|850.00|95
1447|Ordinario|09403|850.00|95
1447|Ordinario|09463||0
1447|Ordinario|09473|900.00|95
1447|Ordinario|09510|900.00|95
1447|Ordinario|09532|850.00|95
1447|Ordinario|09600|850.00|95
1447|Ordinario|09708|850.00|95
1447|Ordinario|09723|850.00|95
1447|Ordinario|09789|850.00|95
1447|Ordinario|09912|850.00|95
1447|Ordinario|09913|850.00|95
1447|Ordinario|10145|850.00|95
1447|Ordinario|10224|850.00|95
1447|Ordinario|10266|850.00|95
1447|Ordinario|10286|850.00|95
1447|Ordinario|10354|1000.00|95
1447|Ordinario|10560|850.00|95
1447|Ordinario|10650|850.00|95
1447|Ordinario|10671|850.00|95
1447|Ordinario|10818|850.00|95
1447|Ordinario|10846|850.00|95
1447|Ordinario|11071|850.00|95
1447|Ordinario|11103|850.00|95
1447|Ordinario|11148|850.00|95
1447|Ordinario|11215|850.00|95
1447|Ordinario|11234|850.00|95
1447|Ordinario|11289|850.00|95
1447|Ordinario|11374|850.00|95
1447|Ordinario|11374|850.00|95
1447|Ordinario|11514|850.00|95
1447|Ordinario|11560|850.00|95
1447|Ordinario|11654|850.00|95
1447|MAYOR|11809|850.00|95
1447|Ordinario|11833|850.00|95
1447|Ordinario|11994|900.00|95
1447|Ordinario|12014|850.00|95
1447|Ordinario|12117|900.00|95
1447|Ordinario|12141|850.00|95
1447|Ordinario|12314|850.00|95
1447|Ordinario|12381|850.00|95
1447|Ordinario|12543|850.00|95
1447|Ordinario|12591|850.00|95
1447|Ordinario|12622|850.00|95
1447|Ordinario|12666|850.00|95
1447|Ordinario|12687|900.00|95
1447|Ordinario|12692|850.00|95
1447|Ordinario|12788|850.00|95
1447|Ordinario|13040|850.00|95
1447|Ordinario|13087|850.00|95
1447|Ordinario|13129|850.00|95
1447|Ordinario|13321|850.00|95
1447|Ordinario|13330|850.00|95
1447|Ordinario|13665|850.00|95
1447|Ordinario|13679|850.00|95
1447|Ordinario|13746|850.00|95
1447|Ordinario|13823|850.00|95
1447|Ordinario|13890|850.00|95
1447|Ordinario|13948|850.00|95
1447|Ordinario|14029|850.00|95
1447|Ordinario|14189|850.00|95
1447|Ordinario|14246|850.00|95
1447|Ordinario|14292|1000.00|95
1447|Ordinario|14314|850.00|95
1447|Ordinario|14342|850.00|95
1447|Ordinario|14374|850.00|95
1447|Ordinario|14375|850.00|95
1447|Ordinario|14449|850.00|95
1447|Ordinario|14550|900.00|95
1447|Ordinario|14607|850.00|95
1447|Ordinario|14618|900.00|95
1447|Ordinario|14620|850.00|95
1447|Ordinario|14657|850.00|95
1447|Ordinario|14832|850.00|95
1447|Ordinario|14981|850.00|95
1447|Ordinario|14999|850.00|95
1447|QUINTO|15017|850.00|95
1447|Ordinario|15085|850.00|95
1447|Ordinario|15336|850.00|95
1447|Ordinario|15554|900.00|95
1447|Ordinario|15559|850.00|95
1447|Ordinario|15569|850.00|95
1447|Ordinario|15712|850.00|95
1447|Ordinario|15839|850.00|95
1447|Ordinario|15937|850.00|95
1447|Ordinario|16105|900.00|95
1447|Ordinario|16167|850.00|95
1447|Ordinario|16620|850.00|95
1447|Ordinario|16672|850.00|95
1447|Ordinario|16730|850.00|95
1447|Ordinario|16766|850.00|95
1447|Ordinario|16804|850.00|95
1447|Ordinario|16811|850.00|95
1447|Ordinario|16859|850.00|95
1447|Ordinario|17063|850.00|95
1447|Ordinario|17154|850.00|95
1447|Ordinario|17230|850.00|95
1447|Ordinario|17239|850.00|95
1447|Ordinario|17249|850.00|95
1447|Ordinario|17338|850.00|95
1447|Ordinario|17361|850.00|95
1447|Ordinario|17412|850.00|95
1447|Ordinario|17530|850.00|95
1447|Ordinario|17689|850.00|95
1447|Ordinario|17761|850.00|95
1447|Ordinario|17768|850.00|95
1447|Ordinario|17813|850.00|95
1447|Ordinario|17831|850.00|95
1447|Ordinario|17901|850.00|95
1447|Ordinario|17924|850.00|95
1447|Ordinario|17974|850.00|95
1447|Ordinario|18098|850.00|95
1447|Ordinario|18137|850.00|95
1447|Ordinario|18355|850.00|95
1447|Ordinario|18564|850.00|95
1447|Ordinario|18574|850.00|95
1447|Ordinario|18611|850.00|95
1447|Ordinario|18657|850.00|95
1447|Ordinario|18690|850.00|95
1447|Ordinario|18713|850.00|95
1447|Ordinario|18771|850.00|95
1447|Ordinario|18825|850.00|95
1447|Ordinario|18976|850.00|95
1447|Ordinario|19012|850.00|95
1447|Ordinario|19026|850.00|95
1447|Ordinario|19036|850.00|95
1447|Ordinario|19042|850.00|95
1447|Ordinario|19043|850.00|95
1447|Ordinario|19125|850.00|95
1447|Ordinario|19127|850.00|95
1447|Ordinario|19143|850.00|95
1447|Ordinario|19169|850.00|95
1447|Ordinario|19172|850.00|95
1447|Ordinario|19231|850.00|95
1447|Ordinario|19346|850.00|95
1447|Ordinario|19601|850.00|95
1447|Ordinario|19619|850.00|95
1447|Ordinario|19668|850.00|95
1447|Ordinario|19745|850.00|95
1447|Ordinario|19787|900.00|95
1447|Ordinario|19864|900.00|95
1447|Ordinario|20236|850.00|95
1447|Ordinario|20284|850.00|95
1447|Ordinario|20329|850.00|95
1447|Ordinario|20336|850.00|95
1447|Ordinario|20497|850.00|95
1447|Ordinario|20554|850.00|95
1447|Ordinario|20658|850.00|95
1447|Ordinario|20792|850.00|95
1447|Ordinario|20880|850.00|95
1447|Ordinario|20883|850.00|95
1447|Ordinario|21038|850.00|95
1447|Ordinario|21045|850.00|95
1447|Ordinario|21090|850.00|95
1447|Ordinario|21183|850.00|95
1447|Ordinario|21298|850.00|95
1447|Ordinario|21364|850.00|95
1447|Ordinario|21491|850.00|95
1447|Ordinario|21591|850.00|95
1447|Ordinario|21596||0
1447|Ordinario|21601|850.00|95
1447|Ordinario|21741|850.00|95
1447|Ordinario|21742|850.00|95
1447|Ordinario|21842|850.00|95
1447|Ordinario|21874|850.00|95
1447|Ordinario|22023|850.00|95
1447|Ordinario|22070|850.00|95
1447|Ordinario|22083|850.00|95
1447|Ordinario|22114|850.00|95
1447|Ordinario|22181|850.00|95
1447|Ordinario|22204|850.00|95
1447|Ordinario|22227|850.00|95
1447|Ordinario|22373|850.00|95
1447|Ordinario|22401|850.00|95
1447|Ordinario|22495|850.00|95
1447|Ordinario|22730|850.00|95
1447|Ordinario|22754|850.00|95
1447|Ordinario|22801|850.00|95
1447|Ordinario|22951|850.00|95
1447|Ordinario|23038|850.00|95
1447|Ordinario|23090|850.00|95
1447|Ordinario|23291|850.00|95
1447|Ordinario|23377|850.00|95
1447|Ordinario|23420|850.00|95
1447|Ordinario|23470|850.00|95
1447|Ordinario|23472|850.00|95
1447|Ordinario|23798|850.00|95
1447|Ordinario|23875|850.00|95
1447|Ordinario|23932|850.00|95
1447|Ordinario|24039|850.00|95
1447|Ordinario|24092|850.00|95
1447|Ordinario|24332|850.00|95
1447|Ordinario|24411|850.00|95
1447|Ordinario|24498|850.00|95
1447|Ordinario|24612|850.00|95
1447|Ordinario|24617|850.00|95
1447|Ordinario|24676|850.00|95
1447|Ordinario|24867|850.00|95
1447|Ordinario|25058|850.00|95
1447|Ordinario|25141|850.00|95
1447|Ordinario|25170|850.00|95
1447|Ordinario|25238|850.00|95
1447|Ordinario|25359|850.00|95
1447|Ordinario|25362|1000.00|95
1447|Ordinario|25424|1000.00|95
1447|Ordinario|25847|850.00|95
1447|Ordinario|25877|850.00|95
1447|Ordinario|25903|850.00|95
1447|Ordinario|25989|850.00|95
1447|Ordinario|26070|850.00|95
1447|Ordinario|26073|850.00|95
1447|Ordinario|26135|850.00|95
1447|Ordinario|26351|850.00|95
1447|Ordinario|26436|850.00|95
1447|Ordinario|26460|850.00|95
1447|Ordinario|26473|850.00|95
1447|Ordinario|26638|850.00|95
1447|Ordinario|26702|850.00|95
1447|Ordinario|26715|850.00|95
1447|Ordinario|26723|850.00|95
1447|Ordinario|26801|850.00|95
1447|Ordinario|27279|850.00|95
1447|Ordinario|27314|850.00|95
1447|Ordinario|27351|850.00|95
1447|Ordinario|27368|900.00|95
1447|Ordinario|27376|850.00|95
1447|Ordinario|27382|850.00|95
1447|Ordinario|27411|850.00|95
1447|Ordinario|27466|850.00|95
1447|Ordinario|27498|850.00|95
1447|Ordinario|27548|850.00|95
1447|Ordinario|27568|850.00|95
1447|Ordinario|27662|900.00|95
1447|Ordinario|27765|850.00|95
1447|Ordinario|27772|850.00|95
1447|Ordinario|27773|850.00|95
1447|Ordinario|28015|850.00|95
1447|Ordinario|28055|850.00|95
1447|Ordinario|28167|850.00|95
1447|Ordinario|28169|850.00|95
1447|Ordinario|28234|850.00|95
1447|Ordinario|28287|850.00|95
1447|Ordinario|28356|850.00|95
1447|Ordinario|28369|850.00|95
1447|Ordinario|28409|850.00|95
1447|Ordinario|28450|850.00|95
1447|Ordinario|28644|850.00|95
1447|Ordinario|28734|850.00|95
1447|Ordinario|28869|900.00|95
1447|Ordinario|28942|850.00|95
1447|Ordinario|28973|850.00|95
1447|Ordinario|29306|850.00|95
1447|Ordinario|29375|850.00|95
1447|Ordinario|29491|900.00|95
1447|Ordinario|29652|850.00|95
1447|Ordinario|29689|850.00|95
1447|Ordinario|29756|850.00|95
1447|Ordinario|29820|1000.00|95
1447|Ordinario|30003|850.00|95
1447|Ordinario|30053|850.00|95
1447|Ordinario|30083|850.00|95
1447|Ordinario|30090|850.00|95
1447|Ordinario|30124|850.00|95
1447|Ordinario|30231|850.00|95
1447|Ordinario|30276|900.00|95
1447|Ordinario|30311|850.00|95
1447|Ordinario|30405|850.00|95
1447|Ordinario|30503|850.00|95
1447|Ordinario|30603|850.00|95
1447|Ordinario|30698|850.00|95
1447|Ordinario|30741|850.00|95
1447|Ordinario|30755|850.00|95
1447|Ordinario|30781|850.00|95
1447|Ordinario|30859|850.00|95
1447|Ordinario|30897|850.00|95
1447|Ordinario|30904|850.00|95
1447|Ordinario|31002|850.00|95
1447|Ordinario|31054|850.00|95
1447|Ordinario|31062|850.00|95
1447|Ordinario|31113|850.00|95
1447|Ordinario|31117|850.00|95
1447|Ordinario|31277|850.00|95
1447|Ordinario|31296|10000.00|95
1447|Ordinario|31346|900.00|95
1447|Ordinario|31411|850.00|95
1447|Ordinario|31607|850.00|95
1447|Ordinario|31649|850.00|95
1447|Ordinario|31699|850.00|95
1447|Ordinario|31770|850.00|95
1447|Ordinario|31873|850.00|95
1447|Ordinario|31928|850.00|95
1447|Ordinario|31931|850.00|95
1447|Ordinario|32022|850.00|95
1447|Ordinario|32271|850.00|95
1447|Ordinario|32321|850.00|95
1447|Ordinario|32371|850.00|95
1447|Ordinario|32422|850.00|95
1447|Ordinario|32437|850.00|95
1447|Ordinario|32453|850.00|95
1447|Ordinario|32550|850.00|95
1447|Ordinario|32616|850.00|95
1447|Ordinario|32671|850.00|95
1447|Ordinario|32888|850.00|95
1447|Ordinario|32914|850.00|95
1447|Ordinario|33011|850.00|95
1447|Ordinario|33110|850.00|95
1447|Ordinario|33182|850.00|95
1447|Ordinario|33204|850.00|95
1447|Ordinario|33239|850.00|95
1447|Ordinario|33260|1250.00|95
1447|Ordinario|33261|1250.00|95
1447|Ordinario|33262|2500.00|95
1447|CUARTO|33263|7500000.00|70
1447|Ordinario|33264|2500.00|95
1447|Ordinario|33265|1250.00|95
1447|Ordinario|33266|1250.00|95
1447|Ordinario|33399|850.00|95
1447|Ordinario|33409|850.00|95
1447|Ordinario|33529|850.00|95
1447|Ordinario|33617|850.00|95
1447|Ordinario|33665|850.00|95
1447|Ordinario|33703|850.00|95
1447|Ordinario|33724|850.00|95
1447|Ordinario|33744|850.00|95
1447|Ordinario|33845|5000.00|95
1447|Ordinario|33867|850.00|95
1447|Ordinario|33909|850.00|95
1447|Ordinario|34062|850.00|95
1447|Ordinario|34106|850.00|95
1447|Ordinario|34118|850.00|95
1447|Ordinario|34198|850.00|95
1447|Ordinario|34377|850.00|95
1447|Ordinario|34424|850.00|95
1447|Ordinario|34426|850.00|95
1447|Ordinario|34844|850.00|95
1447|Ordinario|34924|850.00|95
1447|Ordinario|35023|850.00|95
1447|Ordinario|35028|850.00|95
1447|Ordinario|35056|900.00|95
1447|Ordinario|35092|850.00|95
1447|Ordinario|35170|900.00|95
1447|Ordinario|35188|850.00|95
1447|Ordinario|35543|850.00|95
1447|Ordinario|35613|850.00|95
1447|Ordinario|35647|850.00|95
1447|Ordinario|35710|850.00|95
1447|Ordinario|35797|850.00|95
1447|Ordinario|35810|850.00|95
1447|Ordinario|35810|850.00|95
1447|Ordinario|35919|850.00|95
1447|Ordinario|35925|850.00|95
1447|Ordinario|35965|850.00|95
1447|Ordinario|36251|850.00|95
1447|Ordinario|36257|850.00|95
1447|Ordinario|36280|850.00|95
1447|Ordinario|36411|850.00|95
1447|Ordinario|36534|850.00|95
1447|Ordinario|36677|850.00|95
1447|Ordinario|36702|850.00|95
1447|Ordinario|36790|850.00|95
1447|Ordinario|36802|850.00|95
1447|Ordinario|36930|850.00|95
1447|Ordinario|36943|850.00|95
1447|Ordinario|37002|850.00|95
1447|Ordinario|37118|850.00|95
1447|Ordinario|37182|850.00|95
1447|Ordinario|37235|900.00|95
1447|Ordinario|37239|850.00|95
1447|Ordinario|37493|850.00|95
1447|Ordinario|37510|850.00|95
1447|Ordinario|37587|850.00|95
1447|Ordinario|37592|125000.00|70
1447|MAYOR|37588|850.00|95
1447|Ordinario|37600|850.00|95
1447|Ordinario|37638|850.00|95
1447|Ordinario|37655|850.00|95
1447|Ordinario|37752|850.00|95
1447|Ordinario|38033|850.00|95
1447|Ordinario|38045|850.00|95
1447|Ordinario|38087|850.00|95
1447|Ordinario|38330|900.00|95
1447|Ordinario|38363|850.00|95
1447|Ordinario|38497|850.00|95
1447|Ordinario|38606|850.00|95
1447|Ordinario|38694|850.00|95
1447|Ordinario|38760|850.00|95
1447|Ordinario|38778|850.00|95
1447|Ordinario|38963|850.00|95
1447|Ordinario|38967|850.00|95
1447|Ordinario|39084|850.00|95
1447|Ordinario|39345|850.00|95
1447|Ordinario|39446|850.00|95
1447|Ordinario|39486|850.00|95
1447|Ordinario|39681|850.00|95
1447|Ordinario|39704|850.00|95
1447|Ordinario|39803|850.00|95
1447|Ordinario|39848|850.00|95
1447|Ordinario|39932|850.00|95
1447|Ordinario|39955|850.00|95
1447|Ordinario|39974|850.00|95
1447|MAYOR|40091|850.00|95
1447|Ordinario|40312|50000.00|70
1447|Ordinario|40417|850.00|95
1447|Ordinario|40420|850.00|95
1447|Ordinario|40440|850.00|95
1447|Ordinario|40625|850.00|95
1447|Ordinario|40768|850.00|95
1447|Ordinario|40788|850.00|95
1447|Ordinario|40848|850.00|95
1447|Ordinario|40951|850.00|95
1447|Ordinario|41178|850.00|95
1447|Ordinario|41201|850.00|95
1447|Ordinario|41250|850.00|95
1447|Ordinario|41254|850.00|95
1447|Ordinario|41297|850.00|95
1447|Ordinario|41338|850.00|95
1447|Ordinario|41375|850.00|95
1447|Ordinario|41526|850.00|95
1447|Ordinario|41556|850.00|95
1447|Ordinario|41702|900.00|95
1447|Ordinario|41741|850.00|95
1447|Ordinario|41743|850.00|95
1447|Ordinario|41819|100000.00|70
1447|Ordinario|41883|850.00|95
1447|Ordinario|41926|850.00|95
1447|Ordinario|42094|850.00|95
1447|Ordinario|42202|850.00|95
1447|Ordinario|42264|850.00|95
1447|Ordinario|42324|850.00|95
1447|Ordinario|42337|850.00|95
1447|Ordinario|42566|850.00|95
1447|Ordinario|42638|850.00|95
1447|Ordinario|42648|850.00|95
1447|Ordinario|42664|850.00|95
1447|Ordinario|42701|850.00|95
1447|Ordinario|42973|125000.00|70
1447|Ordinario|42719|850.00|95
1447|Ordinario|43096|850.00|95
1447|Ordinario|43216|850.00|95
1447|Ordinario|43286|850.00|95
1447|Ordinario|43309|850.00|95
1447|Ordinario|43310|850.00|95
1447|Ordinario|43367|900.00|95
1447|Ordinario|43369|850.00|95
1447|Ordinario|43373|850.00|95
1447|Ordinario|43388|850.00|95
1447|Ordinario|43421|850.00|95
1447|Ordinario|43583|850.00|95
1447|Ordinario|43674|850.00|95
1447|Ordinario|43778|850.00|95
1447|Ordinario|43789|850.00|95
1447|Ordinario|43863|850.00|95
1447|Ordinario|43864|850.00|95
1447|Ordinario|43952|850.00|95
1447|Ordinario|44043|850.00|95
1447|Ordinario|44094|850.00|95
1447|Ordinario|44300|5000.00|95
1447|CUARTO|44362|850.00|95
1447|Ordinario|44398|850.00|95
1447|Ordinario|44431|850.00|95
1447|Ordinario|44548|850.00|95
1447|Ordinario|44556|850.00|95
1447|Ordinario|44562|850.00|95
1447|Ordinario|44568|850.00|95
1447|Ordinario|44714|900.00|95
1447|Ordinario|44750|850.00|95
1447|Ordinario|44768|850.00|95
1447|Ordinario|44919|850.00|95
1447|Ordinario|45084|850.00|95
1447|Ordinario|45133|850.00|95
1447|Ordinario|45296|850.00|95
1447|Ordinario|45308|850.00|95
1447|Ordinario|45407|850.00|95
1447|Ordinario|45456|850.00|95
1447|Ordinario|45534|850.00|95
1447|Ordinario|45598|850.00|95
1447|Ordinario|45642|850.00|95
1447|Ordinario|45648|850.00|95
1447|Ordinario|45739|850.00|95
1447|Ordinario|45861|850.00|95
1447|Ordinario|45948|850.00|95
1447|Ordinario|46419|850.00|95
1447|Ordinario|46592|850.00|95
1447|Ordinario|46741|850.00|95
1447|TERCER|46929|850.00|95
1447|Ordinario|46932|850.00|95
1447|Ordinario|46952|850.00|95
1447|Ordinario|47022|850.00|95
1447|Ordinario|47050|850.00|95
1447|Ordinario|47065|850.00|95
1447|Ordinario|47068|850.00|95
1447|Ordinario|47143|850.00|95
1447|Ordinario|47289|850.00|95
1447|Ordinario|47385|850.00|95
1447|Ordinario|47422|900.00|95
1447|Ordinario|47458|850.00|95
1447|Ordinario|47462|850.00|95
1447|Ordinario|47573|850.00|95
1447|Ordinario|47600|900.00|95
1447|Ordinario|47803|850.00|95
1447|Ordinario|47889|850.00|95
1447|Ordinario|48040|850.00|95
1447|Ordinario|48045|850.00|95
1447|Ordinario|48067|850.00|95
1447|Ordinario|48221|850.00|95
1447|Ordinario|48269|850.00|95
1447|Ordinario|48302|850.00|95
1447|Ordinario|48353|850.00|95
1447|Ordinario|48372|850.00|95
1447|Ordinario|48439|850.00|95
1447|Ordinario|48470|850.00|95
1447|Ordinario|48471|850.00|95
1447|Ordinario|48677|850.00|95
1447|Ordinario|48690|850.00|95
1447|Ordinario|48731|850.00|95
1447|Ordinario|48904|850.00|95
1447|Ordinario|48938|850.00|95
1447|Ordinario|49147|850.00|95
1447|Ordinario|49315|850.00|95
1447|Ordinario|49346|850.00|95
1447|Ordinario|49396|850.00|95
1447|Ordinario|49689|850.00|95
1447|Ordinario|49713|850.00|95
1447|Ordinario|49819|850.00|95
1447|Ordinario|49906|850.00|95
1447|Ordinario|50062|850.00|95
1447|Ordinario|50063|850.00|95
1447|Ordinario|50084|850.00|95
1447|Ordinario|50417|850.00|95
1447|Ordinario|50426|1000.00|95
1447|Ordinario|50509|850.00|95
1447|Ordinario|50563|850.00|95
1447|Ordinario|50632|850.00|95
1447|Ordinario|50741|850.00|95
1447|Ordinario|50841|850.00|95
1447|Ordinario|50899|850.00|95
1447|Ordinario|50901|850.00|95
1460|Ordinario|01187|1000.00|95
1460|Ordinario|01264|1000.00|95
1460|Ordinario|01327|1000.00|95
1460|Ordinario|01333|1000.00|95
1460|Ordinario|01363|1000.00|95
1460|Ordinario|01582|1000.00|95
1460|Ordinario|01590|1000.00|95
1460|Ordinario|01598|1000.00|95
1460|Ordinario|01731|1000.00|95
1460|Ordinario|01778|1000.00|95
1460|Ordinario|01799|1000.00|95
1460|Ordinario|01840|1000.00|95
1460|Ordinario|02077|1000.00|95
1460|Ordinario|02152|3000.00|95
1460|Ordinario|02176|1000.00|95
1460|Ordinario|02200|1000.00|95
1460|Ordinario|02281|1000.00|95
1460|Ordinario|02355|1000.00|95
1460|Ordinario|02369|1000.00|95
1460|Ordinario|02369|1000.00|95
1460|Ordinario|02697|1000.00|95
1460|Ordinario|02715|1000.00|95
1460|Ordinario|03045|1000.00|95
1460|Ordinario|03075|1000.00|95
1460|Ordinario|03101|1000.00|95
1460|Ordinario|03504|1000.00|95
1460|Ordinario|03534|1000.00|95
1460|Ordinario|03603|1000.00|95
1460|Ordinario|03630|1000.00|95
1460|Ordinario|03658|1000.00|95
1460|Ordinario|03703|1000.00|95
1460|Ordinario|03779|1000.00|95
1460|Ordinario|03780|1000.00|95
1460|Ordinario|03851|1000.00|95
1460|Ordinario|03883|1000.00|95
1460|Ordinario|04034|15000.00|95
1460|Ordinario|04189|1000.00|95
1460|Ordinario|04335|1000.00|95
1460|Ordinario|04358|1000.00|95
1460|Ordinario|04416|1000.00|95
1460|Ordinario|04422|1000.00|95
1460|Ordinario|04446|1000.00|95
1460|Ordinario|04610|1000.00|95
1460|Ordinario|04616|1000.00|95
1460|Ordinario|04717|1000.00|95
1460|Ordinario|04762|1000.00|95
1460|Ordinario|05181|3000.00|95
1460|Ordinario|05198|1000.00|95
1460|Ordinario|05235|1000.00|95
1460|Ordinario|05391|1000.00|95
1460|Ordinario|05399|1000.00|95
1460|Ordinario|05462|1000.00|95
1460|Ordinario|05488|1000.00|95
1460|Ordinario|05620|1000.00|95
1460|Ordinario|05745|1000.00|95
1460|Ordinario|06014|1000.00|95
1460|Ordinario|06026|1000.00|95
1460|Ordinario|06043|1000.00|95
1460|Ordinario|06071|1000.00|95
1460|Ordinario|06340|1000.00|95
1460|Ordinario|06499|1000.00|95
1460|Ordinario|06502|1000.00|95
1460|Ordinario|06735|1000.00|95
1460|Ordinario|06789|1000.00|95
1460|Ordinario|06906|1000.00|95
1460|Ordinario|06922|1000.00|95
1460|Ordinario|07032|1000.00|95
1460|Ordinario|07103|1000.00|95
1460|Ordinario|07269|1000.00|95
1460|Ordinario|07346|2000.00|95
1460|Ordinario|07364|2000.00|95
1460|Ordinario|07371|1000.00|95
1460|Ordinario|07438|1000.00|95
1460|Ordinario|07459|1000.00|95
1460|Ordinario|07476|1000.00|95
1460|Ordinario|07619|2000.00|95
1460|Ordinario|07700|1000.00|95
1460|Ordinario|07725|1000.00|95
1460|Ordinario|07759|1000.00|95
1460|Ordinario|07768|1000.00|95
1460|Ordinario|07902|1000.00|95
1460|Ordinario|07904|1000.00|95
1460|Ordinario|08236|1000.00|95
1460|Ordinario|08362|1000.00|95
1460|Ordinario|08461|1000.00|95
1460|Ordinario|08571|1000.00|95
1460|Ordinario|08731|2000.00|95
1460|Ordinario|09098|1000.00|95
1460|Ordinario|09136|1000.00|95
1460|Ordinario|09205|1000.00|95
1460|Ordinario|09244|1000.00|95
1460|Ordinario|09256|1000.00|95
1460|Ordinario|09310|1000.00|95
1460|Ordinario|09373|1000.00|95
1460|Ordinario|09403|1000.00|95
1460|Ordinario|09438|1000.00|95
1460|Ordinario|09559|1000.00|95
1460|Ordinario|09671|1000.00|95
1460|Ordinario|09746|3000.00|95
1460|Ordinario|09749|1000.00|95
1460|Ordinario|09853|1000.00|95
1460|Ordinario|09895|1000.00|95
1460|Ordinario|09906|1000.00|95
1460|Ordinario|10009|1000.00|95
1460|Ordinario|10145|1000.00|95
1460|Ordinario|10166|1000.00|95
1460|Ordinario|10173|1000.00|95
1460|Ordinario|10180|1000.00|95
1460|Ordinario|10204|1000.00|95
1460|Ordinario|10253|1000.00|95
1460|Ordinario|10328|1000.00|95
1460|Ordinario|10332|25000.00|70
1460|Ordinario|10425|2000.00|95
1460|Ordinario|10454|1000.00|95
1460|Ordinario|10489|1000.00|95
1460|Ordinario|10490|1000.00|95
1460|Ordinario|10556|1000.00|95
1460|Ordinario|10557|1000.00|95
1460|Ordinario|10625|1000.00|95
1460|Ordinario|10682|1000.00|95
1460|Ordinario|10852|1000.00|95
1460|Ordinario|11064|1000.00|95
1460|Ordinario|11157|1000.00|95
1460|Ordinario|11279|1000.00|95
1460|Ordinario|11348|1000.00|95
1460|Ordinario|11429|1000.00|95
1460|Ordinario|11458|1000.00|95
1460|Ordinario|11584|1000.00|95
1460|Ordinario|11619|1000.00|95
1460|Ordinario|11622|1000.00|95
1460|Ordinario|11906|1000.00|95
1460|Ordinario|12015|1000.00|95
1460|Ordinario|12149|1000.00|95
1460|Ordinario|12259|1000.00|95
1460|Ordinario|12267|2000.00|95
1460|Ordinario|12442|1000.00|95
1460|Ordinario|12505|1000.00|95
1460|Ordinario|12510|1000.00|95
1460|Ordinario|12523|2000.00|95
1460|Ordinario|12537|1000.00|95
1460|Ordinario|12539|1000.00|95
1460|MAYOR|12606|1000.00|95
1460|Ordinario|12628|1000.00|95
1460|Ordinario|12804|1000.00|95
1460|Ordinario|12860|2000.00|95
1460|Ordinario|13015|1000.00|95
1460|Ordinario|13190|1000.00|95
1460|Ordinario|13236|1000.00|95
1460|Ordinario|13237|1000.00|95
1460|Ordinario|13252|1000.00|95
1460|Ordinario|13315|1000.00|95
1460|Ordinario|13327|1000.00|95
1460|Ordinario|13402|1000.00|95
1460|Ordinario|13408|1000.00|95
1460|Ordinario|13410|1000.00|95
1460|Ordinario|13434|1000.00|95
1460|Ordinario|13619|1000.00|95
1460|Ordinario|13829|1000.00|95
1460|Ordinario|14127|1000.00|95
1460|Ordinario|14221|1000.00|95
1460|Ordinario|14328|1000.00|95
1460|Ordinario|14410|1000.00|95
1460|Ordinario|14425|1000.00|95
1460|Ordinario|14455|1000.00|95
1460|Ordinario|14607|1000.00|95
1460|Ordinario|14640|1000.00|95
1460|Ordinario|14667|1000.00|95
1460|Ordinario|14758|1000.00|95
1460|Ordinario|14772|1000.00|95
1460|Ordinario|14794|1000.00|95
1460|Ordinario|15124|1000.00|95
1460|Ordinario|15126|1000.00|95
1460|Ordinario|15147|1000.00|95
1460|Ordinario|15151|1000.00|95
1460|Ordinario|15286|1000.00|95
1460|Ordinario|15299|1000.00|95
1460|Ordinario|15308|3000.00|95
1460|Ordinario|15352|1000.00|95
1460|Ordinario|15443|1000.00|95
1460|Ordinario|15506|2000.00|95
1460|Ordinario|15725|1000.00|95
1460|CUARTO|15752|25000.00|70
1460|Ordinario|15752|1000.00|95
1460|Ordinario|15782|1000.00|95
1460|Ordinario|15949|1000.00|95
1460|Ordinario|16023|1000.00|95
1460|Ordinario|16037|2000.00|95
1460|Ordinario|16144|1000.00|95
1460|Ordinario|16317|1000.00|95
1460|Ordinario|16409|2000.00|95
1460|Ordinario|16531|2000.00|95
1460|Ordinario|16563|1000.00|95
1460|Ordinario|16594|1000.00|95
1460|Ordinario|16637|3000.00|95
1460|Ordinario|16714|1000.00|95
1460|Ordinario|16728|1000.00|95
1460|Ordinario|16860|1000.00|95
1460|Ordinario|16913|1000.00|95
1460|Ordinario|17184|1000.00|95
1460|Ordinario|17252|1000.00|95
1460|Ordinario|17420|1000.00|95
1460|Ordinario|17428|1000.00|95
1460|Ordinario|17497|1000.00|95
1460|Ordinario|18012|1000.00|95
1460|Ordinario|18113|1000.00|95
1460|Ordinario|18161|1000.00|95
1460|Ordinario|18206|1000.00|95
1460|Ordinario|18230|1000.00|95
1460|Ordinario|18230|1000.00|95
1460|Ordinario|18263|1000.00|95
1460|Ordinario|18351|1000.00|95
1460|Ordinario|18474|1000.00|95
1460|Ordinario|18580|1000.00|95
1460|Ordinario|18687|1000.00|95
1460|Ordinario|18701|1000.00|95
1460|Ordinario|18712|1000.00|95
1460|Ordinario|18881|1000.00|95
1460|Ordinario|18938|1000.00|95
1460|Ordinario|19127|1000.00|95
1460|Ordinario|19336|1000.00|95
1460|Ordinario|19377|2000.00|95
1460|Ordinario|19403|1000.00|95
1460|Ordinario|19468|1000.00|95
1460|Ordinario|19548|1000.00|95
1460|Ordinario|19589|1000.00|95
1460|Ordinario|19769|1000.00|95
1460|Ordinario|20019|1000.00|95
1460|Ordinario|20065|1000.00|95
1460|Ordinario|20186|1000.00|95
1460|Ordinario|20212|1000.00|95
1460|Ordinario|20254|1000.00|95
1460|Ordinario|20273|1000.00|95
1460|Ordinario|20359|1000.00|95
1460|Ordinario|20387|1000.00|95
1460|Ordinario|20597|1000.00|95
1460|Ordinario|20744|1000.00|95
1460|Ordinario|20855|1000.00|95
1460|Ordinario|20881|1000.00|95
1460|Ordinario|20928|1000.00|95
1460|Ordinario|21085|1000.00|95
1460|Ordinario|21096|1000.00|95
1460|Ordinario|21215|1000.00|95
1460|Ordinario|21266|1000.00|95
1460|Ordinario|21372|1000.00|95
1460|Ordinario|21376|1000.00|95
1460|Ordinario|21475|1000.00|95
1460|Ordinario|21523|1000.00|95
1460|Ordinario|21548|1000.00|95
1460|Ordinario|21712|1000.00|95
1460|CUARTO|21714|1000.00|95
1460|Ordinario|21816|1000.00|95
1460|Ordinario|22211|1000.00|95
1460|Ordinario|22265|1000.00|95
1460|Ordinario|22399|1000.00|95
1460|Ordinario|22401|1000.00|95
1460|Ordinario|22504|1000.00|95
1460|Ordinario|22667|1000.00|95
1460|Ordinario|22682|1000.00|95
1460|Ordinario|23017|2000.00|95
1460|Ordinario|23213|1000.00|95
1460|Ordinario|23343|1000.00|95
1460|Ordinario|23430|1000.00|95
1460|Ordinario|23475|50000.00|70
1460|Ordinario|23481|2000.00|95
1460|Ordinario|23515|1000.00|95
1460|Ordinario|23521|1000.00|95
1460|Ordinario|23554|1000.00|95
1460|Ordinario|23622|1000.00|95
1460|Ordinario|23679|1000.00|95
1460|Ordinario|23719|1000.00|95
1460|Ordinario|23933|1000.00|95
1460|Ordinario|24155|1000.00|95
1460|Ordinario|24180|1000.00|95
1460|Ordinario|24334|1000.00|95
1460|Ordinario|24411|1000.00|95
1460|Ordinario|24578|1000.00|95
1460|Ordinario|24639|1000.00|95
1460|Ordinario|24654|2000.00|95
1460|Ordinario|24714|1000.00|95
1460|Ordinario|24739|1000.00|95
1460|Ordinario|24742|1000.00|95
1460|Ordinario|24768|1000.00|95
1460|Ordinario|24817|1000.00|95
1460|Ordinario|25129|1000.00|95
1460|Ordinario|25191|1000.00|95
1460|Ordinario|25340|1000.00|95
1460|Ordinario|25447|1000.00|95
1460|Ordinario|25474|1000.00|95
1460|Ordinario|25500|1000.00|95
1460|Ordinario|25549|1000.00|95
1460|Ordinario|25623|1000.00|95
1460|Ordinario|25653|1000.00|95
1460|Ordinario|25702|1000.00|95
1460|Ordinario|25795|1000.00|95
1460|Ordinario|25799|1000.00|95
1460|Ordinario|26105|1000.00|95
1460|Ordinario|26129|1000.00|95
1460|Ordinario|26155|1000.00|95
1460|Ordinario|26209|1000.00|95
1460|Ordinario|26361|1000.00|95
1460|Ordinario|26576|1000.00|95
1460|Ordinario|26622|1000.00|95
1460|Ordinario|26782|1000.00|95
1460|Ordinario|26789|1000.00|95
1460|Ordinario|26796|1000.00|95
1460|Ordinario|26821|1000.00|95
1460|Ordinario|26903|2000.00|95
1460|Ordinario|27071|1000.00|95
1460|Ordinario|27365|1000.00|95
1460|Ordinario|27482|1000.00|95
1460|Ordinario|28077|1000.00|95
1460|Ordinario|28353|1000.00|95
1460|Ordinario|28356|1000.00|95
1460|Ordinario|28379|1000.00|95
1460|Ordinario|28766|1000.00|95
1460|Ordinario|29108|1000.00|95
1460|Ordinario|29138|1000.00|95
1460|Ordinario|29150|1000.00|95
1460|Ordinario|29185|1000.00|95
1460|Ordinario|29235|1000.00|95
1460|Ordinario|29295|2000.00|95
1460|Ordinario|29403|1000.00|95
1460|Ordinario|29490|1000.00|95
1460|Ordinario|29541|1000.00|95
1460|Ordinario|29593|1000.00|95
1460|Ordinario|29598|1000.00|95
1460|Ordinario|29601|1000.00|95
1460|Ordinario|29691|1000.00|95
1460|Ordinario|29766|2000.00|95
1460|Ordinario|29928|1000.00|95
1460|Ordinario|30039|1000.00|95
1460|Ordinario|30058|1000.00|95
1460|Ordinario|30086|1000.00|95
1460|Ordinario|30123|1000.00|95
1460|Ordinario|30232|1000.00|95
1460|Ordinario|30236|1000.00|95
1460|Ordinario|30288|1000.00|95
1460|Ordinario|30342|1000.00|95
1460|Ordinario|30344|1000.00|95
1460|Ordinario|30413|1000.00|95
1460|Ordinario|30414|1000.00|95
1460|QUINTO|30449|20000.00|70
1460|Ordinario|30498|1000.00|95
1460|Ordinario|30512|1000.00|95
1460|Ordinario|30542|1000.00|95
1460|Ordinario|30617|1000.00|95
1460|Ordinario|31006|1000.00|95
1460|Ordinario|31037|1000.00|95
1460|Ordinario|31109|1000.00|95
1460|Ordinario|31226|1000.00|95
1460|Ordinario|31262|1000.00|95
1460|Ordinario|31270|1000.00|95
1460|Ordinario|31294|1000.00|95
1460|Ordinario|31297|1000.00|95
1460|Ordinario|31312|1000.00|95
1460|Ordinario|31346|1000.00|95
1460|Ordinario|31356|1000.00|95
1460|Ordinario|31364|1000.00|95
1460|Ordinario|31391|1000.00|95
1460|Ordinario|31469|1000.00|95
1460|Ordinario|31594|1000.00|95
1460|Ordinario|31617|1000.00|95
1460|Ordinario|31726|1000.00|95
1460|Ordinario|31863|300000.00|70
1460|Ordinario|32071|1000.00|95
1460|Ordinario|32076|1000.00|95
1460|Ordinario|32221|1000.00|95
1460|Ordinario|32230|1000.00|95
1460|Ordinario|32265|3000.00|95
1460|Ordinario|32319|1000.00|95
1460|Ordinario|32425|1000.00|95
1460|Ordinario|32434|3000.00|95
1460|Ordinario|32480|1000.00|95
1460|Ordinario|32569|1000.00|95
1460|Ordinario|32704|1000.00|95
1460|Ordinario|32747|1000.00|95
1460|Ordinario|32758|1000.00|95
1460|Ordinario|32800|1000.00|95
1460|Ordinario|32804|1000.00|95
1460|Ordinario|33041|1000.00|95
1460|Ordinario|33071|1000.00|95
1460|Ordinario|33115|1000.00|95
1460|Ordinario|33321|1000.00|95
1460|Ordinario|33404|1000.00|95
1460|Ordinario|33446|1000.00|95
1460|Ordinario|33451|1000.00|95
1460|Ordinario|33643|1000.00|95
1460|Ordinario|33651|1000.00|95
1460|Ordinario|33654|1000.00|95
1460|Ordinario|33687|1000.00|95
1460|Ordinario|33702|1000.00|95
1460|TERCER|33710|1000.00|95
1460|Ordinario|33761|1000.00|95
1460|Ordinario|33762|1000.00|95
1460|Ordinario|33763|2000.00|95
1460|Ordinario|33764|10000.00|70
1460|Ordinario|33765|2000.00|95
1460|Ordinario|33766|1000.00|95
1460|Ordinario|33767|1000.00|95
1460|Ordinario|33831|1000.00|95
1460|Ordinario|33840|2000.00|95
1460|Ordinario|33853|1000.00|95
1460|Ordinario|33889|1000.00|95
1460|Ordinario|33937|1000.00|95
1460|Ordinario|34030|1000.00|95
1460|Ordinario|34099|1000.00|95
1460|Ordinario|34208|2000.00|95
1460|Ordinario|34209|1000.00|95
1460|Ordinario|34299|1000.00|95
1460|Ordinario|34442|1000.00|95
1460|Ordinario|34544|1000.00|95
1460|Ordinario|34580|1000.00|95
1460|Ordinario|34588|1000.00|95
1460|Ordinario|34599|1000.00|95
1460|Ordinario|34653|1000.00|95
1460|Ordinario|34847|1000.00|95
1460|Ordinario|34869|1000.00|95
1460|Ordinario|34946|1000.00|95
1460|Ordinario|34949|2000.00|95
1460|Ordinario|35094|1000.00|95
1460|Ordinario|35167|1000.00|95
1460|Ordinario|35230|1000.00|95
1460|Ordinario|35314|1000.00|95
1460|Ordinario|35572|1000.00|95
1460|Ordinario|35622|1000.00|95
1460|Ordinario|35631|1000.00|95
1460|Ordinario|35774|1000.00|95
1460|Ordinario|36050|1000.00|95
1460|Ordinario|36176|1000.00|95
1460|Ordinario|36348|1000.00|95
1460|Ordinario|36366|1000.00|95
1460|Ordinario|36469|1000.00|95
1460|Ordinario|36519|1000.00|95
1460|Ordinario|36711|1000.00|95
1460|Ordinario|36725|1000.00|95
1460|Ordinario|36772|1000.00|95
1460|Ordinario|36795|1000.00|95
1460|Ordinario|36813|1000.00|95
1460|Ordinario|36946|1000.00|95
1460|Ordinario|37076|1000.00|95
1460|Ordinario|37083|1000.00|95
1460|Ordinario|37176|1000.00|95
1460|Ordinario|37421|2000.00|95
1460|Ordinario|37423|1000.00|95
1460|Ordinario|37562|1000.00|95
1460|Ordinario|37689|1000.00|95
1460|Ordinario|37770|1000.00|95
1460|Ordinario|38043|1000.00|95
1460|Ordinario|38123|1000.00|95
1460|Ordinario|38166|1000.00|95
1460|Ordinario|38337|1000.00|95
1460|Ordinario|38338|1000.00|95
1460|Ordinario|38555|1000.00|95
1460|Ordinario|38569|1000.00|95
1460|Ordinario|38622|1000.00|95
1460|Ordinario|38663|10000.00|95
1460|Ordinario|38685|1000.00|95
1460|Ordinario|38780|1000.00|95
1460|Ordinario|39003|1000.00|95
1460|Ordinario|39107|1000.00|95
1460|Ordinario|39273|1000.00|95
1460|Ordinario|39346|1000.00|95
1460|Ordinario|39398|1000.00|95
1460|Ordinario|39430|2000.00|95
1460|Ordinario|39509|1000.00|95
1460|Ordinario|39514|1000.00|95
1460|Ordinario|39562|1000.00|95
1460|Ordinario|39603|1000.00|95
1460|MAYOR|39625|1000.00|95
1460|Ordinario|39658|1000.00|95
1460|Ordinario|39754|1000.00|95
1460|Ordinario|39754|1000.00|95
1460|Ordinario|39969|2000.00|95
1460|Ordinario|40013|1000.00|95
1460|Ordinario|40052|1000.00|95
1460|Ordinario|40090|1000.00|95
1460|Ordinario|40129|1000.00|95
1460|Ordinario|40157|1000.00|95
1460|Ordinario|40162|1000.00|95
1460|Ordinario|40188|1000.00|95
1460|Ordinario|40327|1000.00|95
1460|Ordinario|40385|1000.00|95
1460|Ordinario|40387|1000.00|95
1460|Ordinario|40393|1000.00|95
1460|Ordinario|40511|1000.00|95
1460|Ordinario|40621|2000.00|95
1460|Ordinario|40790|50000.00|70
1460|Ordinario|40904|1000.00|95
1460|Ordinario|41030|1000.00|95
1460|Ordinario|41033|1000.00|95
1460|Ordinario|41169|2000.00|95
1460|Ordinario|41180|1000.00|95
1460|Ordinario|41305|1000.00|95
1460|Ordinario|41370|1000.00|95
1460|Ordinario|41487|1000.00|95
1460|Ordinario|41508|1000.00|95
1460|Ordinario|41589|1000.00|95
1460|Ordinario|41695|1000.00|95
1460|Ordinario|41740|1000.00|95
1460|Ordinario|41763|1000.00|95
1460|Ordinario|41778|1000.00|95
1460|Ordinario|42040|1000.00|95
1460|Ordinario|42123|1000.00|95
1460|Ordinario|42241|1000.00|95
1460|Ordinario|42606|1000.00|95
1460|Ordinario|42696|1000.00|95
1460|Ordinario|42767|1000.00|95
1460|Ordinario|42815|1000.00|95
1460|Ordinario|42821|1000.00|95
1460|Ordinario|43083|1000.00|95
1460|Ordinario|43098|1000.00|95
1460|Ordinario|43115|1000.00|95
1460|Ordinario|43125|1000.00|95
1460|Ordinario|43169|1000.00|95
1460|Ordinario|43250|1000.00|95
1460|Ordinario|43366|1000.00|95
1460|Ordinario|43420|1000.00|95
1460|Ordinario|43432|2000.00|95
1460|Ordinario|43461|1000.00|95
1460|Ordinario|43482|1000.00|95
1460|Ordinario|43485|1000.00|95
1460|Ordinario|43499|1000.00|95
1460|Ordinario|43509|1000.00|95
1460|Ordinario|43509|1000.00|95
1460|Ordinario|43546|1000.00|95
1460|Ordinario|43768|1000.00|95
1460|Ordinario|43789|1000.00|95
1460|Ordinario|43888|1000.00|95
1460|Ordinario|43927|1000.00|95
1460|Ordinario|44140|1000.00|95
1460|Ordinario|44173|2000.00|95
1460|Ordinario|44256|1000.00|95
1460|Ordinario|44359|1000.00|95
1460|Ordinario|44550|1000.00|95
1460|Ordinario|44566|1000.00|95
1460|Ordinario|44581|1000.00|95
1460|Ordinario|44603|1000.00|95
1460|Ordinario|44607|1000.00|95
1460|Ordinario|44663|2000.00|95
1460|Ordinario|44667|1000.00|95
1460|Ordinario|44734|1000.00|95
1460|Ordinario|44748|1000.00|95
1460|Ordinario|44787|1000.00|95
1460|Ordinario|45157|1000.00|95
1460|Ordinario|45206|1000.00|95
1460|Ordinario|45230|1000.00|95
1460|Ordinario|45235|1000.00|95
1460|Ordinario|45250|1000.00|95
1460|Ordinario|45376|1000.00|95
1460|Ordinario|45388|1000.00|95
1460|Ordinario|45492|1000.00|95
1460|Ordinario|45503|1000.00|95
1460|Ordinario|45513|1000.00|95
1460|TERCER|45698|1000.00|95
1460|SEGUNDO|46097|1000.00|95
1460|Ordinario|46365|1000.00|95
1460|Ordinario|46502|2000.00|95
1460|Ordinario|46600|1000.00|95
1460|Ordinario|46616|1000.00|95
1460|Ordinario|46673|1000.00|95
1460|Ordinario|46698|1000.00|95
1460|Ordinario|46762|1000.00|95
1460|Ordinario|46805|1000.00|95
1460|Ordinario|46871|1000.00|95
1460|Ordinario|46886|1000.00|95
1460|Ordinario|46887|1000.00|95
1460|Ordinario|47124|1000.00|95
1460|Ordinario|47157|1000.00|95
1460|Ordinario|47262|1000.00|95
1460|Ordinario|47384|1000.00|95
1460|Ordinario|47799|1000.00|95
1460|Ordinario|48015|1000.00|95
1460|Ordinario|48074|1000.00|95
1460|Ordinario|48171|1000.00|95
1460|Ordinario|48175|2000.00|95
1460|Ordinario|48214|1000.00|95
1460|Ordinario|48404|1000.00|95
1460|Ordinario|48415|1000.00|95
1460|Ordinario|48437|1000.00|95
1460|Ordinario|48543|1000.00|95
1460|Ordinario|48545|1000.00|95
1460|Ordinario|48600|1000.00|95
1460|Ordinario|48709|1000.00|95
1460|Ordinario|48735|1000.00|95
1460|Ordinario|48786|1000.00|95
1460|Ordinario|48828|1000.00|95
1460|Ordinario|48829|1000.00|95
1460|Ordinario|48852|1000.00|95
1460|Ordinario|48980|1000.00|95
1460|Ordinario|49020|1000.00|95
1460|Ordinario|49178|1000.00|95
1460|Ordinario|49253|1000.00|95
1460|Ordinario|49315|1000.00|95
1460|MAYOR|49439|1000.00|95
1460|Ordinario|49454|1000.00|95
1460|Ordinario|49503|1000.00|95
1460|Ordinario|49515|1000.00|95
1460|Ordinario|49552|1000.00|95
1460|Ordinario|49552|1000.00|95
1460|Ordinario|49588|1000.00|95
1460|Ordinario|49642|1000.00|95
1460|Ordinario|49685|1000.00|95
1460|Ordinario|49850|1000.00|95
1460|Ordinario|50152|1000.00|95
1460|Ordinario|50155|1000.00|95
1460|Ordinario|50510|1000.00|95
1460|Ordinario|50590|1000.00|95
1460|Ordinario|50594|1000.00|95
1460|Ordinario|50973|2000.00|95
1469|Ordinario|06714|1000.00|95
1469|Ordinario|01049|1000.00|95
1469|Ordinario|06769|2000.00|95
1469|Ordinario|01122|1000.00|95
1469|Ordinario|01147|1000.00|95
1469|Ordinario|01353|10000.00|95
1469|Ordinario|01436|2000.00|95
1469|Ordinario|06875|50000.00|70
1469|Ordinario|01470|1000.00|95
1469|Ordinario|01619|1000.00|95
1469|Ordinario|01667|1000.00|95
1469|Ordinario|01885|1000.00|95
1469|Ordinario|01922|1000.00|95
1469|Ordinario|01955|1000.00|95
1469|Ordinario|07044|1000.00|95
1469|Ordinario|07051|1000.00|95
1469|Ordinario|02024|1000.00|95
1469|Ordinario|07299|2000.00|95
1469|Ordinario|02055|1000.00|95
1469|Ordinario|07570|1000.00|95
1469|Ordinario|02100|1000.00|95
1469|Ordinario|07629|1000.00|95
1469|Ordinario|02204|1000.00|95
1469|Ordinario|07638|1000.00|95
1469|Ordinario|02258|1000.00|95
1469|Ordinario|07751|1000.00|95
1469|Ordinario|02305|1000.00|95
1469|Ordinario|07788|1000.00|95
1469|Ordinario|02367|1000.00|95
1469|Ordinario|07812|1000.00|95
1469|Ordinario|02382|1000.00|95
1469|Ordinario|07868|1000.00|95
1469|Ordinario|02619|1000.00|95
1469|Ordinario|02670|1000.00|95
1469|Ordinario|02780|1000.00|95
1469|Ordinario|08095|1000.00|95
1469|Ordinario|08287|1000.00|95
1469|Ordinario|08333|2000.00|95
1469|Ordinario|03163|1000.00|95
1469|Ordinario|08368|2000.00|95
1469|Ordinario|03181|300000.00|70
1469|Ordinario|08397|1000.00|95
1469|Ordinario|09052|1000.00|95
1469|Ordinario|09066|1000.00|95
1469|Ordinario|09369|1000.00|95
1469|Ordinario|09469|1000.00|95
1469|Ordinario|09633|1000.00|95
1469|Ordinario|09650|1000.00|95
1469|Ordinario|09673|1000.00|95
1469|Ordinario|09721|2000.00|95
1469|Ordinario|03186|1000.00|95
1469|Ordinario|03548|2000.00|95
1469|Ordinario|03586|1000.00|95
1469|Ordinario|03658|1000.00|95
1469|Ordinario|03661|1000.00|95
1469|Ordinario|03698|1000.00|95
1469|Ordinario|03708|1000.00|95
1469|Ordinario|03894|1000.00|95
1469|Ordinario|03941|1000.00|95
1469|Ordinario|09862|2000.00|95
1469|Ordinario|09892|1000.00|95
1469|Ordinario|09895|1000.00|95
1469|Ordinario|10127|1000.00|95
1469|Ordinario|10128|1000.00|95
1469|Ordinario|10135|1000.00|95
1469|Ordinario|10261|1000.00|95
1469|Ordinario|10286|1000.00|95
1469|Ordinario|10322|1000.00|95
1469|Ordinario|04033|1000.00|95
1469|Ordinario|04051|1000.00|95
1469|Ordinario|04081|1000.00|95
1469|Ordinario|04210|1000.00|95
1469|Ordinario|04229|1000.00|95
1469|Ordinario|04270|1000.00|95
1469|Ordinario|04294|1000.00|95
1469|Ordinario|04315|1000.00|95
1469|Ordinario|04323|1000.00|95
1469|Ordinario|04342|1000.00|95
1469|Ordinario|04405|1000.00|95
1469|Ordinario|04500|1000.00|95
1469|Ordinario|04829|1000.00|95
1469|Ordinario|10331|1000.00|95
1469|Ordinario|10555|1000.00|95
1469|Ordinario|10611|1000.00|95
1469|Ordinario|10709|1000.00|95
1469|Ordinario|10783|1000.00|95
1469|Ordinario|10806|1000.00|95
1469|Ordinario|10823|1000.00|95
1469|Ordinario|10839|1000.00|95
1469|Ordinario|10852|1000.00|95
1469|Ordinario|10877|1000.00|95
1469|Ordinario|10972|1000.00|95
1469|Ordinario|11069|1000.00|95
1469|Ordinario|11182|1000.00|95
1469|Ordinario|11260|1000.00|95
1469|Ordinario|05037|50000.00|70
1469|Ordinario|11521|1000.00|95
1469|Ordinario|11583|1000.00|95
1469|Ordinario|11676|1000.00|95
1469|Ordinario|11716|1000.00|95
1469|Ordinario|12089|1000.00|95
1469|Ordinario|12159|1000.00|95
1469|Ordinario|05136|1000.00|95
1469|Ordinario|05280|1000.00|95
1469|Ordinario|12163|1000.00|95
1469|Ordinario|12233|1000.00|95
1469|Ordinario|12333|1000.00|95
1469|Ordinario|12385|1000.00|95
1469|Ordinario|06004|1000.00|95
1469|Ordinario|06012|2000.00|95
1469|Ordinario|06166|1000.00|95
1469|Ordinario|06471|1000.00|95
1469|Ordinario|06478|1000.00|95
1469|Ordinario|06511|1000.00|95
1469|Ordinario|06663|1000.00|95
1469|Ordinario|12452|2000.00|95
1469|Ordinario|12612|1000.00|95
1469|Ordinario|12779|1000.00|95
1469|Ordinario|12876|1000.00|95
1469|MAYOR|12906|1000.00|95
1469|Ordinario|13023|1000.00|95
1469|Ordinario|13085|1000.00|95
1469|Ordinario|13098|1000.00|95
1469|Ordinario|13246|1000.00|95
1469|Ordinario|13458|1000.00|95
1469|Ordinario|13480|1000.00|95
1469|Ordinario|13488|1000.00|95
1469|Ordinario|13578|1000.00|95
1469|Ordinario|13582|1000.00|95
1469|Ordinario|13610|1000.00|95
1469|Ordinario|13919|1000.00|95
1469|Ordinario|14204|1000.00|95
1469|Ordinario|14306|1000.00|95
1469|Ordinario|14344|1000.00|95
1469|Ordinario|14515|1000.00|95
1469|Ordinario|14781|1000.00|95
1469|Ordinario|14836|1000.00|95
1469|Ordinario|14956|1000.00|95
1469|Ordinario|15046|1000.00|95
1469|Ordinario|15155|1000.00|95
1469|Ordinario|15336|1000.00|95
1469|Ordinario|15341|1000.00|95
1469|Ordinario|15361|1000.00|95
1469|Ordinario|15375|1000.00|95
1469|Ordinario|15419|1000.00|95
1469|Ordinario|15551|1000.00|95
1469|Ordinario|15559|2000.00|95
1469|Ordinario|15804|1000.00|95
1469|Ordinario|15843|1000.00|95
1469|Ordinario|15913|1000.00|95
1469|Ordinario|15927|1000.00|95
1469|Ordinario|15945|1000.00|95
1469|Ordinario|15971|1000.00|95
1469|Ordinario|16000|1000.00|95
1469|Ordinario|16050|1000.00|95
1469|Ordinario|16119|1000.00|95
1469|Ordinario|16123|1000.00|95
1469|Ordinario|16127|1000.00|95
1469|Ordinario|16324|1000.00|95
1469|Ordinario|16355|1000.00|95
1469|Ordinario|16357|1000.00|95
1469|Ordinario|16382|1000.00|95
1469|Ordinario|16440|1000.00|95
1469|Ordinario|16488|1000.00|95
1469|Ordinario|16510|1000.00|95
1469|Ordinario|16578|1000.00|95
1469|Ordinario|16583|1000.00|95
1469|Ordinario|16670|1000.00|95
1469|Ordinario|16843|1000.00|95
1469|Ordinario|16894|1000.00|95
1469|Ordinario|16902|1000.00|95
1469|Ordinario|16910|1000.00|95
1469|Ordinario|16926|1000.00|95
1469|Ordinario|16961|1000.00|95
1469|Ordinario|17211|1000.00|95
1469|Ordinario|17278|1000.00|95
1469|Ordinario|17607|1000.00|95
1469|TERCER|18104|1000.00|95
1469|Ordinario|18153|1000.00|95
1469|Ordinario|18173|2000.00|95
1469|Ordinario|18179|1000.00|95
1469|Ordinario|18182|1000.00|95
1469|Ordinario|18354|1000.00|95
1469|Ordinario|18375|1000.00|95
1469|Ordinario|18584|1000.00|95
1469|Ordinario|18586|1000.00|95
1469|Ordinario|18600|2000.00|95
1469|Ordinario|18646|1000.00|95
1469|Ordinario|18686|1000.00|95
1469|Ordinario|18744|1000.00|95
1469|Ordinario|18795|1000.00|95
1469|Ordinario|19024|1000.00|95
1469|Ordinario|19040|1000.00|95
1469|Ordinario|19055|3000.00|95
1469|Ordinario|19118|1000.00|95
1469|TERCER|19147|1000.00|95
1469|Ordinario|19231|1000.00|95
1469|Ordinario|19280|1000.00|95
1469|Ordinario|19323|1000.00|95
1469|Ordinario|19345|1000.00|95
1469|Ordinario|19405|1000.00|95
1469|Ordinario|19441|1000.00|95
1469|Ordinario|19491|1000.00|95
1469|Ordinario|19517|1000.00|95
1469|Ordinario|19520|1000.00|95
1469|Ordinario|19557|1000.00|95
1469|Ordinario|19648|1000.00|95
1469|Ordinario|19676|1000.00|95
1469|Ordinario|19790|1000.00|95
1469|Ordinario|20054|1000.00|95
1469|Ordinario|20103|1000.00|95
1469|Ordinario|20154|1000.00|95
1469|Ordinario|20196|1000.00|95
1469|Ordinario|20205|2000.00|95
1469|Ordinario|20329|1000.00|95
1469|Ordinario|20330|1000.00|95
1469|SEGUNDO|20399|25000.00|70
1469|Ordinario|20450|1000.00|95
1469|Ordinario|20468|1000.00|95
1469|Ordinario|20509|2000.00|95
1469|Ordinario|20556|1000.00|95
1469|Ordinario|20661|1000.00|95
1469|Ordinario|20685|1000.00|95
1469|Ordinario|21289|2000.00|95
1469|Ordinario|21345|1000.00|95
1469|Ordinario|21375|1000.00|95
1469|Ordinario|21423|1000.00|95
1469|Ordinario|21617|20000.00|70
1469|Ordinario|21752|1000.00|95
1469|Ordinario|21758|1000.00|95
1469|Ordinario|21772|1000.00|95
1469|Ordinario|21777|1000.00|95
1469|Ordinario|21779|1000.00|95
1469|Ordinario|21836|1000.00|95
1469|Ordinario|21879|1000.00|95
1469|Ordinario|21904|1000.00|95
1469|Ordinario|21928|1000.00|95
1469|Ordinario|22091|1000.00|95
1469|Ordinario|22101|1000.00|95
1469|Ordinario|22158|1000.00|95
1469|Ordinario|22218|1000.00|95
1469|Ordinario|22234|1000.00|95
1469|Ordinario|22286|1000.00|95
1469|Ordinario|22399|1000.00|95
1469|Ordinario|22431|1000.00|95
1469|Ordinario|22465|1000.00|95
1469|Ordinario|22491|3000.00|95
1469|Ordinario|22505|1000.00|95
1469|Ordinario|22652|1000.00|95
1469|Ordinario|22690|1000.00|95
1469|Ordinario|22734|1000.00|95
1469|Ordinario|23048|1000.00|95
1469|Ordinario|23168|1000.00|95
1469|Ordinario|23186|1000.00|95
1469|Ordinario|23218|1000.00|95
1469|Ordinario|23308|1000.00|95
1469|Ordinario|23358|1000.00|95
1469|Ordinario|23481|1000.00|95
1469|Ordinario|23528|1000.00|95
1469|Ordinario|23603|1000.00|95
1469|Ordinario|23678|3000.00|95
1469|Ordinario|23841|1000.00|95
1469|Ordinario|24099|1000.00|95
1469|Ordinario|24121|1000.00|95
1469|Ordinario|24182|1000.00|95
1469|Ordinario|24255|1000.00|95
1469|Ordinario|24440|1000.00|95
1469|Ordinario|24493|1000.00|95
1469|Ordinario|24511|1000.00|95
1469|Ordinario|24565|3000.00|95
1469|Ordinario|24576|1000.00|95
1469|Ordinario|24581|1000.00|95
1469|Ordinario|24680|1000.00|95
1469|Ordinario|24856|1000.00|95
1469|Ordinario|25032|1000.00|95
1469|Ordinario|25047|1000.00|95
1469|Ordinario|25091|1000.00|95
1469|Ordinario|25203|1000.00|95
1469|Ordinario|25464|1000.00|95
1469|Ordinario|25504|1000.00|95
1469|Ordinario|25598|1000.00|95
1469|Ordinario|25699|1000.00|95
1469|Ordinario|25928|1000.00|95
1469|Ordinario|26046|1000.00|95
1469|Ordinario|26063|1000.00|95
1469|Ordinario|26099|1000.00|95
1469|Ordinario|26159|1000.00|95
1469|Ordinario|26201|1000.00|95
1469|Ordinario|26288|1000.00|95
1469|Ordinario|26295|1000.00|95
1469|Ordinario|26311|1000.00|95
1469|Ordinario|26394|1000.00|95
1469|Ordinario|26524|1000.00|95
1469|Ordinario|26567|1000.00|95
1469|Ordinario|26569|1000.00|95
1469|Ordinario|26615|1000.00|95
1469|Ordinario|26676|2000.00|95
1469|Ordinario|26824|1000.00|95
1469|QUINTO|26908|1000.00|95
1469|Ordinario|27027|1000.00|95
1469|Ordinario|27059|1000.00|95
1469|Ordinario|27121|1000.00|95
1469|Ordinario|27141|1000.00|95
1469|Ordinario|27418|1000.00|95
1469|Ordinario|27419|1000.00|95
1469|Ordinario|27466|1000.00|95
1469|Ordinario|27473|1000.00|95
1469|Ordinario|27533|1000.00|95
1469|Ordinario|27619|1000.00|95
1469|Ordinario|27688|1000.00|95
1469|Ordinario|27714|1000.00|95
1469|Ordinario|28056|1000.00|95
1469|Ordinario|28185|1000.00|95
1469|Ordinario|28208|1000.00|95
1469|Ordinario|28210|1000.00|95
1469|Ordinario|28285|1000.00|95
1469|Ordinario|28295|1000.00|95
1469|Ordinario|28304|1000.00|95
1469|Ordinario|28322|1000.00|95
1469|Ordinario|28324|1000.00|95
1469|Ordinario|28516|1000.00|95
1469|Ordinario|28557|1000.00|95
1469|Ordinario|28630|1000.00|95
1469|Ordinario|28665|1000.00|95
1469|Ordinario|28678|1000.00|95
1469|Ordinario|28739|1000.00|95
1469|Ordinario|28773|1000.00|95
1469|Ordinario|28785|1000.00|95
1469|Ordinario|29015|1000.00|95
1469|Ordinario|29188|1000.00|95
1469|Ordinario|29216|2000.00|95
1469|Ordinario|29253|1000.00|95
1469|Ordinario|29274|1000.00|95
1469|Ordinario|29318|1000.00|95
1469|Ordinario|29489|1000.00|95
1469|Ordinario|29536|1000.00|95
1469|Ordinario|29705|1000.00|95
1469|Ordinario|29712|1000.00|95
1469|Ordinario|29762|1000.00|95
1469|Ordinario|29911|1000.00|95
1469|Ordinario|29954|1000.00|95
1469|Ordinario|30048|1000.00|95
1469|Ordinario|30051|1000.00|95
1469|Ordinario|30238|1000.00|95
1469|Ordinario|30252|1000.00|95
1469|Ordinario|30293|1000.00|95
1469|Ordinario|30305|1000.00|95
1469|Ordinario|30538|1000.00|95
1469|Ordinario|30597|1000.00|95
1469|Ordinario|30682|1000.00|95
1469|Ordinario|30784|1000.00|95
1469|Ordinario|30817|1000.00|95
1469|Ordinario|30826|1000.00|95
1469|Ordinario|30870|1000.00|95
1469|Ordinario|30912|1000.00|95
1469|CUARTO|31010|1000.00|95
1469|Ordinario|31017|1000.00|95
1469|Ordinario|31111|1000.00|95
1469|Ordinario|31170|1000.00|95
1469|Ordinario|31198|1000.00|95
1469|Ordinario|31307|2000.00|95
1469|Ordinario|31359|1000.00|95
1469|Ordinario|31362|1000.00|95
1469|Ordinario|31368|1000.00|95
1469|Ordinario|31381|1000.00|95
1469|Ordinario|31402|1000.00|95
1469|Ordinario|31587|1000.00|95
1469|Ordinario|31668|1000.00|95
1469|Ordinario|31758|1000.00|95
1469|Ordinario|31787|1000.00|95
1469|Ordinario|31909|1000.00|95
1469|Ordinario|32061|1000.00|95
1469|Ordinario|32115|1000.00|95
1469|Ordinario|32288|2000.00|95
1469|Ordinario|32302|1000.00|95
1469|Ordinario|32362|1000.00|95
1469|Ordinario|32390|2000.00|95
1469|Ordinario|32478|1000.00|95
1469|Ordinario|32486|1000.00|95
1469|Ordinario|32553|1000.00|95
1469|Ordinario|32596|1000.00|95
1469|Ordinario|32624|1000.00|95
1469|Ordinario|32649|1000.00|95
1469|Ordinario|32693|1000.00|95
1469|Ordinario|32712|1000.00|95
1469|Ordinario|32741|1000.00|95
1469|Ordinario|33040|1000.00|95
1469|Ordinario|33196|1000.00|95
1469|Ordinario|33198|2000.00|95
1469|Ordinario|33208|1000.00|95
1469|Ordinario|33219|1000.00|95
1469|Ordinario|33299|1000.00|95
1469|Ordinario|33328|1000.00|95
1469|Ordinario|33339|1000.00|95
1469|Ordinario|33347|1000.00|95
1469|Ordinario|33477|1000.00|95
1469|Ordinario|33691|1000.00|95
1469|Ordinario|33832|1000.00|95
1469|Ordinario|33838|10000.00|95
1469|Ordinario|33889|1000.00|95
1469|Ordinario|34279|1000.00|95
1469|Ordinario|34354|1000.00|95
1469|Ordinario|34393|1000.00|95
1469|Ordinario|34396|1000.00|95
1469|Ordinario|34540|1000.00|95
1469|Ordinario|34571|1000.00|95
1469|Ordinario|34577|1000.00|95
1469|Ordinario|34615|1000.00|95
1469|Ordinario|34677|1000.00|95
1469|Ordinario|34714|1000.00|95
1469|Ordinario|34716|1000.00|95
1469|Ordinario|34725|1000.00|95
1469|Ordinario|34725|1000.00|95
1469|Ordinario|35044|1000.00|95
1469|Ordinario|35077|1000.00|95
1469|Ordinario|35088|1000.00|95
1469|Ordinario|35128|1000.00|95
1469|Ordinario|35248|1000.00|95
1469|Ordinario|35251|1000.00|95
1469|Ordinario|35308|1000.00|95
1469|Ordinario|35384|1000.00|95
1469|Ordinario|35397|1000.00|95
1469|Ordinario|35543|1000.00|95
1469|Ordinario|35588|1000.00|95
1469|Ordinario|35665|1000.00|95
1469|Ordinario|35706|1000.00|95
1469|Ordinario|35773|1000.00|95
1469|Ordinario|36124|1000.00|95
1469|Ordinario|36161|1000.00|95
1469|Ordinario|36166|1000.00|95
1469|Ordinario|36205|1000.00|95
1469|Ordinario|36215|1000.00|95
1469|Ordinario|36334|25000.00|70
1469|Ordinario|36347|1000.00|95
1469|Ordinario|36396|1000.00|95
1469|Ordinario|36440|1000.00|95
1469|Ordinario|36751|1000.00|95
1469|Ordinario|36791|1000.00|95
1469|Ordinario|36947|1000.00|95
1469|Ordinario|37112|1000.00|95
1469|Ordinario|37145|1000.00|95
1469|Ordinario|37200|1000.00|95
1469|Ordinario|37204|1000.00|95
1469|Ordinario|37245|1000.00|95
1469|Ordinario|37290|1000.00|95
1469|Ordinario|37293|2000.00|95
1469|Ordinario|37342|1000.00|95
1469|Ordinario|37376|1000.00|95
1469|Ordinario|37430|15000.00|95
1469|Ordinario|37488|1000.00|95
1469|Ordinario|37562|1000.00|95
1469|Ordinario|37803|1000.00|95
1469|Ordinario|37878|1000.00|95
1469|Ordinario|37884|1000.00|95
1469|Ordinario|38002|1000.00|95
1469|Ordinario|38058|1000.00|95
1469|Ordinario|38129|1000.00|95
1469|Ordinario|38157|2000.00|95
1469|Ordinario|38167|1000.00|95
1469|Ordinario|38269|1000.00|95
1469|Ordinario|38582|1000.00|95
1469|Ordinario|38599|1000.00|95
1469|Ordinario|38635|1000.00|95
1469|Ordinario|38824|1000.00|95
1469|Ordinario|39171|3000.00|95
1469|Ordinario|39196|1000.00|95
1469|Ordinario|39476|1000.00|95
1469|Ordinario|39527|1000.00|95
1469|Ordinario|39583|1000.00|95
1469|Ordinario|39663|1000.00|95
1469|Ordinario|39732|1000.00|95
1469|Ordinario|39736|1000.00|95
1469|Ordinario|39779|1000.00|95
1469|Ordinario|40114|1000.00|95
1469|Ordinario|40164|1000.00|95
1469|MAYOR|40218|1000.00|95
1469|Ordinario|40261|2000.00|95
1469|Ordinario|40312|1000.00|95
1469|Ordinario|40344|1000.00|95
1469|Ordinario|40398|1000.00|95
1469|Ordinario|40463|1000.00|95
1469|Ordinario|40471|1000.00|95
1469|Ordinario|40535|1000.00|95
1469|Ordinario|40740|1000.00|95
1469|Ordinario|40751|1000.00|95
1469|Ordinario|40779|1000.00|95
1469|Ordinario|40878|1000.00|95
1469|Ordinario|40932|1000.00|95
1469|Ordinario|40933|1000.00|95
1469|Ordinario|40954|1000.00|95
1469|Ordinario|41172|1000.00|95
1469|Ordinario|41225|1000.00|95
1469|Ordinario|41291|1000.00|95
1469|Ordinario|41299|1000.00|95
1469|Ordinario|41345|1000.00|95
1469|Ordinario|41373|1000.00|95
1469|Ordinario|41584|1000.00|95
1469|Ordinario|41611|1000.00|95
1469|Ordinario|41651|1000.00|95
1469|Ordinario|41873|1000.00|95
1469|CUARTO|42004|1000.00|95
1469|Ordinario|42089|1000.00|95
1469|Ordinario|42176|1000.00|95
1469|Ordinario|42205|1000.00|95
1469|Ordinario|42282|1000.00|95
1469|Ordinario|42456|1000.00|95
1469|Ordinario|42476|1000.00|95
1469|Ordinario|42499|1000.00|95
1469|Ordinario|42513|1000.00|95
1469|Ordinario|42522|1000.00|95
1469|Ordinario|42557|1000.00|95
1469|Ordinario|42575|1000.00|95
1469|Ordinario|42714|1000.00|95
1469|Ordinario|42723|1000.00|95
1469|Ordinario|42783|1000.00|95
1469|Ordinario|42839|1000.00|95
1469|Ordinario|42855|1000.00|95
1469|Ordinario|42869|1000.00|95
1469|Ordinario|42909|1000.00|95
1469|Ordinario|43071|1000.00|95
1469|Ordinario|43274|1000.00|95
1469|Ordinario|43558|1000.00|95
1469|Ordinario|43577|1000.00|95
1469|Ordinario|43602|1000.00|95
1469|Ordinario|43617|1000.00|95
1469|Ordinario|43669|1000.00|95
1469|Ordinario|43773|1000.00|95
1469|Ordinario|44027|1000.00|95
1469|Ordinario|44389|1000.00|95
1469|Ordinario|44468|2000.00|95
1469|Ordinario|44517|1000.00|95
1469|Ordinario|44711|1000.00|95
1469|Ordinario|44725|1000.00|95
1469|Ordinario|44756|1000.00|95
1469|Ordinario|44778|1000.00|95
1469|Ordinario|44788|1000.00|95
1469|Ordinario|44820|2000.00|95
1469|Ordinario|44826|1000.00|95
1469|Ordinario|44920|1000.00|95
1469|Ordinario|45025|1000.00|95
1469|Ordinario|45090|1000.00|95
1469|Ordinario|45180|1000.00|95
1469|Ordinario|45186|1000.00|95
1469|Ordinario|45197|1000.00|95
1469|Ordinario|45224|1000.00|95
1469|Ordinario|45260|1000.00|95
1469|Ordinario|45309|1000.00|95
1469|Ordinario|45397|1000.00|95
1469|Ordinario|45406|1000.00|95
1469|Ordinario|45447|1000.00|95
1469|Ordinario|45520|1000.00|95
1469|Ordinario|45597|1000.00|95
1469|Ordinario|45777|1000.00|95
1469|Ordinario|45845|1000.00|95
1469|Ordinario|45851|1000.00|95
1469|Ordinario|45877|2000.00|95
1469|Ordinario|45901|3000.00|95
1469|Ordinario|46164|1000.00|95
1469|Ordinario|46267|1000.00|95
1469|Ordinario|46316|1000.00|95
1469|Ordinario|46326|1000.00|95
1469|Ordinario|46389|1000.00|95
1469|Ordinario|46623|1000.00|95
1469|Ordinario|46659|1000.00|95
1469|Ordinario|46854|2000.00|95
1469|Ordinario|46912|1000.00|95
1469|Ordinario|47050|1000.00|95
1469|Ordinario|47132|1000.00|95
1469|Ordinario|47163|1000.00|95
1469|Ordinario|47305|1000.00|95
1469|Ordinario|47367|2000.00|95
1469|Ordinario|47478|1000.00|95
1469|Ordinario|47560|1000.00|95
1469|Ordinario|47562|1000.00|95
1469|Ordinario|47791|1000.00|95
1469|Ordinario|47847|1000.00|95
1469|Ordinario|47967|1000.00|95
1469|Ordinario|48081|1000.00|95
1469|Ordinario|48098|1000.00|95
1469|Ordinario|48185|1000.00|95
1469|Ordinario|48261|1000.00|95
1469|Ordinario|48383|1000.00|95
1469|Ordinario|48384|1000.00|95
1469|Ordinario|48385|2000.00|95
1469|Ordinario|48386|5250000.00|70
1469|MAYOR|48387|2000.00|95
1469|Ordinario|48388|1000.00|95
1469|Ordinario|48389|1000.00|95
1469|Ordinario|48454|1000.00|95
1469|Ordinario|48471|1000.00|95
1469|Ordinario|48515|1000.00|95
1469|Ordinario|48541|1000.00|95
1469|Ordinario|48701|1000.00|95
1469|Ordinario|49250|1000.00|95
1469|Ordinario|49275|1000.00|95
1469|Ordinario|49301|1000.00|95
1469|Ordinario|49317|1000.00|95
1469|Ordinario|49778|1000.00|95
1469|Ordinario|49841|1000.00|95
1469|Ordinario|50145|2000.00|95
1469|Ordinario|50267|1000.00|95
1469|Ordinario|50286|1000.00|95
1469|Ordinario|50327|2000.00|95
1469|Ordinario|50490|1000.00|95
1469|Ordinario|50508|1000.00|95
1469|Ordinario|50577|1000.00|95
1469|Ordinario|50610|1000.00|95
1469|Ordinario|50650|1000.00|95
1469|Ordinario|50836|1000.00|95
1477|Ordinario|05756|1000.00|95
1477|Ordinario|01022|1000.00|95
1477|Ordinario|05899|1000.00|95
1477|Ordinario|01068|1000.00|95
1477|Ordinario|05958|1000.00|95
1477|Ordinario|01073|1000.00|95
1477|Ordinario|05978|1000.00|95
1477|Ordinario|01142|1000.00|95
1477|Ordinario|01204|1000.00|95
1477|Ordinario|01379|1000.00|95
1477|Ordinario|06037|1000.00|95
1477|Ordinario|01543|1000.00|95
1477|Ordinario|06064|1000.00|95
1477|Ordinario|01590|15000.00|70
1477|Ordinario|06199|1000.00|95
1477|Ordinario|06505|1000.00|95
1477|Ordinario|06575|1000.00|95
1477|Ordinario|06614|1000.00|95
1477|Ordinario|06675|1000.00|95
1477|Ordinario|06777|1000.00|95
1477|Ordinario|06788|1000.00|95
1477|TERCER|06883|1000.00|95
1477|Ordinario|01634||0
1477|Ordinario|01647|1000.00|95
1477|Ordinario|01755|1000.00|95
1477|Ordinario|01810|1000.00|95
1477|Ordinario|06898|300000.00|70
1477|Ordinario|02005|1000.00|95
1477|Ordinario|02059|1000.00|95
1477|Ordinario|02070|1000.00|95
1477|Ordinario|06910|1000.00|95
1477|Ordinario|02120|1000.00|95
1477|Ordinario|06941|1000.00|95
1477|Ordinario|02255|1000.00|95
1477|Ordinario|02285|1000.00|95
1477|Ordinario|02286|1000.00|95
1477|Ordinario|07300|1000.00|95
1477|Ordinario|02316|1000.00|95
1477|Ordinario|07328|1000.00|95
1477|Ordinario|02375|1000.00|95
1477|Ordinario|07381|1000.00|95
1477|Ordinario|02460|1000.00|95
1477|Ordinario|07389|1000.00|95
1477|Ordinario|02577|1000.00|95
1477|Ordinario|07393|1000.00|95
1477|Ordinario|02619|1000.00|95
1477|Ordinario|07611|1000.00|95
1477|Ordinario|02680|1000.00|95
1477|Ordinario|07634|2000.00|95
1477|Ordinario|02729|10000.00|95
1477|Ordinario|07754|1000.00|95
1477|Ordinario|02734|1000.00|95
1477|Ordinario|02761|2000.00|95
1477|Ordinario|02807|1000.00|95
1477|Ordinario|08005|2000.00|95
1477|Ordinario|08367|1000.00|95
1477|Ordinario|08396|1000.00|95
1477|Ordinario|03035|1000.00|95
1477|Ordinario|03043|1000.00|95
1477|Ordinario|03059|1000.00|95
1477|Ordinario|03136|3000.00|95
1477|Ordinario|03219|1000.00|95
1477|Ordinario|03244|1000.00|95
1477|Ordinario|03328|1000.00|95
1477|Ordinario|03403|1000.00|95
1477|Ordinario|03408|1000.00|95
1477|Ordinario|03507|1000.00|95
1477|Ordinario|03548|1000.00|95
1477|Ordinario|03563|1000.00|95
1477|Ordinario|03657|1000.00|95
1477|Ordinario|03807|2000.00|95
1477|Ordinario|03831|1000.00|95
1477|Ordinario|08431|1000.00|95
1477|Ordinario|08435|1000.00|95
1477|Ordinario|08559|1000.00|95
1477|Ordinario|08645|1000.00|95
1477|Ordinario|08700|1000.00|95
1477|Ordinario|08772|1000.00|95
1477|Ordinario|09053|3000.00|95
1477|Ordinario|09198|1000.00|95
1477|Ordinario|09313|1000.00|95
1477|Ordinario|09383|1000.00|95
1477|Ordinario|09410|1000.00|95
1477|Ordinario|09425|1000.00|95
1477|Ordinario|09464|1000.00|95
1477|Ordinario|09544|1000.00|95
1477|Ordinario|09564|1000.00|95
1477|Ordinario|04363|1000.00|95
1477|Ordinario|04477|1000.00|95
1477|Ordinario|04501|1000.00|95
1477|Ordinario|04502|1000.00|95
1477|Ordinario|04511|1000.00|95
1477|Ordinario|04511|1000.00|95
1477|Ordinario|04554|1000.00|95
1477|Ordinario|04589|1000.00|95
1477|Ordinario|04700|1000.00|95
1477|Ordinario|04702|1000.00|95
1477|Ordinario|04715|1000.00|95
1477|Ordinario|04769|1000.00|95
1477|Ordinario|04807|1000.00|95
1477|Ordinario|04854|1000.00|95
1477|Ordinario|05093|1000.00|95
1477|Ordinario|05206|1000.00|95
1477|Ordinario|05260|1000.00|95
1477|Ordinario|05263|1000.00|95
1477|Ordinario|05349|1000.00|95
1477|Ordinario|05414|1000.00|95
1477|Ordinario|05574|1000.00|95
1477|Ordinario|05680|1000.00|95
1477|Ordinario|05738|1000.00|95
1477|Ordinario|05742|1000.00|95
1477|Ordinario|09703|1000.00|95
1477|Ordinario|09722|1000.00|95
1477|Ordinario|09777|1000.00|95
1477|Ordinario|09857|2000.00|95
1477|Ordinario|10030|1000.00|95
1477|Ordinario|10031|1000.00|95
1477|Ordinario|10155|1000.00|95
1477|Ordinario|10301|2000.00|95
1477|Ordinario|10334|1000.00|95
1477|Ordinario|10413|1000.00|95
1477|Ordinario|10445|1000.00|95
1477|Ordinario|10532|1000.00|95
1477|Ordinario|10646|1000.00|95
1477|Ordinario|11066|1000.00|95
1477|Ordinario|11167|1000.00|95
1477|Ordinario|11256|2000.00|95
1477|Ordinario|11284|1000.00|95
1477|Ordinario|11407|1000.00|95
1477|Ordinario|11448|1000.00|95
1477|Ordinario|11449|1000.00|95
1477|Ordinario|11534|1000.00|95
1477|MAYOR|11701|2000.00|95
1477|Ordinario|11786|1000.00|95
1477|Ordinario|11786|1000.00|95
1477|Ordinario|11825|2000.00|95
1477|Ordinario|11861|1000.00|95
1477|Ordinario|11877|1000.00|95
1477|Ordinario|12066|1000.00|95
1477|SEGUNDO|12224|1000.00|95
1477|Ordinario|12347|1000.00|95
1477|Ordinario|12397|15000.00|95
1477|Ordinario|12513|1000.00|95
1477|Ordinario|12724|1000.00|95
1477|Ordinario|13015|1000.00|95
1477|Ordinario|13052|1000.00|95
1477|Ordinario|13063|1000.00|95
1477|Ordinario|13378|1000.00|95
1477|Ordinario|13395|1000.00|95
1477|Ordinario|13408|1000.00|95
1477|Ordinario|13490|1000.00|95
1477|Ordinario|13571|1000.00|95
1477|Ordinario|14128|2000.00|95
1477|Ordinario|14223|1000.00|95
1477|Ordinario|14243|1000.00|95
1477|Ordinario|14292|1000.00|95
1477|Ordinario|14308|1000.00|95
1477|Ordinario|14444|1000.00|95
1477|Ordinario|14587|1000.00|95
1477|Ordinario|14615|1000.00|95
1477|Ordinario|14724|1000.00|95
1477|Ordinario|15008|1000.00|95
1477|Ordinario|15093|1000.00|95
1477|Ordinario|15127|1000.00|95
1477|Ordinario|15178|2000.00|95
1477|Ordinario|15192|1000.00|95
1477|Ordinario|15194|1000.00|95
1477|Ordinario|15213|1000.00|95
1477|Ordinario|15271|1000.00|95
1477|Ordinario|15280||0
1477|Ordinario|15323|1000.00|95
1477|Ordinario|15615|1000.00|95
1477|Ordinario|15626|1000.00|95
1477|Ordinario|15656|1000.00|95
1477|Ordinario|15664|1000.00|95
1477|Ordinario|15695|1000.00|95
1477|Ordinario|15719|1000.00|95
1477|Ordinario|15724|2000.00|95
1477|Ordinario|15736|1000.00|95
1477|Ordinario|15736|1000.00|95
1477|Ordinario|15841|1000.00|95
1477|Ordinario|16006|2000.00|95
1477|Ordinario|16212|1000.00|95
1477|Ordinario|16276|1000.00|95
1477|Ordinario|16341|1000.00|95
1477|Ordinario|16363|1000.00|95
1477|Ordinario|16390|1000.00|95
1477|Ordinario|16400|1000.00|95
1477|Ordinario|16516|1000.00|95
1477|Ordinario|16602|1000.00|95
1477|Ordinario|16725|2000.00|95
1477|Ordinario|16728|1000.00|95
1477|Ordinario|16850|1000.00|95
1477|Ordinario|17101|1000.00|95
1477|Ordinario|17308|1000.00|95
1477|Ordinario|17325|1000.00|95
1477|Ordinario|17373|1000.00|95
1477|Ordinario|17386|1000.00|95
1477|Ordinario|17391|1000.00|95
1477|Ordinario|17451|1000.00|95
1477|Ordinario|17501|1000.00|95
1477|Ordinario|17511|1000.00|95
1477|Ordinario|17553|1000.00|95
1477|Ordinario|17559|1000.00|95
1477|Ordinario|17565|1000.00|95
1477|Ordinario|17833|1000.00|95
1477|Ordinario|17897|1000.00|95
1477|Ordinario|17945|1000.00|95
1477|Ordinario|17953|10000.00|95
1477|Ordinario|18059|1000.00|95
1477|Ordinario|18193|1000.00|95
1477|Ordinario|18295|1000.00|95
1477|Ordinario|18309|1000.00|95
1477|Ordinario|18425|1000.00|95
1477|Ordinario|18541|1000.00|95
1477|Ordinario|18551|1000.00|95
1477|Ordinario|18580|1000.00|95
1477|Ordinario|18644|1000.00|95
1477|Ordinario|18655|1000.00|95
1477|Ordinario|18745|1000.00|95
1477|Ordinario|18802|1000.00|95
1477|Ordinario|19228|1000.00|95
1477|Ordinario|19329|1000.00|95
1477|Ordinario|19338|1000.00|95
1477|Ordinario|19360|1000.00|95
1477|Ordinario|19544|1000.00|95
1477|Ordinario|19709|1000.00|95
1477|Ordinario|19735|1000.00|95
1477|Ordinario|19793|2000.00|95
1477|Ordinario|19802|1000.00|95
1477|Ordinario|19904|1000.00|95
1477|Ordinario|20074|1000.00|95
1477|Ordinario|20104|1000.00|95
1477|Ordinario|20111|1000.00|95
1477|Ordinario|20114|1000.00|95
1477|Ordinario|20166|1000.00|95
1477|Ordinario|20249|1000.00|95
1477|Ordinario|20458|1000.00|95
1477|Ordinario|20513|1000.00|95
1477|Ordinario|20524|1000.00|95
1477|QUINTO|21229|1000.00|95
1477|Ordinario|21285|1000.00|95
1477|Ordinario|21292|1000.00|95
1477|Ordinario|21455|1000.00|95
1477|Ordinario|21505|1000.00|95
1477|Ordinario|21530|1000.00|95
1477|Ordinario|21668|1000.00|95
1477|Ordinario|21729|1000.00|95
1477|Ordinario|21749|1000.00|95
1477|Ordinario|22156|1000.00|95
1477|Ordinario|22163|1000.00|95
1477|Ordinario|22202|1000.00|95
1477|Ordinario|22251|1000.00|95
1477|Ordinario|22359|1000.00|95
1477|Ordinario|22359|1000.00|95
1477|Ordinario|22411|1000.00|95
1477|Ordinario|22511|1000.00|95
1477|Ordinario|22581|2000.00|95
1477|Ordinario|22671|1000.00|95
1477|Ordinario|22678|1000.00|95
1477|Ordinario|22749|1000.00|95
1477|Ordinario|23298|1000.00|95
1477|Ordinario|23489|1000.00|95
1477|Ordinario|23613|1000.00|95
1477|Ordinario|23732|1000.00|95
1477|Ordinario|23776|1000.00|95
1477|Ordinario|23789|1000.00|95
1477|Ordinario|23852|50000.00|70
1477|Ordinario|23909|2000.00|95
1477|Ordinario|24012|1000.00|95
1477|Ordinario|24059|1000.00|95
1477|Ordinario|24093|1000.00|95
1477|Ordinario|24272|1000.00|95
1477|Ordinario|24427|1000.00|95
1477|Ordinario|24547|2000.00|95
1477|Ordinario|24670|1000.00|95
1477|Ordinario|25002|1000.00|95
1477|Ordinario|25118|1000.00|95
1477|Ordinario|25118|1000.00|95
1477|Ordinario|25142|1000.00|95
1477|Ordinario|25410|1000.00|95
1477|Ordinario|25463|1000.00|95
1477|Ordinario|25472|1000.00|95
1477|Ordinario|25556|1000.00|95
1477|Ordinario|25569|1000.00|95
1477|Ordinario|25678|1000.00|95
1477|Ordinario|25696|1000.00|95
1477|Ordinario|25790|1000.00|95
1477|Ordinario|26058|2000.00|95
1477|Ordinario|26158|1000.00|95
1477|Ordinario|26520|1000.00|95
1477|Ordinario|26578|1000.00|95
1477|Ordinario|26716|1000.00|95
1477|Ordinario|26740|1000.00|95
1477|Ordinario|26767|3000.00|95
1477|Ordinario|26844|1000.00|95
1477|Ordinario|26849|1000.00|95
1477|Ordinario|26952|1000.00|95
1477|Ordinario|27069|1000.00|95
1477|Ordinario|27072|1000.00|95
1477|Ordinario|27208|1000.00|95
1477|Ordinario|27349|1000.00|95
1477|Ordinario|27490|1000.00|95
1477|Ordinario|27618|1000.00|95
1477|Ordinario|27692|1000.00|95
1477|Ordinario|27714|1000.00|95
1477|Ordinario|28005|1000.00|95
1477|Ordinario|28025|1000.00|95
1477|Ordinario|28030|1000.00|95
1477|Ordinario|28082|1000.00|95
1477|Ordinario|28115|1000.00|95
1477|Ordinario|28475|1000.00|95
1477|Ordinario|28485|1000.00|95
1477|Ordinario|28562|1000.00|95
1477|Ordinario|28564|1000.00|95
1477|Ordinario|28611|1000.00|95
1477|Ordinario|28670|1000.00|95
1477|Ordinario|28725|1000.00|95
1477|Ordinario|28728|1000.00|95
1477|Ordinario|28734|1000.00|95
1477|Ordinario|28757|1000.00|95
1477|Ordinario|28784|1000.00|95
1477|Ordinario|28853|1000.00|95
1477|Ordinario|28855|3000.00|95
1477|Ordinario|29129|2000.00|95
1477|Ordinario|29194|1000.00|95
1477|Ordinario|29210|1000.00|95
1477|Ordinario|29505|1000.00|95
1477|Ordinario|29517|1000.00|95
1477|Ordinario|29526|1000.00|95
1477|Ordinario|29527|1000.00|95
1477|Ordinario|29723|1000.00|95
1477|Ordinario|29785|1000.00|95
1477|Ordinario|29806|1000.00|95
1477|Ordinario|29854|1000.00|95
1477|Ordinario|29863|1000.00|95
1477|Ordinario|29865|1000.00|95
1477|Ordinario|30037|2000.00|95
1477|Ordinario|30094|1000.00|95
1477|Ordinario|30186|1000.00|95
1477|Ordinario|30308|1000.00|95
1477|Ordinario|30415|1000.00|95
1477|Ordinario|30422|1000.00|95
1477|Ordinario|30524|1000.00|95
1477|Ordinario|30527|2000.00|95
1477|Ordinario|31114|1000.00|95
1477|Ordinario|31312|2000.00|95
1477|Ordinario|31566|1000.00|95
1477|Ordinario|31602|1000.00|95
1477|Ordinario|31622|1000.00|95
1477|Ordinario|31725|1000.00|95
1477|Ordinario|31761|1000.00|95
1477|Ordinario|31819|1000.00|95
1477|Ordinario|31871|1000.00|95
1477|Ordinario|31910|1000.00|95
1477|Ordinario|32178|1000.00|95
1477|Ordinario|32178|1000.00|95
1477|Ordinario|32180|1000.00|95
1477|Ordinario|32203|1000.00|95
1477|Ordinario|32210|1000.00|95
1477|Ordinario|32250|1000.00|95
1477|Ordinario|32289|1000.00|95
1477|Ordinario|32297||0
1477|Ordinario|32342|1000.00|95
1477|Ordinario|32393|1000.00|95
1477|Ordinario|32410|1000.00|95
1477|Ordinario|32471|1000.00|95
1477|Ordinario|32491|1000.00|95
1477|Ordinario|32541|25000.00|70
1477|Ordinario|32622|1000.00|95
1477|Ordinario|32710|1000.00|95
1477|Ordinario|32776|1000.00|95
1477|Ordinario|32785|1000.00|95
1477|Ordinario|32894|1000.00|95
1477|Ordinario|32940|1000.00|95
1477|Ordinario|33007|1000.00|95
1477|Ordinario|33078|1000.00|95
1477|Ordinario|33119|1000.00|95
1477|Ordinario|33301|1000.00|95
1477|Ordinario|33467|1000.00|95
1477|Ordinario|33474|1000.00|95
1477|Ordinario|33507|1000.00|95
1477|Ordinario|33522|2000.00|95
1477|Ordinario|33525|1000.00|95
1477|Ordinario|33555|1000.00|95
1477|Ordinario|33621|1000.00|95
1477|Ordinario|33743|1000.00|95
1477|Ordinario|33858|1000.00|95
1477|Ordinario|34033|1000.00|95
1477|Ordinario|34094|1000.00|95
1477|Ordinario|34099|1000.00|95
1477|Ordinario|34253|1000.00|95
1477|Ordinario|34316|1000.00|95
1477|Ordinario|34332|1000.00|95
1477|Ordinario|34368|1000.00|95
1477|TERCER|34409|1000.00|95
1477|Ordinario|34415|1000.00|95
1477|Ordinario|34515|1000.00|95
1477|Ordinario|34613|1000.00|95
1477|Ordinario|34666|1000.00|95
1477|Ordinario|34680|1000.00|95
1477|Ordinario|34739|1000.00|95
1477|Ordinario|34779|1000.00|95
1477|Ordinario|34864|1000.00|95
1477|Ordinario|34880|1000.00|95
1477|Ordinario|35268|1000.00|95
1477|Ordinario|35273|1000.00|95
1477|Ordinario|35298|1000.00|95
1477|Ordinario|35379|1000.00|95
1477|Ordinario|35382|1000.00|95
1477|Ordinario|35461|1000.00|95
1477|Ordinario|35477|1000.00|95
1477|Ordinario|35499|1000.00|95
1477|Ordinario|35526|1000.00|95
1477|Ordinario|35684|1000.00|95
1477|Ordinario|36171|1000.00|95
1477|Ordinario|36249|1000.00|95
1477|Ordinario|36429|1000.00|95
1477|Ordinario|36478|1000.00|95
1477|Ordinario|36483|1000.00|95
1477|Ordinario|36635|1000.00|95
1477|Ordinario|36650|1000.00|95
1477|Ordinario|36667|1000.00|95
1477|Ordinario|36708|1000.00|95
1477|Ordinario|36722|1000.00|95
1477|Ordinario|36772|1000.00|95
1477|Ordinario|36835|1000.00|95
1477|Ordinario|37011|1000.00|95
1477|Ordinario|37049|1000.00|95
1477|Ordinario|37279|1000.00|95
1477|Ordinario|37369|1000.00|95
1477|Ordinario|37474|1000.00|95
1477|Ordinario|37494|1000.00|95
1477|Ordinario|37522|1000.00|95
1477|Ordinario|37595|1000.00|95
1477|Ordinario|37673|1000.00|95
1477|Ordinario|37693|1000.00|95
1477|Ordinario|37767|1000.00|95
1477|Ordinario|37824|1000.00|95
1477|Ordinario|37833|1000.00|95
1477|Ordinario|38134|1000.00|95
1477|Ordinario|38302|1000.00|95
1477|Ordinario|38317|1000.00|95
1477|Ordinario|38376|1000.00|95
1477|Ordinario|38383|1000.00|95
1477|Ordinario|38593|1000.00|95
1477|Ordinario|38662|1000.00|95
1477|Ordinario|38678|1000.00|95
1477|Ordinario|38695|1000.00|95
1477|Ordinario|38804|1000.00|95
1477|Ordinario|38829|1000.00|95
1477|Ordinario|38831|1000.00|95
1477|Ordinario|38861|1000.00|95
1477|Ordinario|38864|2000.00|95
1477|Ordinario|38868|1000.00|95
1477|Ordinario|38870|1000.00|95
1477|Ordinario|38874|1000.00|95
1477|Ordinario|38875|1000.00|95
1477|Ordinario|38917|1000.00|95
1477|Ordinario|39107|1000.00|95
1477|Ordinario|39173|1000.00|95
1477|Ordinario|39194|1000.00|95
1477|Ordinario|39442|1000.00|95
1477|Ordinario|39488|1000.00|95
1477|Ordinario|39541|1000.00|95
1477|Ordinario|39646|1000.00|95
1477|Ordinario|39652|2000.00|95
1477|Ordinario|39658|1000.00|95
1477|Ordinario|39697|1000.00|95
1477|Ordinario|39747|1000.00|95
1477|Ordinario|39803|1000.00|95
1477|Ordinario|39814|1000.00|95
1477|Ordinario|39830|1000.00|95
1477|Ordinario|40053|1000.00|95
1477|Ordinario|40055|1000.00|95
1477|Ordinario|40087|1000.00|95
1477|MAYOR|40125|1000.00|95
1477|Ordinario|40132|1000.00|95
1477|Ordinario|40135|1000.00|95
1477|Ordinario|40286|1000.00|95
1477|Ordinario|40388|1000.00|95
1477|Ordinario|40419|1000.00|95
1477|Ordinario|40443|1000.00|95
1477|Ordinario|40497|1000.00|95
1477|Ordinario|40803|1000.00|95
1477|Ordinario|40898|1000.00|95
1477|Ordinario|40945|1000.00|95
1477|Ordinario|41005|1000.00|95
1477|Ordinario|41006|3000.00|95
1477|Ordinario|41158|1000.00|95
1477|Ordinario|41339|1000.00|95
1477|Ordinario|41407|1000.00|95
1477|Ordinario|41464|1000.00|95
1477|Ordinario|41882|1000.00|95
1477|Ordinario|41937|1000.00|95
1477|Ordinario|41959|2000.00|95
1477|Ordinario|42012|1000.00|95
1477|Ordinario|42186|1000.00|95
1477|Ordinario|42194|1000.00|95
1477|Ordinario|42416|1000.00|95
1477|CUARTO|42672|1000.00|95
1477|Ordinario|42741|1000.00|95
1477|Ordinario|42797|1000.00|95
1477|Ordinario|42927|2000.00|95
1477|Ordinario|42965|1000.00|95
1477|Ordinario|43054|1000.00|95
1477|Ordinario|43178|1000.00|95
1477|Ordinario|43186|1000.00|95
1477|Ordinario|43187|1000.00|95
1477|CUARTO|43188|2000.00|95
1477|Ordinario|43189|3500000.00|70
1477|Ordinario|43190|2000.00|95
1477|Ordinario|43191|1000.00|95
1477|Ordinario|43192|1000.00|95
1477|Ordinario|43261|1000.00|95
1477|Ordinario|43264|1000.00|95
1477|Ordinario|43334|1000.00|95
1477|Ordinario|43491|1000.00|95
1477|Ordinario|43561|1000.00|95
1477|Ordinario|43612|1000.00|95
1477|Ordinario|43803|1000.00|95
1477|Ordinario|43863|1000.00|95
1477|Ordinario|43879|1000.00|95
1477|Ordinario|44035|1000.00|95
1477|Ordinario|44042|1000.00|95
1477|Ordinario|44137|1000.00|95
1477|Ordinario|44279|1000.00|95
1477|Ordinario|44314|1000.00|95
1477|Ordinario|44449|1000.00|95
1477|Ordinario|44449|1000.00|95
1477|Ordinario|44616|1000.00|95
1477|Ordinario|44621|1000.00|95
1477|Ordinario|44622|1000.00|95
1477|Ordinario|44635|1000.00|95
1477|Ordinario|44637|1000.00|95
1477|Ordinario|44835|1000.00|95
1477|Ordinario|44855|1000.00|95
1477|Ordinario|45113|1000.00|95
1477|Ordinario|45152|1000.00|95
1477|Ordinario|45266|1000.00|95
1477|Ordinario|45318|1000.00|95
1477|Ordinario|45535|1000.00|95
1477|Ordinario|45553|1000.00|95
1477|Ordinario|45567|1000.00|95
1477|Ordinario|45658|1000.00|95
1477|Ordinario|45664|1000.00|95
1477|Ordinario|45665|1000.00|95
1477|Ordinario|45786|1000.00|95
1477|Ordinario|45823|1000.00|95
1477|Ordinario|46158|1000.00|95
1477|Ordinario|46264|1000.00|95
1477|Ordinario|46300|1000.00|95
1477|Ordinario|46312|1000.00|95
1477|Ordinario|46627|1000.00|95
1477|Ordinario|46654|1000.00|95
1477|Ordinario|47106|1000.00|95
1477|Ordinario|47107|1000.00|95
1477|Ordinario|47165|1000.00|95
1477|Ordinario|47270|1000.00|95
1477|Ordinario|47505|1000.00|95
1477|Ordinario|47629|1000.00|95
1477|Ordinario|47655|1000.00|95
1477|Ordinario|47665|1000.00|95
1477|Ordinario|47718|1000.00|95
1477|Ordinario|47842|1000.00|95
1477|Ordinario|48049|1000.00|95
1477|Ordinario|48081|1000.00|95
1477|Ordinario|48232|1000.00|95
1477|Ordinario|48262|1000.00|95
1477|Ordinario|48264|1000.00|95
1477|Ordinario|48307|1000.00|95
1477|Ordinario|48313|1000.00|95
1477|Ordinario|48316|1000.00|95
1477|Ordinario|48319|1000.00|95
1477|Ordinario|48394|3000.00|95
1477|Ordinario|48413|1000.00|95
1477|Ordinario|48593|1000.00|95
1477|Ordinario|48879|1000.00|95
1477|Ordinario|48917|1000.00|95
1477|Ordinario|48956|1000.00|95
1477|MAYOR|49001|1000.00|95
1477|Ordinario|49141|1000.00|95
1477|Ordinario|49170|1000.00|95
1477|Ordinario|49400|1000.00|95
1477|Ordinario|49418|1000.00|95
1477|Ordinario|49447|1000.00|95
1477|Ordinario|50013|1000.00|95
1477|Ordinario|50024|1000.00|95
1477|Ordinario|50066|1000.00|95
1477|Ordinario|50095|1000.00|95
1477|Ordinario|50165|1000.00|95
1477|Ordinario|50177|1000.00|95
1477|Ordinario|50189|1000.00|95
1477|Ordinario|50197|2000.00|95
1477|Ordinario|50229|1000.00|95
1477|Ordinario|50270|1000.00|95
1477|Ordinario|50455|1000.00|95
1477|Ordinario|50485|1000.00|95
1477|Ordinario|50502|1000.00|95
1477|Ordinario|50601|1000.00|95
1477|Ordinario|50605|1000.00|95
1477|Ordinario|50674|2000.00|95
1477|Ordinario|50713|1000.00|95
1477|Ordinario|50785|1000.00|95
1477|Ordinario|50809|1000.00|95
1477|Ordinario|50811|1000.00|95
1477|Ordinario|50823|1000.00|95
1477|Ordinario|50933|1000.00|95
1477|Ordinario|50998|1000.00|95
1660|Ordinario|06273|1200.00|95
1660|Ordinario|01035|1200.00|95
1660|Ordinario|06291|1200.00|95
1660|Ordinario|01105|1200.00|95
1660|Ordinario|06370|3000.00|95
1660|Ordinario|01199|1200.00|95
1660|Ordinario|06378|1200.00|95
1660|Ordinario|01250|1200.00|95
1660|Ordinario|06434|1200.00|95
1660|Ordinario|01260|1200.00|95
1660|Ordinario|06458|3000.00|95
1660|Ordinario|01342|1200.00|95
1660|Ordinario|06462|1200.00|95
1660|Ordinario|01522|1200.00|95
1660|Ordinario|06514|1200.00|95
1660|Ordinario|01566|1200.00|95
1660|Ordinario|06895|1200.00|95
1660|Ordinario|01638|1200.00|95
1660|Ordinario|06977|1200.00|95
1660|Ordinario|01689|1200.00|95
1660|Ordinario|01743|1200.00|95
1660|Ordinario|07008|1200.00|95
1660|Ordinario|01806|1200.00|95
1660|TERCER|07020|1200.00|95
1660|Ordinario|01814|1200.00|95
1660|Ordinario|01935|1200.00|95
1660|Ordinario|02077|1200.00|95
1660|Ordinario|02132|1200.00|95
1660|Ordinario|02169|1200.00|95
1660|Ordinario|07103|50000.00|70
1660|Ordinario|02208|1200.00|95
1660|Ordinario|02257|1200.00|95
1660|Ordinario|02289|1200.00|95
1660|Ordinario|02434|1200.00|95
1660|Ordinario|02467|1200.00|95
1660|Ordinario|02467|1200.00|95
1660|Ordinario|02480|1200.00|95
1660|Ordinario|02567|1200.00|95
1660|Ordinario|02619|1200.00|95
1660|Ordinario|07278|1200.00|95
1660|Ordinario|02767|1200.00|95
1660|Ordinario|07371|1200.00|95
1660|Ordinario|02807|1200.00|95
1660|Ordinario|07436|1200.00|95
1660|Ordinario|02939|2000.00|95
1660|Ordinario|07463|1200.00|95
1660|Ordinario|02962|1200.00|95
1660|Ordinario|07529|1200.00|95
1660|Ordinario|02993|1200.00|95
1660|Ordinario|07628|1200.00|95
1660|Ordinario|07659|1200.00|95
1660|Ordinario|03027|1200.00|95
1660|Ordinario|07670|1200.00|95
1660|Ordinario|03063|1200.00|95
1660|Ordinario|07707|1200.00|95
1660|Ordinario|03123|1200.00|95
1660|Ordinario|07749|1200.00|95
1660|Ordinario|03173|1200.00|95
1660|Ordinario|07780|2000.00|95
1660|Ordinario|03229|1200.00|95
1660|Ordinario|07780|1200.00|95
1660|Ordinario|03237|1200.00|95
1660|Ordinario|07789|1200.00|95
1660|Ordinario|03249|1200.00|95
1660|Ordinario|07801|1200.00|95
1660|Ordinario|03632|1200.00|95
1660|Ordinario|07802|1200.00|95
1660|Ordinario|03695|1200.00|95
1660|Ordinario|07849|1200.00|95
1660|Ordinario|03762|2000.00|95
1660|Ordinario|07876|1200.00|95
1660|Ordinario|03763|1200.00|95
1660|Ordinario|07902|1200.00|95
1660|Ordinario|03765|1200.00|95
1660|Ordinario|07932|1200.00|95
1660|Ordinario|03819|1200.00|95
1660|Ordinario|03959|1200.00|95
1660|Ordinario|08049|1200.00|95
1660|Ordinario|03995|1200.00|95
1660|Ordinario|08228|1200.00|95
1660|Ordinario|08282|1200.00|95
1660|Ordinario|04129|2000.00|95
1660|Ordinario|08294|1200.00|95
1660|Ordinario|04148|1200.00|95
1660|Ordinario|08309|2000.00|95
1660|Ordinario|04239|1200.00|95
1660|Ordinario|08317|1200.00|95
1660|Ordinario|08431|1200.00|95
1660|Ordinario|08436|1200.00|95
1660|CUARTO|04334|25000.00|70
1660|Ordinario|08547|1200.00|95
1660|Ordinario|08624|1200.00|95
1660|Ordinario|08693|1200.00|95
1660|Ordinario|08775|1200.00|95
1660|Ordinario|08857|1200.00|95
1660|Ordinario|08972|1200.00|95
1660|Ordinario|08978|1200.00|95
1660|Ordinario|09009|1200.00|95
1660|Ordinario|04366|1200.00|95
1660|Ordinario|09123|1200.00|95
1660|Ordinario|04390|1200.00|95
1660|Ordinario|09155|1200.00|95
1660|Ordinario|04526|1200.00|95
1660|Ordinario|09267|1200.00|95
1660|Ordinario|04678|1200.00|95
1660|Ordinario|09279|1200.00|95
1660|Ordinario|04725|1200.00|95
1660|Ordinario|09349|3000.00|95
1660|Ordinario|04761|1200.00|95
1660|Ordinario|09589|1200.00|95
1660|Ordinario|04813|1200.00|95
1660|Ordinario|09695|1200.00|95
1660|Ordinario|04884|1200.00|95
1660|Ordinario|09755|1200.00|95
1660|Ordinario|04920|1200.00|95
1660|Ordinario|09796|1200.00|95
1660|Ordinario|04971|1200.00|95
1660|Ordinario|09941|1200.00|95
1660|Ordinario|09975|1200.00|95
1660|Ordinario|05042|1200.00|95
1660|Ordinario|05119|1200.00|95
1660|Ordinario|10096|1200.00|95
1660|Ordinario|05319|1200.00|95
1660|Ordinario|10196|1200.00|95
1660|Ordinario|05396|1200.00|95
1660|Ordinario|10197|1200.00|95
1660|Ordinario|05427|1200.00|95
1660|Ordinario|10237|1200.00|95
1660|Ordinario|05516|1200.00|95
1660|Ordinario|10262|1200.00|95
1660|Ordinario|05521|1200.00|95
1660|Ordinario|10264|1200.00|95
1660|Ordinario|05596|1200.00|95
1660|Ordinario|10421|1200.00|95
1660|Ordinario|05661|1200.00|95
1660|Ordinario|10557|1200.00|95
1660|Ordinario|05860|2000.00|95
1660|Ordinario|10569|1200.00|95
1660|Ordinario|10615|1200.00|95
1660|Ordinario|06064|1200.00|95
1660|Ordinario|10627|1200.00|95
1660|Ordinario|06210|1200.00|95
1660|Ordinario|10643|1200.00|95
1660|Ordinario|06248|1200.00|95
1660|MAYOR|10758|1200.00|95
1660|Ordinario|10849|1200.00|95
1660|Ordinario|10875|1200.00|95
1660|Ordinario|10880|1200.00|95
1660|Ordinario|10957|1200.00|95
1660|Ordinario|11019|1200.00|95
1660|Ordinario|11095|1200.00|95
1660|Ordinario|11096|1200.00|95
1660|Ordinario|11489|3000.00|95
1660|Ordinario|11545|1200.00|95
1660|Ordinario|11648|1200.00|95
1660|Ordinario|12035|1200.00|95
1660|Ordinario|12071|1200.00|95
1660|Ordinario|12180|2000.00|95
1660|Ordinario|12294|1200.00|95
1660|Ordinario|12299||0
1660|Ordinario|12312|1200.00|95
1660|Ordinario|12474|1200.00|95
1660|Ordinario|12582|1200.00|95
1660|Ordinario|12770|1200.00|95
1660|Ordinario|12866|1200.00|95
1660|Ordinario|12923|1200.00|95
1660|Ordinario|12925|1200.00|95
1660|Ordinario|12999|1200.00|95
1660|Ordinario|13178|1200.00|95
1660|Ordinario|13269|1200.00|95
1660|Ordinario|13277|1200.00|95
1660|Ordinario|13355|1200.00|95
1660|Ordinario|13382|2000.00|95
1660|Ordinario|13422|1200.00|95
1660|Ordinario|13436|1200.00|95
1660|Ordinario|13599|1200.00|95
1660|Ordinario|13769|1200.00|95
1660|Ordinario|13833|1200.00|95
1660|Ordinario|13899|1200.00|95
1660|Ordinario|13936|1200.00|95
1660|Ordinario|14019|1200.00|95
1660|Ordinario|14118|1200.00|95
1660|Ordinario|14158|1200.00|95
1660|Ordinario|14291|1200.00|95
1660|Ordinario|14430|1200.00|95
1660|Ordinario|14535|1200.00|95
1660|Ordinario|14582|1200.00|95
1660|Ordinario|14590|2000.00|95
1660|Ordinario|14825|1200.00|95
1660|Ordinario|14913|1200.00|95
1660|Ordinario|14979|1200.00|95
1660|Ordinario|14997|1200.00|95
1660|Ordinario|14999|1200.00|95
1660|Ordinario|15090|1200.00|95
1660|Ordinario|15121|1200.00|95
1660|Ordinario|15299|1200.00|95
1660|Ordinario|15388|1200.00|95
1660|Ordinario|15390|1200.00|95
1660|Ordinario|15406|1200.00|95
1660|Ordinario|15424|1200.00|95
1660|Ordinario|15597|1200.00|95
1660|Ordinario|15622|1200.00|95
1660|Ordinario|15676|1200.00|95
1660|Ordinario|15894|1200.00|95
1660|Ordinario|15988|1200.00|95
1660|Ordinario|16094|1200.00|95
1660|Ordinario|16099|1200.00|95
1660|Ordinario|16486|1200.00|95
1660|Ordinario|16636|1200.00|95
1660|Ordinario|16994|1200.00|95
1660|Ordinario|17145|2000.00|95
1660|Ordinario|17209|2000.00|95
1660|Ordinario|17450|1200.00|95
1660|Ordinario|17572|1200.00|95
1660|Ordinario|17585|1200.00|95
1660|Ordinario|17772|1200.00|95
1660|Ordinario|17783|1200.00|95
1660|Ordinario|17796|1200.00|95
1660|Ordinario|17849|1200.00|95
1660|Ordinario|17855|1200.00|95
1660|Ordinario|17909|1200.00|95
1660|Ordinario|18015|1200.00|95
1660|Ordinario|18049|1200.00|95
1660|Ordinario|18256|1200.00|95
1660|Ordinario|18286|1200.00|95
1660|Ordinario|18389|1200.00|95
1660|Ordinario|18400|1200.00|95
1660|Ordinario|18628|1200.00|95
1660|Ordinario|18632|1200.00|95
1660|Ordinario|18715|1200.00|95
1660|Ordinario|18873|1200.00|95
1660|Ordinario|18928|1200.00|95
1660|Ordinario|18968|1200.00|95
1660|Ordinario|19199|1200.00|95
1660|Ordinario|19235|2000.00|95
1660|Ordinario|19283|1200.00|95
1660|Ordinario|19396|1200.00|95
1660|Ordinario|19428|1200.00|95
1660|Ordinario|19463|1200.00|95
1660|Ordinario|19510|2000.00|95
1660|Ordinario|19531|1200.00|95
1660|Ordinario|19536|1200.00|95
1660|Ordinario|19567|1200.00|95
1660|Ordinario|19799|1200.00|95
1660|Ordinario|19896|1200.00|95
1660|Ordinario|19941|1200.00|95
1660|Ordinario|20021|1200.00|95
1660|Ordinario|20048|1200.00|95
1660|Ordinario|20060|1200.00|95
1660|Ordinario|20069|1200.00|95
1660|Ordinario|20182|2000.00|95
1660|Ordinario|20277|1200.00|95
1660|Ordinario|20352|1200.00|95
1660|Ordinario|20493|1200.00|95
1660|Ordinario|20498|1200.00|95
1660|Ordinario|20559|1200.00|95
1660|Ordinario|20730|1000.00|95
1660|Ordinario|20731|1000.00|95
1660|Ordinario|20732|2000.00|95
1660|MAYOR|20733|5000000.00|70
1660|Ordinario|20734|2000.00|95
1660|Ordinario|20735|1000.00|95
1660|Ordinario|20736|1000.00|95
1660|Ordinario|20797|1200.00|95
1660|Ordinario|20826|1200.00|95
1660|Ordinario|20837|1200.00|95
1660|Ordinario|20973|1200.00|95
1660|Ordinario|21023|1200.00|95
1660|Ordinario|21118|1200.00|95
1660|Ordinario|21238|1200.00|95
1660|Ordinario|21347|1200.00|95
1660|Ordinario|21429|1200.00|95
1660|Ordinario|21466|1200.00|95
1660|Ordinario|21595|1200.00|95
1660|Ordinario|21619|1200.00|95
1660|Ordinario|21834|1200.00|95
1660|Ordinario|21874|1200.00|95
1660|Ordinario|21905|1200.00|95
1660|Ordinario|21918|1200.00|95
1660|Ordinario|21918|1200.00|95
1660|Ordinario|22049|1200.00|95
1660|Ordinario|22061|1200.00|95
1660|Ordinario|22169|1200.00|95
1660|Ordinario|22215|1200.00|95
1660|Ordinario|22280|2000.00|95
1660|Ordinario|22345|1200.00|95
1660|Ordinario|29066|1200.00|95
1660|Ordinario|22377|1200.00|95
1660|SEGUNDO|29099|1200.00|95
1660|Ordinario|22536|1200.00|95
1660|Ordinario|22684|1200.00|95
1660|Ordinario|22725|1200.00|95
1660|Ordinario|29149|400000.00|70
1660|Ordinario|22765|1200.00|95
1660|Ordinario|22769|1200.00|95
1660|Ordinario|22918|1200.00|95
1660|Ordinario|22992|1200.00|95
1660|Ordinario|23141|1200.00|95
1660|Ordinario|23240|2000.00|95
1660|Ordinario|23293|1200.00|95
1660|Ordinario|23405|1200.00|95
1660|Ordinario|23422|1200.00|95
1660|Ordinario|23724|1200.00|95
1660|Ordinario|23912|1200.00|95
1660|Ordinario|23925|1200.00|95
1660|Ordinario|24135|1200.00|95
1660|Ordinario|24185|1200.00|95
1660|Ordinario|29374|1200.00|95
1660|Ordinario|24197|2000.00|95
1660|Ordinario|29491|1200.00|95
1660|Ordinario|24290|1200.00|95
1660|Ordinario|29541|1200.00|95
1660|Ordinario|24360|10000.00|95
1660|Ordinario|29699|1200.00|95
1660|Ordinario|24364|1200.00|95
1660|Ordinario|29783|1200.00|95
1660|Ordinario|24378|1200.00|95
1660|Ordinario|29818|1200.00|95
1660|Ordinario|24429|1200.00|95
1660|Ordinario|29866|1200.00|95
1660|Ordinario|24531|1200.00|95
1660|Ordinario|29918|1200.00|95
1660|Ordinario|24563|1200.00|95
1660|Ordinario|24738|1200.00|95
1660|Ordinario|24856|2000.00|95
1660|Ordinario|24981|2000.00|95
1660|Ordinario|25014|1200.00|95
1660|Ordinario|25084|1200.00|95
1660|Ordinario|25101|1200.00|95
1660|Ordinario|25246|1200.00|95
1660|Ordinario|25271|1200.00|95
1660|Ordinario|25296|1200.00|95
1660|Ordinario|25448|1200.00|95
1660|Ordinario|25449|1200.00|95
1660|Ordinario|25640|1200.00|95
1660|Ordinario|25791|1200.00|95
1660|Ordinario|25928|1200.00|95
1660|Ordinario|25972|1200.00|95
1660|Ordinario|26024|1200.00|95
1660|Ordinario|26045|1200.00|95
1660|Ordinario|29960|1200.00|95
1660|Ordinario|30143|1200.00|95
1660|Ordinario|30197|1200.00|95
1660|Ordinario|30216|1200.00|95
1660|Ordinario|30244|1200.00|95
1660|Ordinario|30282|1200.00|95
1660|Ordinario|30359|1200.00|95
1660|Ordinario|30445|1200.00|95
1660|Ordinario|30499|1200.00|95
1660|Ordinario|30529|2000.00|95
1660|Ordinario|30544|1200.00|95
1660|Ordinario|30561|1200.00|95
1660|Ordinario|30592|1200.00|95
1660|Ordinario|30599|1200.00|95
1660|Ordinario|30699|1200.00|95
1660|Ordinario|30736|1200.00|95
1660|Ordinario|30784|1200.00|95
1660|Ordinario|30846|1200.00|95
1660|Ordinario|30969|1200.00|95
1660|Ordinario|26082|1200.00|95
1660|Ordinario|31039|1200.00|95
1660|Ordinario|26266|1200.00|95
1660|Ordinario|31050|1200.00|95
1660|Ordinario|26282|1200.00|95
1660|Ordinario|31084|1200.00|95
1660|Ordinario|26292|1200.00|95
1660|Ordinario|31087|2000.00|95
1660|Ordinario|26357|1200.00|95
1660|Ordinario|31099|1200.00|95
1660|Ordinario|26489|1200.00|95
1660|Ordinario|31172|1200.00|95
1660|Ordinario|26520|1200.00|95
1660|Ordinario|31222|1200.00|95
1660|Ordinario|26574|1200.00|95
1660|Ordinario|31342|1200.00|95
1660|Ordinario|26610|15000.00|95
1660|Ordinario|26711|1200.00|95
1660|Ordinario|26793|1200.00|95
1660|Ordinario|27000|1200.00|95
1660|Ordinario|27218|1200.00|95
1660|Ordinario|27256|1200.00|95
1660|Ordinario|27302|1200.00|95
1660|Ordinario|27327|2000.00|95
1660|Ordinario|27331|1200.00|95
1660|Ordinario|27357|1200.00|95
1660|Ordinario|27382|2000.00|95
1660|Ordinario|27397|1200.00|95
1660|Ordinario|31407|3000.00|95
1660|Ordinario|31468|1200.00|95
1660|Ordinario|31662|1200.00|95
1660|Ordinario|31788|1200.00|95
1660|Ordinario|31845|1200.00|95
1660|Ordinario|31857|1200.00|95
1660|Ordinario|31992|1200.00|95
1660|Ordinario|32033|1200.00|95
1660|Ordinario|32292|1200.00|95
1660|Ordinario|32319|2000.00|95
1660|Ordinario|32377|1200.00|95
1660|Ordinario|32424|1200.00|95
1660|Ordinario|32514|1200.00|95
1660|Ordinario|27463|1200.00|95
1660|Ordinario|32531|1200.00|95
1660|Ordinario|27605|1200.00|95
1660|Ordinario|32535|2000.00|95
1660|Ordinario|27685|1200.00|95
1660|Ordinario|32620|1200.00|95
1660|Ordinario|27871|1200.00|95
1660|Ordinario|32669|1200.00|95
1660|Ordinario|27872|1200.00|95
1660|Ordinario|32678|1200.00|95
1660|Ordinario|27918|1200.00|95
1660|Ordinario|32727|1200.00|95
1660|Ordinario|32807|1200.00|95
1660|Ordinario|28040|1200.00|95
1660|Ordinario|32907|2000.00|95
1660|Ordinario|28224|1200.00|95
1660|Ordinario|32971|1200.00|95
1660|Ordinario|28242|1200.00|95
1660|Ordinario|28262|1200.00|95
1660|Ordinario|33088|1200.00|95
1660|Ordinario|28618|1200.00|95
1660|Ordinario|33121|1200.00|95
1660|Ordinario|28845|1200.00|95
1660|Ordinario|33187|1200.00|95
1660|Ordinario|28952|1200.00|95
1660|Ordinario|33202|1200.00|95
1660|Ordinario|28958|1200.00|95
1660|Ordinario|33227|1200.00|95
1660|Ordinario|28988|1200.00|95
1660|Ordinario|33264|1200.00|95
1660|Ordinario|33377|1200.00|95
1660|Ordinario|33500|1200.00|95
1660|Ordinario|33663|1200.00|95
1660|Ordinario|33679|1200.00|95
1660|Ordinario|33809|1200.00|95
1660|Ordinario|33909|1200.00|95
1660|Ordinario|33921|1200.00|95
1660|Ordinario|34019|1200.00|95
1660|Ordinario|34079|1200.00|95
1660|Ordinario|34228|1200.00|95
1660|Ordinario|34422|1200.00|95
1660|Ordinario|34434|1200.00|95
1660|Ordinario|34459|1200.00|95
1660|Ordinario|34469|1200.00|95
1660|Ordinario|34493|1200.00|95
1660|Ordinario|34588|1200.00|95
1660|Ordinario|34750|1200.00|95
1660|Ordinario|34771|1200.00|95
1660|Ordinario|34794|1200.00|95
1660|Ordinario|34918|1200.00|95
1660|Ordinario|34955|1200.00|95
1660|Ordinario|35078|1200.00|95
1660|Ordinario|35103|1200.00|95
1660|Ordinario|35177|1200.00|95
1660|Ordinario|35178|1200.00|95
1660|Ordinario|35229|2000.00|95
1660|Ordinario|35244|1200.00|95
1660|Ordinario|35362|1200.00|95
1660|Ordinario|35412|1200.00|95
1660|Ordinario|35429|1200.00|95
1660|TERCER|35496|2000.00|95
1660|Ordinario|35529|50000.00|70
1660|Ordinario|35679|1200.00|95
1660|Ordinario|35795|1200.00|95
1660|Ordinario|35832|1200.00|95
1660|Ordinario|35894|1200.00|95
1660|Ordinario|35913|10000.00|95
1660|Ordinario|35928|1200.00|95
1660|Ordinario|36011|1200.00|95
1660|Ordinario|36122|1200.00|95
1660|Ordinario|36296|2000.00|95
1660|Ordinario|36335|1200.00|95
1660|Ordinario|36342|1200.00|95
1660|Ordinario|36462|1200.00|95
1660|Ordinario|36680|1200.00|95
1660|Ordinario|36734|1200.00|95
1660|Ordinario|36769|1200.00|95
1660|Ordinario|36839|1200.00|95
1660|Ordinario|36908|1200.00|95
1660|Ordinario|36931|1200.00|95
1660|Ordinario|36965|1200.00|95
1660|Ordinario|36990|1200.00|95
1660|Ordinario|37021|1200.00|95
1660|Ordinario|37108|1200.00|95
1660|Ordinario|37580|1200.00|95
1660|Ordinario|37846|1200.00|95
1660|Ordinario|37861|1200.00|95
1660|Ordinario|37862|1200.00|95
1660|Ordinario|38089|1200.00|95
1660|Ordinario|38092|1200.00|95
1660|Ordinario|38184|1200.00|95
1660|Ordinario|38186|1200.00|95
1660|Ordinario|38252|1200.00|95
1660|Ordinario|38319|1200.00|95
1660|Ordinario|38368|1200.00|95
1660|Ordinario|38409|1200.00|95
1660|Ordinario|38706|1200.00|95
1660|Ordinario|38760|1200.00|95
1660|Ordinario|38773|1200.00|95
1660|Ordinario|38849|1200.00|95
1660|Ordinario|38897|1200.00|95
1660|Ordinario|38921|1200.00|95
1660|MAYOR|38988|1200.00|95
1660|Ordinario|39061|1200.00|95
1660|Ordinario|39249|1200.00|95
1660|Ordinario|39494|1200.00|95
1660|Ordinario|39497|1200.00|95
1660|Ordinario|39522||0
1660|Ordinario|39634|2000.00|95
1660|Ordinario|39655|1200.00|95
1660|Ordinario|39668|1200.00|95
1660|Ordinario|39804|1200.00|95
1660|Ordinario|39851|1200.00|95
1660|Ordinario|39878|1200.00|95
1660|Ordinario|39908|1200.00|95
1660|Ordinario|39940|1200.00|95
1660|Ordinario|40039|1200.00|95
1660|Ordinario|40196|1200.00|95
1660|Ordinario|40257|1200.00|95
1660|Ordinario|40385|1200.00|95
1660|Ordinario|40398|1200.00|95
1660|Ordinario|40591|1200.00|95
1660|Ordinario|40655|1200.00|95
1660|QUINTO|40933|2000.00|95
1660|Ordinario|40979||0
1660|CUARTO|41066|25000.00|70
1660|Ordinario|41069|1200.00|95
1660|Ordinario|41099|1200.00|95
1660|Ordinario|41189|1200.00|95
1660|Ordinario|41199|1200.00|95
1660|Ordinario|41492|1200.00|95
1660|Ordinario|41538|1200.00|95
1660|Ordinario|41696|1200.00|95
1660|Ordinario|41840|1200.00|95
1660|Ordinario|41899|1200.00|95
1660|Ordinario|41996|1200.00|95
1660|Ordinario|42083|1200.00|95
1660|Ordinario|42089|3000.00|95
1660|Ordinario|42098|1200.00|95
1660|Ordinario|42136|1200.00|95
1660|Ordinario|42199|1200.00|95
1660|Ordinario|42287|1200.00|95
1660|Ordinario|42288|1200.00|95
1660|Ordinario|42385|1200.00|95
1660|Ordinario|42391|1200.00|95
1660|Ordinario|42480|1200.00|95
1660|Ordinario|42510|1200.00|95
1660|Ordinario|42519|1200.00|95
1660|Ordinario|42643|1200.00|95
1660|Ordinario|42806|1200.00|95
1660|Ordinario|42846|1200.00|95
1660|Ordinario|42868|1200.00|95
1660|Ordinario|42881|1200.00|95
1660|Ordinario|42925|1200.00|95
1660|Ordinario|42970|1200.00|95
1660|Ordinario|43410|1200.00|95
1660|Ordinario|43492|1200.00|95
1660|Ordinario|43529|1200.00|95
1660|Ordinario|43635|1200.00|95
1660|Ordinario|43825|1200.00|95
1660|Ordinario|43860|1200.00|95
1660|Ordinario|43928|1200.00|95
1660|Ordinario|44056|1200.00|95
1660|Ordinario|44292|1200.00|95
1660|Ordinario|44297|1200.00|95
1660|Ordinario|44314|1200.00|95
1660|Ordinario|44314|1200.00|95
1660|Ordinario|44492|1200.00|95
1660|Ordinario|44499|1200.00|95
1660|Ordinario|44614|1200.00|95
1660|Ordinario|44771|1200.00|95
1660|Ordinario|44774|1200.00|95
1660|Ordinario|44920|1200.00|95
1660|Ordinario|44968|2000.00|95
1660|Ordinario|44989|1200.00|95
1660|Ordinario|45035|1200.00|95
1660|Ordinario|45466|1200.00|95
1660|Ordinario|45469|1200.00|95
1660|Ordinario|45530|1200.00|95
1660|Ordinario|45573|1200.00|95
1660|Ordinario|45774|1200.00|95
1660|Ordinario|45830|1200.00|95
1660|Ordinario|45869|1200.00|95
1660|Ordinario|45904|1200.00|95
1660|Ordinario|45922|1200.00|95
1660|Ordinario|45945|1200.00|95
1660|Ordinario|45969|1200.00|95
1660|Ordinario|45984|1200.00|95
1660|Ordinario|45998|1200.00|95
1660|Ordinario|46006|1200.00|95
1660|Ordinario|46198|1200.00|95
1660|Ordinario|46229|1200.00|95
1660|Ordinario|46344|1200.00|95
1660|Ordinario|46492|1200.00|95
1660|Ordinario|46529|1200.00|95
1660|Ordinario|46662|1200.00|95
1660|Ordinario|46669|1200.00|95
1660|Ordinario|46690|1200.00|95
1660|Ordinario|46889|3000.00|95
1660|Ordinario|46892|1200.00|95
1660|Ordinario|46901|1200.00|95
1660|Ordinario|46922|1200.00|95
1660|Ordinario|46947|1200.00|95
1660|Ordinario|46966|1200.00|95
1660|Ordinario|47043|1200.00|95
1660|Ordinario|47083|1200.00|95
1660|Ordinario|47169|1200.00|95
1660|Ordinario|47268|1200.00|95
1660|Ordinario|47394|1200.00|95
1660|Ordinario|47401|1200.00|95
1660|Ordinario|47437|1200.00|95
1660|Ordinario|47462|1200.00|95
1660|Ordinario|47581|1200.00|95
1660|Ordinario|47680|1200.00|95
1660|Ordinario|47760|1200.00|95
1660|Ordinario|47846|1200.00|95
1660|Ordinario|47875|1200.00|95
1660|Ordinario|47898|1200.00|95
1660|Ordinario|47910|1200.00|95
1660|Ordinario|47933|1200.00|95
1660|Ordinario|47974|1200.00|95
1660|Ordinario|48016|1200.00|95
1660|Ordinario|48125|1200.00|95
1660|Ordinario|48163|1200.00|95
1660|Ordinario|48202|1200.00|95
1660|Ordinario|48301|1200.00|95
1660|Ordinario|48334|1200.00|95
1660|Ordinario|48390|1200.00|95
1660|Ordinario|48466|1200.00|95
1660|Ordinario|48528|1200.00|95
1660|Ordinario|48744|1200.00|95
1660|Ordinario|48904|2000.00|95
1660|Ordinario|48942|1200.00|95
1660|Ordinario|48948|1200.00|95
1660|Ordinario|48967|1200.00|95
1660|Ordinario|48980|1200.00|95
1660|Ordinario|49029|1200.00|95
1660|Ordinario|49228|1200.00|95
1660|Ordinario|49236|1200.00|95
1660|Ordinario|49249|1200.00|95
1660|Ordinario|49279|1200.00|95
1660|Ordinario|49312|2000.00|95
1660|Ordinario|49319|1200.00|95
1660|Ordinario|49605|1200.00|95
1660|Ordinario|49825|1200.00|95
1660|Ordinario|49942|1200.00|95
1660|Ordinario|50193|2000.00|95
1660|Ordinario|50233|1200.00|95
1660|Ordinario|50526|1200.00|95
1660|Ordinario|50629|1200.00|95
1660|Ordinario|50685|1200.00|95
1660|Ordinario|50707|1200.00|95
1660|Ordinario|50734|1200.00|95
1660|Ordinario|50763|1200.00|95
1660|Ordinario|50764|1200.00|95
1660|Ordinario|50840|1200.00|95
1660|Ordinario|50906|1200.00|95
1660|Ordinario|50911|1200.00|95
1893|Ordinario|01205|5000.00|95
1893|Ordinario|08009|5000.00|95
1893|Ordinario|01265|5000.00|95
1893|Ordinario|08288|5000.00|95
1893|Ordinario|01281|5000.00|95
1893|Ordinario|08327|5000.00|95
1893|Ordinario|01287|5000.00|95
1893|Ordinario|08633|5000.00|95
1893|Ordinario|01301|5000.00|95
1893|Ordinario|08669|5000.00|95
1893|Ordinario|01312|5000.00|95
1893|Ordinario|08689|5000.00|95
1893|Ordinario|01344|5000.00|95
1893|Ordinario|08706|5000.00|95
1893|QUINTO|01395|150000.00|70
1893|Ordinario|08866|5000.00|95
1893|Ordinario|08889|5000.00|95
1893|Ordinario|08923|5000.00|95
1893|Ordinario|09107|5000.00|95
1893|Ordinario|09210|6000.00|95
1893|Ordinario|09438|5000.00|95
1893|Ordinario|01438|5000.00|95
1893|Ordinario|09496|5000.00|95
1893|Ordinario|01698|5000.00|95
1893|Ordinario|09658|5000.00|95
1893|Ordinario|01711|5000.00|95
1893|Ordinario|01899|6000.00|95
1893|Ordinario|01940|5000.00|95
1893|Ordinario|10134|5000.00|95
1893|Ordinario|10177|5000.00|95
1893|Ordinario|10362|5000.00|95
1893|Ordinario|02102|5000.00|95
1893|Ordinario|10817|5000.00|95
1893|Ordinario|02248|5000.00|95
1893|Ordinario|02330|5000.00|95
1893|Ordinario|02446|5000.00|95
1893|Ordinario|02610|25000.00|95
1893|Ordinario|02708|5000.00|95
1893|Ordinario|11024|5000.00|95
1893|Ordinario|11078|6000.00|95
1893|Ordinario|11226|5000.00|95
1893|Ordinario|11234|20000.00|95
1893|Ordinario|02889|5000.00|95
1893|Ordinario|11260|5000.00|95
1893|Ordinario|11285|5000.00|85
1893|Ordinario|03219|5000.00|95
1893|Ordinario|03270|5000.00|95
1893|Ordinario|03465|5000.00|95
1893|Ordinario|03630||0
1893|Ordinario|03744|5000.00|95
1893|Ordinario|11383|5000.00|95
1893|Ordinario|11388|5000.00|95
1893|Ordinario|11497|5000.00|95
1893|Ordinario|11774|5000.00|95
1893|Ordinario|03816|5000.00|95
1893|Ordinario|12574|5000.00|95
1893|Ordinario|12730|5000.00|85
1893|Ordinario|04144|5000.00|95
1893|Ordinario|04527|5000.00|95
1893|Ordinario|04669|5000.00|95
1893|Ordinario|04686|6000.00|95
1893|Ordinario|12893|5000.00|95
1893|Ordinario|12988|6000.00|95
1893|Ordinario|12993|5000.00|95
1893|Ordinario|05493|5000.00|95
1893|Ordinario|05573|5000.00|95
1893|Ordinario|05622|5000.00|95
1893|Ordinario|05644|5000.00|95
1893|Ordinario|05780|5000.00|95
1893|Ordinario|05858|5000.00|95
1893|Ordinario|05956|5000.00|95
1893|Ordinario|06056|5000.00|95
1893|Ordinario|06075|6000.00|95
1893|Ordinario|06571|5000.00|95
1893|Ordinario|06739|5000.00|95
1893|Ordinario|06868|5000.00|95
1893|Ordinario|13063|5000.00|95
1893|Ordinario|13212|6000.00|95
1893|Ordinario|13214|5000.00|95
1893|Ordinario|13353|5000.00|95
1893|Ordinario|13486|5000.00|95
1893|Ordinario|13595|5000.00|95
1893|Ordinario|13635|5000.00|95
1893|Ordinario|13671|5000.00|95
1893|Ordinario|13753|5000.00|95
1893|Ordinario|14199|5000.00|95
1893|Ordinario|14220|5000.00|95
1893|Ordinario|14278|5000.00|95
1893|Ordinario|14596|5000.00|95
1893|Ordinario|14827|5000.00|95
1893|Ordinario|14956|5000.00|95
1893|Ordinario|07191|5000.00|95
1893|Ordinario|07237|5000.00|95
1893|Ordinario|07325|5000.00|95
1893|Ordinario|07432|5000.00|95
1893|Ordinario|07585|5000.00|95
1893|Ordinario|07621|5000.00|95
1893|Ordinario|07753|6000.00|95
1893|Ordinario|07778|5000.00|95
1893|Ordinario|07868|5000.00|95
1893|Ordinario|15542|5000.00|95
1893|Ordinario|15596|5000.00|95
1893|Ordinario|15753|5000.00|95
1893|Ordinario|15810||0
1893|Ordinario|16386|5000.00|95
1893|MAYOR|16509|5000.00|95
1893|Ordinario|16549|5000.00|95
1893|Ordinario|16559|6000.00|95
1893|Ordinario|16739|5000.00|95
1893|Ordinario|16769|6000.00|95
1893|Ordinario|17066|5000.00|95
1893|Ordinario|17100|5000.00|95
1893|Ordinario|17162|5000.00|95
1893|Ordinario|17366|5000.00|95
1893|Ordinario|17392|5000.00|95
1893|Ordinario|17411|5000.00|95
1893|Ordinario|17646|5000.00|95
1893|Ordinario|17963|5000.00|95
1893|Ordinario|18212|6000.00|95
1893|Ordinario|18396|5000.00|95
1893|Ordinario|18463|5000.00|95
1893|Ordinario|18506|5000.00|95
1893|Ordinario|18563|6000.00|95
1893|Ordinario|18641|5000.00|95
1893|Ordinario|18744|5000.00|95
1893|TERCER|18751|5000.00|95
1893|Ordinario|18901|500000.00|70
1893|Ordinario|18920|5000.00|95
1893|Ordinario|19033|5000.00|95
1893|Ordinario|19213|6000.00|95
1893|Ordinario|19385|5000.00|95
1893|Ordinario|19397|5000.00|95
1893|Ordinario|19449|5000.00|95
1893|Ordinario|19799|5000.00|95
1893|Ordinario|20482|5000.00|95
1893|Ordinario|20954|6000.00|95
1893|Ordinario|21562|5000.00|95
1893|Ordinario|21730|5000.00|95
1893|Ordinario|21995|6000.00|95
1893|Ordinario|22242|5000.00|95
1893|Ordinario|22272|5000.00|95
1893|Ordinario|22284|20000.00|95
1893|Ordinario|22515|5000.00|95
1893|Ordinario|22593|5000.00|95
1893|Ordinario|22656|5000.00|95
1893|Ordinario|22699|6000.00|95
1893|Ordinario|22874|5000.00|95
1893|Ordinario|23047|5000.00|95
1893|Ordinario|23263|5000.00|95
1893|Ordinario|23439|5000.00|95
1893|Ordinario|23538|5500.00|95
1893|Ordinario|23539|5500.00|95
1893|Ordinario|23540|8000.00|95
1893|MAYOR|23541||0
1893|Ordinario|23542|8000.00|95
1893|Ordinario|23543|5000.00|95
1893|Ordinario|23543|5500.00|95
1893|Ordinario|23544|5500.00|95
1893|Ordinario|23562|5000.00|95
1893|QUINTO|23566|150000.00|70
1893|Ordinario|23580|5000.00|95
1893|Ordinario|23680|5000.00|95
1893|Ordinario|23729|5000.00|95
1893|Ordinario|23791|5000.00|95
1893|Ordinario|24035|5000.00|95
1893|Ordinario|24076|5000.00|95
1893|Ordinario|24262|5000.00|95
1893|Ordinario|24424|5000.00|95
1893|Ordinario|24454|5000.00|95
1893|Ordinario|24939|5000.00|95
1893|Ordinario|25034|5000.00|95
1893|Ordinario|25081|5000.00|95
1893|Ordinario|25237|5000.00|95
1893|Ordinario|25498|5000.00|95
1893|Ordinario|25840|5000.00|95
1893|Ordinario|25858|5000.00|95
1893|Ordinario|25925|5000.00|95
1893|Ordinario|26077|5000.00|95
1893|Ordinario|26197|5000.00|95
1893|Ordinario|26279|5000.00|95
1893|Ordinario|26290|5000.00|95
1893|Ordinario|26720|5000.00|95
1893|Ordinario|26766|5000.00|95
1893|Ordinario|26780|5000.00|95
1893|Ordinario|26781|6000.00|95
1893|Ordinario|26844|5000.00|95
1893|Ordinario|26954|5000.00|95
1893|Ordinario|27019|5000.00|95
1893|Ordinario|27155|5000.00|95
1893|Ordinario|27285|5000.00|95
1893|Ordinario|33811|5000.00|95
1893|Ordinario|27334|20000.00|95
1893|Ordinario|33929|5000.00|95
1893|Ordinario|27387|5000.00|95
1893|SEXTO|27490|100000.00|70
1893|Ordinario|34057|5000.00|95
1893|Ordinario|34082|5000.00|95
1893|Ordinario|34119|5000.00|95
1893|TERCER|34184|5000.00|95
1893|Ordinario|34553|500000.00|70
1893|Ordinario|27935|5000.00|95
1893|Ordinario|28007|5000.00|95
1893|Ordinario|28976|5000.00|95
1893|Ordinario|29302|6000.00|95
1893|Ordinario|29514|5000.00|95
1893|Ordinario|29527|5000.00|95
1893|Ordinario|29588|5000.00|95
1893|Ordinario|29655|5000.00|95
1893|Ordinario|29722|5000.00|95
1893|Ordinario|29753|5000.00|95
1893|Ordinario|34557|5000.00|95
1893|Ordinario|34599|5000.00|95
1893|Ordinario|34759|5000.00|95
1893|Ordinario|30064|5000.00|95
1893|Ordinario|30069|5000.00|95
1893|Ordinario|30168|6000.00|95
1893|Ordinario|30259|5000.00|95
1893|Ordinario|30495|5000.00|95
1893|Ordinario|30513|5000.00|95
1893|Ordinario|30647|5000.00|95
1893|Ordinario|30952|5000.00|95
1893|Ordinario|30999|5000.00|95
1893|Ordinario|35029|5000.00|95
1893|Ordinario|35030|5000.00|95
1893|Ordinario|35075|5000.00|95
1893|Ordinario|35122|5000.00|95
1893|Ordinario|35515|5000.00|95
1893|Ordinario|35529|5000.00|95
1893|Ordinario|35540|5000.00|95
1893|Ordinario|35723|6000.00|95
1893|Ordinario|35963|5000.00|95
1893|Ordinario|36408|5000.00|95
1893|Ordinario|36543|5000.00|95
1893|Ordinario|31268|5000.00|95
1893|Ordinario|36616|5000.00|95
1893|Ordinario|31334|5000.00|95
1893|Ordinario|36941|5000.00|95
1893|Ordinario|31469|5000.00|95
1893|Ordinario|31494|5000.00|95
1893|Ordinario|31618|5000.00|95
1893|Ordinario|37010|5000.00|95
1893|Ordinario|31888|5000.00|95
1893|Ordinario|37239|5000.00|95
1893|Ordinario|31980|5000.00|95
1893|Ordinario|37539|20000.00|95
1893|Ordinario|37703|5000.00|95
1893|Ordinario|37733|5000.00|95
1893|SEGUNDO|32044|5000.00|95
1893|Ordinario|37766|5000.00|95
1893|Ordinario|37872|5000.00|95
1893|Ordinario|32115|1000000.00|70
1893|Ordinario|38080||0
1893|Ordinario|38253|6000.00|95
1893|Ordinario|38507|5000.00|95
1893|Ordinario|38507|5000.00|95
1893|Ordinario|38649|5000.00|95
1893|Ordinario|38933|5000.00|95
1893|Ordinario|39119|5000.00|95
1893|Ordinario|39187|5000.00|95
1893|Ordinario|32468|5000.00|95
1893|Ordinario|32701|5000.00|95
1893|Ordinario|32748|5000.00|95
1893|Ordinario|32774|5000.00|95
1893|Ordinario|32790|5000.00|95
1893|Ordinario|32793|5000.00|95
1893|Ordinario|32832|5000.00|95
1893|Ordinario|32883|5000.00|95
1893|Ordinario|32989|5000.00|95
1893|Ordinario|33276|5000.00|95
1893|Ordinario|33399|5000.00|95
1893|Ordinario|33706|5000.00|95
1893|Ordinario|39255|5000.00|95
1893|Ordinario|39290|6000.00|95
1893|Ordinario|39330|5000.00|95
1893|Ordinario|39377|5000.00|95
1893|Ordinario|39464|5000.00|95
1893|Ordinario|39513|5000.00|95
1893|Ordinario|39891|5000.00|95
1893|Ordinario|39920|5000.00|95
1893|Ordinario|40123|5000.00|95
1893|Ordinario|40271|5000.00|95
1893|Ordinario|40337|6000.00|95
1893|Ordinario|40342|5000.00|95
1893|Ordinario|40367|5000.00|95
1893|Ordinario|40497|5000.00|95
1893|Ordinario|40761|5000.00|95
1893|Ordinario|40838|5000.00|95
1893|Ordinario|40883|5000.00|95
1893|Ordinario|41441|6000.00|95
1893|Ordinario|41729|6000.00|95
1893|Ordinario|42104|5000.00|95
1893|Ordinario|42298|5000.00|95
1893|Ordinario|42412|5000.00|95
1893|Ordinario|42440|5000.00|95
1893|Ordinario|42476|5000.00|95
1893|Ordinario|42742|5000.00|95
1893|Ordinario|42754|5000.00|95
1893|Ordinario|42857|5000.00|95
1893|Ordinario|42937|5000.00|95
1893|Ordinario|42947|5000.00|95
1893|Ordinario|43044|5000.00|95
1893|Ordinario|43073|5000.00|95
1893|Ordinario|43547|5000.00|95
1893|Ordinario|44068|5000.00|95
1893|Ordinario|44244|5000.00|95
1893|Ordinario|44327|5000.00|95
1893|Ordinario|44361|5000.00|95
1893|Ordinario|44509|5000.00|95
1893|Ordinario|44585|5000.00|95
1893|Ordinario|44629|5000.00|95
1893|Ordinario|44633|5000.00|95
1893|Ordinario|44771|5000.00|95
1893|Ordinario|45430|5000.00|95
1893|Ordinario|45526|5000.00|95
1893|Ordinario|45999|6000.00|95
1893|Ordinario|46005|5000.00|95
1893|Ordinario|46219|5000.00|95
1893|Ordinario|46263|5000.00|95
1893|Ordinario|46506|5000.00|95
1893|Ordinario|46539|5000.00|95
1893|Ordinario|46634|6000.00|95
1893|Ordinario|46699|5000.00|95
1893|Ordinario|46954|5000.00|95
1893|Ordinario|47010|5000.00|95
1893|Ordinario|47209|5000.00|95
1893|Ordinario|47223|5000.00|95
1893|Ordinario|47505|5000.00|95
1893|Ordinario|47548|5000.00|95
1893|Ordinario|47574|5000.00|95
1893|Ordinario|47576|5000.00|95
1893|Ordinario|47626|5000.00|95
1893|Ordinario|47753|5000.00|95
1893|Ordinario|47856|5000.00|95
1893|Ordinario|47955|5000.00|95
1893|Ordinario|48018|5000.00|95
1893|Ordinario|48079|5000.00|95
1893|Ordinario|48422|5000.00|95
1893|Ordinario|48430|5000.00|95
1893|Ordinario|48681|5000.00|95
1893|Ordinario|48729|5000.00|95
1893|Ordinario|48814|6000.00|95
1893|MAYOR|48886|5000.00|95
1893|Ordinario|49011|5000.00|95
1893|Ordinario|49035|5000.00|95
1893|Ordinario|49060|5000.00|95
1893|Ordinario|49103|5000.00|95
1893|Ordinario|49126|5000.00|95
1893|Ordinario|49163|5000.00|95
1893|Ordinario|49405|5000.00|95
1893|Ordinario|49405|5000.00|95
1893|Ordinario|49428|5000.00|95
1893|Ordinario|49567|5000.00|95
1893|Ordinario|49753||0
1893|Ordinario|50166|5000.00|95
1893|Ordinario|50168|5000.00|95
1893|Ordinario|50443|5000.00|95
1893|Ordinario|50501|5000.00|95
1893|Ordinario|50509|5000.00|95
1893|Ordinario|50741|5000.00|95
1893|Ordinario|50931|5000.00|95
1893|Ordinario|50956|5000.00|95
1893|Ordinario|51096|5000.00|95
1893|Ordinario|51195|5000.00|95
1893|Ordinario|51321|5000.00|95
1893|Ordinario|51339|5000.00|95
1893|Ordinario|51431|5000.00|95
1893|Ordinario|51641|5000.00|95
1893|Ordinario|52030|5000.00|95
1893|Ordinario|52299|5000.00|95
1893|Ordinario|52346|5000.00|95
1893|Ordinario|52485|5000.00|95
1893|Ordinario|52540|6000.00|95
1893|Ordinario|52558|5000.00|95
1893|Ordinario|52658|20000.00|95
1893|Ordinario|52780|5000.00|95
1893|Ordinario|52794|5000.00|95
1893|Ordinario|52795|5000.00|95
1893|Ordinario|53033|20000.00|95
1893|Ordinario|53114|5000.00|95
1893|Ordinario|53171|5000.00|95
1893|Ordinario|53376|5000.00|95
1893|CUARTO|53672|250000.00|70
1893|Ordinario|53832|5000.00|95
1893|Ordinario|53884|5000.00|95
1893|Ordinario|53920|5000.00|95
1893|Ordinario|53974|6000.00|95
1893|Ordinario|54097|20000.00|95
1893|Ordinario|54221|5000.00|95
1893|Ordinario|54287|5000.00|95
1893|Ordinario|54359|5000.00|95
1893|Ordinario|54490|5000.00|95
1893|Ordinario|54512|5000.00|95
1893|Ordinario|54739|5000.00|95
1893|Ordinario|54750|6000.00|95
1893|Ordinario|54889|5000.00|95
1893|Ordinario|54955|5000.00|95
1893|Ordinario|54978|6000.00|95
1893|Ordinario|55350|5000.00|95
1893|Ordinario|55388|5000.00|95
1893|Ordinario|55419|6000.00|95
1893|Ordinario|55423|5000.00|95
1893|Ordinario|55452|5000.00|95
1893|Ordinario|55468|5000.00|95
1893|Ordinario|55508|5000.00|95
1893|Ordinario|55519|5000.00|95
1893|Ordinario|55522|6000.00|95
1893|Ordinario|55635|6000.00|95
1893|Ordinario|55729|5000.00|95
1893|Ordinario|55994|5000.00|95
1893|Ordinario|56146|5000.00|95
1893|Ordinario|56197|5000.00|95
1893|Ordinario|56344|5000.00|95
1893|Ordinario|56405|5000.00|95
1893|Ordinario|56471|5000.00|95
1893|Ordinario|56477|5000.00|95
1893|Ordinario|56568|5000.00|95
1893|Ordinario|56683|5000.00|95
1893|Ordinario|56704|5000.00|95
1893|Ordinario|56754|5000.00|95
1893|Ordinario|56800|5000.00|95
1893|Ordinario|57031|5000.00|95
1893|Ordinario|57196|5000.00|95
1893|Ordinario|57274|5000.00|95
1893|Ordinario|57277|5000.00|95
1893|Ordinario|57312|25000.00|95
1893|Ordinario|57372|5000.00|95
1893|Ordinario|57384|5000.00|95
1893|Ordinario|57398|5000.00|95
1893|Ordinario|57428|5000.00|95
1893|Ordinario|57608|5000.00|95
1893|Ordinario|57614|5000.00|95
1893|Ordinario|57760|5000.00|95
1893|Ordinario|57882|5000.00|95
1893|Ordinario|57927|5000.00|95
1893|Ordinario|57939|5000.00|95
1893|Ordinario|57994|5000.00|95
1893|Ordinario|58160|5000.00|95
1893|Ordinario|58213|5000.00|95
1893|Ordinario|58698|5000.00|95
1893|Ordinario|58701|5000.00|95
1893|Ordinario|58840|5000.00|95
1893|Ordinario|58891|5000.00|95
1893|Ordinario|59123|5000.00|95
1893|Ordinario|59151|5000.00|95
1893|Ordinario|59714|5000.00|95
1893|Ordinario|59902|5000.00|95
1893|Ordinario|60014|5000.00|95
1893|Ordinario|60106|5000.00|95
1893|Ordinario|60133|5000.00|95
1893|Ordinario|60153|5000.00|95
1893|Ordinario|60169|5000.00|95
1893|Ordinario|60195|5000.00|95
1893|Ordinario|60407|5000.00|95
1893|Ordinario|60454|5000.00|95
1893|Ordinario|60507|5000.00|95
1893|Ordinario|60671|5000.00|95
1893|Ordinario|60894|5000.00|95
1893|Ordinario|60977|5000.00|95
2000|Ordinario|01016|200.00|95
2000|Ordinario|01039|200.00|95
2000|Ordinario|01058|200.00|95
2000|Ordinario|01092|100.00|95
2000|Ordinario|01186|200.00|95
2000|Ordinario|01289|200.00|95
2000|Ordinario|01357|200.00|95
2000|Ordinario|01511|200.00|95
2000|Ordinario|01637|100.00|95
2000|Ordinario|01649|100.00|95
2000|Ordinario|01653|100.00|95
2000|Ordinario|01692|100.00|95
2000|Ordinario|01778|200.00|95
2000|Ordinario|02074|100.00|95
2000|Ordinario|02096|200.00|95
2000|Ordinario|02193|100.00|95
2000|Ordinario|02306|100.00|95
2000|Ordinario|02366|1000.00|95
2000|Ordinario|02408|200.00|95
2000|Ordinario|02452|100.00|95
2000|Ordinario|02513|100.00|95
2000|Ordinario|02752|100.00|95
2000|Ordinario|02993|100.00|95
2000|Ordinario|02995|100.00|95
2000|Ordinario|03086|100.00|95
2000|Ordinario|03115|100.00|95
2000|Ordinario|03231|100.00|95
2000|Ordinario|03252|100.00|95
2000|Ordinario|03329|100.00|95
2000|Ordinario|03639|100.00|95
2000|Ordinario|03765|100.00|95
2000|Ordinario|03870|100.00|95
2000|Ordinario|03999|100.00|95
2000|Ordinario|04112|100.00|95
2000|Ordinario|04138|100.00|95
2000|Ordinario|04630|200.00|95
2000|Ordinario|04677|100.00|95
2000|Ordinario|04773|100.00|95
2000|Ordinario|04953|100.00|95
2000|Ordinario|04965|100.00|95
2000|Ordinario|04968|100.00|95
2000|Ordinario|05087|100.00|95
2000|Ordinario|05184|100.00|95
2000|Ordinario|05613|100.00|95
2000|Ordinario|05711|100.00|95
2000|Ordinario|05826|100.00|95
2000|Ordinario|05919|100.00|95
2000|Ordinario|06002|200.00|95
2000|Ordinario|06192|200.00|95
2000|Ordinario|06339|1000.00|95
2000|Ordinario|06475|200.00|95
2000|Ordinario|06497|100.00|95
2000|Ordinario|06507|100.00|95
2000|Ordinario|06612|100.00|95
2000|Ordinario|06730|200.00|95
2000|Ordinario|06793|100.00|95
2000|Ordinario|06965|100.00|95
2000|Ordinario|07175|200.00|95
2000|Ordinario|07214|100.00|95
2000|Ordinario|07489|200.00|95
2000|Ordinario|07492|100.00|95
2000|Ordinario|07535|100.00|95
2000|Ordinario|07674|100.00|95
2000|Ordinario|07772|200.00|95
2000|Ordinario|07893|200.00|95
2000|Ordinario|07903|200.00|95
2000|Ordinario|07944|100.00|95
2000|Ordinario|08028|100.00|95
2000|Ordinario|08033|100.00|95
2000|Ordinario|08212|100.00|95
2000|Ordinario|08274|100.00|95
2000|Ordinario|08356|100.00|95
2000|Ordinario|08407|200.00|95
2000|Ordinario|08551|100.00|95
2000|Ordinario|08640|200.00|95
2000|Ordinario|08754|100.00|95
2000|MAYOR|08797|100.00|95
2000|Ordinario|08893|100.00|95
2000|Ordinario|08907|100.00|95
2000|Ordinario|08910|200.00|95
2000|Ordinario|09001|100.00|95
2000|Ordinario|09035|200.00|95
2000|Ordinario|09104|100.00|95
2000|Ordinario|09131|100.00|95
2000|Ordinario|09140|100.00|95
2000|Ordinario|09158|200.00|95
2000|Ordinario|09175|100.00|95
2000|Ordinario|09193|100.00|95
2000|Ordinario|09233|100.00|95
2000|Ordinario|09327|200.00|95
2000|Ordinario|09415|100.00|95
2000|Ordinario|09428|100.00|95
2000|Ordinario|09586|100.00|95
2000|Ordinario|09902|100.00|95
2000|Ordinario|09919|100.00|95
2000|Ordinario|09924|100.00|95
2000|Ordinario|10153|200.00|95
2000|Ordinario|10158|100.00|95
2000|Ordinario|10262|100.00|95
2000|Ordinario|10296|200.00|95
2000|Ordinario|10344|100.00|95
2000|Ordinario|10449|100.00|95
2000|Ordinario|10502|100.00|95
2000|Ordinario|10599|100.00|95
2000|Ordinario|10666|100.00|95
2000|Ordinario|10714|100.00|95
2000|Ordinario|11381|100.00|95
2000|Ordinario|11639|200.00|95
2000|Ordinario|11700|100.00|95
2000|Ordinario|11711|100.00|95
2000|CUARTO|11719||0
2000|Ordinario|11925|400.00|95
2000|Ordinario|11933|100.00|95
2000|Ordinario|11939|100.00|95
2000|Ordinario|12145|100.00|95
2000|Ordinario|12195|100.00|95
2000|Ordinario|12239|100.00|95
2000|Ordinario|12242|100.00|95
2000|Ordinario|12394|100.00|95
2000|Ordinario|12427|100.00|95
2000|Ordinario|12429|100.00|95
2000|Ordinario|12665|100.00|95
2000|Ordinario|12697|100.00|95
2000|Ordinario|12796|100.00|95
2000|Ordinario|12818|100.00|95
2000|Ordinario|12931|200.00|95
2000|Ordinario|12991|100.00|95
2000|Ordinario|13011|100.00|95
2000|Ordinario|13058|100.00|95
2000|Ordinario|13118|100.00|95
2000|Ordinario|13180|100.00|95
2000|Ordinario|13642|200.00|95
2000|Ordinario|13664|200.00|95
2000|Ordinario|13685|200.00|95
2000|Ordinario|13754|100.00|95
2000|Ordinario|13901|100.00|95
2000|Ordinario|14120|100.00|95
2000|Ordinario|14162|100.00|95
2000|Ordinario|14184|200.00|95
2000|Ordinario|14228|100.00|95
2000|Ordinario|14283|100.00|95
2000|Ordinario|14314|100.00|95
2000|Ordinario|14355|200.00|95
2000|QUINTO|14487||0
2000|Ordinario|14552|200.00|95
2000|Ordinario|14599|400.00|95
2000|Ordinario|14721|100.00|95
2000|Ordinario|14744|100.00|95
2000|Ordinario|14889|100.00|95
2000|Ordinario|14956|100.00|95
2000|Ordinario|14970|200.00|95
2000|Ordinario|15009|400.00|95
2000|Ordinario|15022|100.00|95
2000|Ordinario|15162|100.00|95
2000|Ordinario|15222|100.00|95
2000|Ordinario|15274|100.00|95
2000|Ordinario|15308|200.00|95
2000|Ordinario|15342|100.00|95
2000|Ordinario|15393|1000.00|95
2000|Ordinario|15412|100.00|95
2000|Ordinario|15508|100.00|95
2000|Ordinario|15680|100.00|95
2000|Ordinario|15727|100.00|95
2000|Ordinario|15767|200.00|95
2000|Ordinario|15790|100.00|95
2000|Ordinario|15912|100.00|95
2000|TERCER|16031||0
2000|Ordinario|16039|100.00|95
2000|Ordinario|16117|100.00|95
2000|Ordinario|16188|200.00|95
2000|Ordinario|16260|200.00|95
2000|Ordinario|16319|200.00|95
2000|Ordinario|16404|100.00|95
2000|Ordinario|16574|100.00|95
2000|Ordinario|16677|200.00|95
2000|Ordinario|16710|100.00|95
2000|Ordinario|16746|100.00|95
2000|Ordinario|16811|400.00|95
2000|Ordinario|16914|200.00|95
2000|Ordinario|16942|100.00|95
2000|Ordinario|17037|100.00|95
2000|Ordinario|17059|100.00|95
2000|Ordinario|17284|100.00|95
2000|Ordinario|17482|200.00|95
2000|Ordinario|17688|100.00|95
2000|Ordinario|17769|100.00|95
2000|Ordinario|17881|100.00|95
2000|Ordinario|17957|200.00|95
2000|Ordinario|18037|200.00|95
2000|SEGUNDO|18157|100.00|95
2000|Ordinario|18297||0
2000|Ordinario|18375|100.00|95
2000|Ordinario|18394|200.00|95
2000|Ordinario|18438|100.00|95
2000|Ordinario|18482|100.00|95
2000|Ordinario|18499|100.00|95
2000|Ordinario|18643|200.00|95
2000|Ordinario|18698|100.00|95
2000|Ordinario|18752|200.00|95
2000|Ordinario|18872|100.00|95
2000|Ordinario|18952|100.00|95
2000|Ordinario|18962|100.00|95
2000|Ordinario|18980|100.00|95
2000|Ordinario|18988|100.00|95
2000|Ordinario|19081|200.00|95
2000|Ordinario|19259|100.00|95
2000|Ordinario|19346|100.00|95
2000|Ordinario|19652|100.00|95
2000|Ordinario|19922|100.00|95
2000|Ordinario|19962|200.00|95
2000|Ordinario|19979|200.00|95
2000|Ordinario|20018|100.00|95
2000|Ordinario|20068|100.00|95
2000|Ordinario|20103|100.00|95
2000|Ordinario|20129|1000.00|95
2000|Ordinario|20172||0
2000|Ordinario|20343|100.00|95
2000|Ordinario|20488|100.00|95
2000|Ordinario|20675|100.00|95
2000|Ordinario|20723|100.00|95
2000|Ordinario|20839|200.00|95
2000|Ordinario|20860|200.00|95
2000|Ordinario|20971|100.00|95
2000|Ordinario|21014|100.00|95
2000|Ordinario|21136|200.00|95
2000|Ordinario|21259|100.00|95
2000|Ordinario|21382|100.00|95
2000|Ordinario|21391|100.00|95
2000|Ordinario|21510|400.00|95
2000|Ordinario|21698|100.00|95
2000|Ordinario|21723|100.00|95
2000|Ordinario|21758|200.00|95
2000|Ordinario|21911|100.00|95
2000|Ordinario|22009|100.00|95
2000|Ordinario|22051|100.00|95
2000|Ordinario|22075|100.00|95
2000|Ordinario|22096|200.00|95
2000|Ordinario|22101|100.00|95
2000|Ordinario|22135|100.00|95
2000|Ordinario|22293|100.00|95
2000|Ordinario|22382|200.00|95
2000|Ordinario|22605|100.00|95
2000|Ordinario|22641|100.00|95
2000|Ordinario|22787|100.00|95
2000|Ordinario|22970|100.00|95
2000|Ordinario|23026|100.00|95
2000|Ordinario|23125|100.00|95
2000|Ordinario|23199|100.00|95
2000|Ordinario|23279|200.00|95
2000|Ordinario|23304|100.00|95
2000|Ordinario|23308|100.00|95
2000|Ordinario|23467|200.00|95
2000|Ordinario|23653|100.00|95
2000|Ordinario|23852|200.00|95
2000|Ordinario|24121|100.00|95
2000|Ordinario|24514|100.00|95
2000|Ordinario|24617|400.00|95
2000|Ordinario|24627|100.00|95
2000|Ordinario|24667|100.00|95
2000|Ordinario|24712|200.00|95
2000|Ordinario|24819|100.00|95
2000|Ordinario|24837|100.00|95
2000|Ordinario|24861|1000.00|95
2000|Ordinario|24903|100.00|95
2000|Ordinario|24937|100.00|95
2000|Ordinario|24974|200.00|95
2000|Ordinario|25023|100.00|95
2000|Ordinario|25086|100.00|95
2000|Ordinario|25181|200.00|95
2000|Ordinario|25319|100.00|95
2000|Ordinario|25373|100.00|95
2000|Ordinario|25459|100.00|95
2000|Ordinario|25489|100.00|95
2000|Ordinario|25513|200.00|95
2000|Ordinario|25564|100.00|95
2000|Ordinario|25663|100.00|95
2000|Ordinario|25733|1000.00|95
2000|Ordinario|25793|200.00|95
2000|Ordinario|25864|100.00|95
2000|Ordinario|25935|100.00|95
2000|Ordinario|25938|100.00|95
2000|Ordinario|26022|100.00|95
2000|Ordinario|26199|200.00|95
2000|Ordinario|26215|100.00|95
2000|Ordinario|26273|100.00|95
2000|Ordinario|26289|200.00|95
2000|Ordinario|26420|100.00|95
2000|Ordinario|26458|200.00|95
2000|Ordinario|26616|100.00|95
2000|Ordinario|26752|200.00|95
2000|Ordinario|27005|100.00|95
2000|Ordinario|27187|100.00|95
2000|Ordinario|27242|100.00|95
2000|Ordinario|27411|400.00|95
2000|Ordinario|27412|100.00|95
2000|Ordinario|27425|200.00|95
2000|Ordinario|27430|200.00|95
2000|Ordinario|27434|100.00|95
2000|Ordinario|27441|100.00|95
2000|Ordinario|27448|100.00|95
2000|Ordinario|27556|100.00|95
2000|Ordinario|27560|200.00|95
2000|Ordinario|27682|200.00|95
2000|Ordinario|27729|200.00|95
2000|Ordinario|28092|100.00|95
2000|Ordinario|28197|100.00|95
2000|Ordinario|28238|100.00|95
2000|Ordinario|28306|100.00|95
2000|Ordinario|28426|100.00|95
2000|Ordinario|28451|400.00|95
2000|Ordinario|28469|200.00|95
2000|Ordinario|28707|200.00|95
2000|Ordinario|28780|400.00|95
2000|Ordinario|28780|100.00|95
2000|Ordinario|28950|100.00|95
2000|Ordinario|29022|100.00|95
2000|Ordinario|29109|100.00|95
2000|Ordinario|29151|1000.00|95
2000|Ordinario|29358|100.00|95
2000|Ordinario|29472|100.00|95
2000|Ordinario|29474|200.00|95
2000|Ordinario|29484|100.00|95
2000|Ordinario|29495|100.00|95
2000|Ordinario|29683|100.00|95
2000|Ordinario|29707|100.00|95
2000|Ordinario|29762|200.00|95
2000|Ordinario|29834|100.00|95
2000|Ordinario|29896|200.00|95
2000|Ordinario|29916|200.00|95
2000|Ordinario|29924|200.00|95
2000|Ordinario|29960|100.00|95
2000|Ordinario|29986|100.00|95
2000|Ordinario|30138|100.00|95
2000|Ordinario|30312|200.00|95
2000|Ordinario|30312|200.00|95
2000|Ordinario|30498|100.00|95
2000|Ordinario|30570|1000.00|95
2000|Ordinario|30638|100.00|95
2000|Ordinario|30704|200.00|95
2000|Ordinario|30714|200.00|95
2000|Ordinario|30798|400.00|95
2000|Ordinario|30847|100.00|95
2000|Ordinario|30878|100.00|95
2000|Ordinario|31058|100.00|95
2000|Ordinario|31189|100.00|95
2000|Ordinario|31301|100.00|95
2000|Ordinario|31417|400.00|95
2000|Ordinario|31440|100.00|95
2000|Ordinario|31714|100.00|95
2000|Ordinario|31729|100.00|95
2000|Ordinario|31736|100.00|95
2000|Ordinario|32355|100.00|95
2000|Ordinario|32366|100.00|95
2000|Ordinario|32424|100.00|95
2000|Ordinario|32666|200.00|95
2000|Ordinario|32896|100.00|95
2000|Ordinario|32898|200.00|95
2000|Ordinario|33115|200.00|95
2000|Ordinario|33169|100.00|95
2000|Ordinario|33248|100.00|95
2000|Ordinario|33344|100.00|95
2000|Ordinario|33392|200.00|95
2000|Ordinario|33414|200.00|95
2000|Ordinario|33718|200.00|95
2000|Ordinario|33733|100.00|95
2000|Ordinario|33754|200.00|95
2000|Ordinario|33959|100.00|95
2000|Ordinario|33984|100.00|95
2000|MAYOR|34015|200.00|95
2000|Ordinario|34156|100.00|95
2000|Ordinario|34220|100.00|95
2000|Ordinario|34354|100.00|95
2000|Ordinario|34384|100.00|95
2000|Ordinario|34575|200.00|95
2000|Ordinario|34778|200.00|95
2000|Ordinario|34811|1000.00|95
2000|Ordinario|34873|100.00|95
2000|Ordinario|35165|200.00|95
2000|Ordinario|35502|100.00|95
2000|Ordinario|35511|100.00|95
2000|Ordinario|35615|100.00|95
2000|Ordinario|35630|100.00|95
2000|Ordinario|35702|100.00|95
2000|Ordinario|35783|100.00|95
2000|Ordinario|35815|100.00|95
2000|Ordinario|35916|100.00|95
2000|Ordinario|35983|100.00|95
2000|Ordinario|36510|200.00|95
2000|Ordinario|36518|100.00|95
2000|Ordinario|36591|100.00|95
2000|Ordinario|36615|100.00|95
2000|Ordinario|36696|100.00|95
2000|Ordinario|36873|200.00|95
2000|Ordinario|36883|100.00|95
2000|Ordinario|36930|100.00|95
2000|Ordinario|36934|200.00|95
2000|Ordinario|37078|1000.00|95
2000|Ordinario|37305|200.00|95
2000|Ordinario|37376|100.00|95
2000|Ordinario|37420|200.00|95
2000|Ordinario|37519|100.00|95
2000|Ordinario|37575|200.00|95
2000|Ordinario|37596|100.00|95
2000|Ordinario|37675|100.00|95
2000|Ordinario|37681|100.00|95
2000|Ordinario|37690|100.00|95
2000|Ordinario|37787|200.00|95
2000|Ordinario|37967|100.00|95
2000|Ordinario|38026|100.00|95
2000|Ordinario|38073|100.00|95
2000|Ordinario|38088|100.00|95
2000|Ordinario|38090|100.00|95
2000|Ordinario|38154|100.00|95
2000|Ordinario|38171|100.00|95
2000|Ordinario|38280|100.00|95
2000|Ordinario|38490|100.00|95
2000|Ordinario|38502|200.00|95
2000|Ordinario|38597|100.00|95
2000|Ordinario|38640|100.00|95
2000|Ordinario|38838|100.00|95
2000|Ordinario|38890|400.00|95
2000|Ordinario|39022|200.00|95
2000|Ordinario|39069|100.00|95
2000|Ordinario|39087|100.00|95
2000|Ordinario|39300|200.00|95
2000|Ordinario|39530|100.00|95
2000|Ordinario|39587|100.00|95
2000|Ordinario|39648|100.00|95
2000|Ordinario|39750|100.00|95
2000|Ordinario|39774|200.00|95
2000|Ordinario|39780|200.00|95
2000|Ordinario|39793|100.00|95
2000|Ordinario|39889|100.00|95
2000|Ordinario|39912|100.00|95
2000|Ordinario|39962|100.00|95
2000|Ordinario|39976|100.00|95
2000|Ordinario|40105|200.00|95
2000|Ordinario|40114|200.00|95
2000|Ordinario|40157|100.00|95
2000|Ordinario|40174|100.00|95
2000|Ordinario|40199|100.00|95
2000|Ordinario|40568|100.00|95
2000|Ordinario|40601|100.00|95
2000|Ordinario|40700|100.00|95
2000|Ordinario|40744|200.00|95
2000|Ordinario|40873|100.00|95
2000|Ordinario|40879|200.00|95
2000|Ordinario|40890|100.00|95
2000|Ordinario|40912|200.00|95
2000|Ordinario|40972|100.00|95
2000|Ordinario|41012|100.00|95
2000|Ordinario|41255|200.00|95
2000|Ordinario|41267|100.00|95
2000|Ordinario|41326|100.00|95
2000|Ordinario|41523|100.00|95
2000|Ordinario|41592|100.00|95
2000|Ordinario|41620|100.00|95
2000|Ordinario|41646|200.00|95
2000|Ordinario|41818|100.00|95
2000|Ordinario|41833|100.00|95
2000|Ordinario|41882|100.00|95
2000|Ordinario|41939|200.00|95
2000|Ordinario|42024|100.00|95
2000|Ordinario|42104|100.00|95
2000|Ordinario|42198|100.00|95
2000|Ordinario|42292|100.00|95
2000|Ordinario|42421|200.00|95
2000|Ordinario|42498|100.00|95
2000|Ordinario|42675|200.00|95
2000|Ordinario|42861|100.00|95
2000|Ordinario|42895|100.00|95
2000|Ordinario|42929|100.00|95
2000|Ordinario|42957|200.00|95
2000|Ordinario|42966|100.00|95
2000|Ordinario|43026|100.00|95
2000|Ordinario|43078|100.00|95
2000|Ordinario|43133|100.00|95
2000|Ordinario|43205|100.00|95
2000|Ordinario|43246|1000.00|95
2000|Ordinario|43257|100.00|95
2000|Ordinario|43374|200.00|95
2000|Ordinario|43424|200.00|95
2000|Ordinario|43441|100.00|95
2000|Ordinario|43473|200.00|95
2000|Ordinario|43556|100.00|95
2000|Ordinario|43649|200.00|95
2000|Ordinario|43832|200.00|95
2000|Ordinario|43834|100.00|95
2000|Ordinario|43915|100.00|95
2000|Ordinario|43936|400.00|95
2000|Ordinario|43954|100.00|95
2000|Ordinario|44044|200.00|95
2000|Ordinario|44070|400.00|95
2000|Ordinario|44127|100.00|95
2000|Ordinario|44238|100.00|95
2000|Ordinario|44243|100.00|95
2000|Ordinario|44251|100.00|95
2000|Ordinario|44257|400.00|95
2000|Ordinario|44301|100.00|95
2000|Ordinario|44329|100.00|95
2000|Ordinario|44519|200.00|95
2000|Ordinario|44563|100.00|95
2000|Ordinario|44566|200.00|95
2000|Ordinario|44599|100.00|95
2000|Ordinario|44648|400.00|95
2000|Ordinario|44908|1000.00|95
2000|Ordinario|44934|100.00|95
2000|Ordinario|45014|100.00|95
2000|Ordinario|45060|100.00|95
2000|Ordinario|45098|200.00|95
2000|Ordinario|45108|100.00|95
2000|Ordinario|45176|100.00|95
2000|Ordinario|45228|1000.00|95
2000|Ordinario|45417|100.00|95
2000|Ordinario|45652|100.00|95
2000|Ordinario|45675|100.00|95
2000|Ordinario|45855|100.00|95
2000|Ordinario|45907|200.00|95
2000|Ordinario|45907|100.00|95
2000|Ordinario|45995|100.00|95
2000|Ordinario|46024|100.00|95
2000|Ordinario|46118|100.00|95
2000|Ordinario|46154|200.00|95
2000|Ordinario|46158|100.00|95
2000|Ordinario|46263|100.00|95
2000|Ordinario|46276|100.00|95
2000|Ordinario|46341|100.00|95
2000|Ordinario|46521|100.00|95
2000|Ordinario|46529|200.00|95
2000|Ordinario|46530|100.00|95
2000|Ordinario|46635|100.00|95
2000|Ordinario|46649|100.00|95
2000|Ordinario|46709|200.00|95
2000|Ordinario|46725|400.00|95
2000|Ordinario|46816|100.00|95
2000|Ordinario|46936|400.00|95
2000|Ordinario|47026|200.00|95
2000|Ordinario|47134|100.00|95
2000|Ordinario|47192|100.00|95
2000|Ordinario|47234|200.00|95
2000|Ordinario|47234|100.00|95
2000|Ordinario|47352|100.00|95
2000|Ordinario|47362|200.00|95
2000|Ordinario|47364|1000.00|95
2000|Ordinario|47378|100.00|95
2000|Ordinario|47420|200.00|95
2000|Ordinario|47521|100.00|95
2000|Ordinario|47665|100.00|95
2000|Ordinario|47674|100.00|95
2000|Ordinario|47759|100.00|95
2000|Ordinario|47793|200.00|95
2000|Ordinario|47870|100.00|95
2000|Ordinario|47882|200.00|95
2000|Ordinario|48097|200.00|95
2000|Ordinario|48125|100.00|95
2000|Ordinario|48168|100.00|95
2000|Ordinario|48182|100.00|95
2000|Ordinario|48201|100.00|95
2000|Ordinario|48215|100.00|95
2000|Ordinario|48305|100.00|95
2000|Ordinario|48343|200.00|95
2000|Ordinario|48344|200.00|95
2000|Ordinario|48345|400.00|95
2000|MAYOR|48346||0
2000|Ordinario|48347|400.00|95
2000|Ordinario|48348|200.00|95
2000|Ordinario|48349|200.00|95
2000|Ordinario|48371|100.00|95
2000|Ordinario|48398|100.00|95
2000|Ordinario|48435|100.00|95
2000|Ordinario|48642|100.00|95
2000|Ordinario|48753|200.00|95
2000|Ordinario|48813|100.00|95
2000|Ordinario|48920|1000.00|95
2000|Ordinario|48971|100.00|95
2000|Ordinario|48987|100.00|95
2000|Ordinario|49407|100.00|95
2000|Ordinario|49462|400.00|95
2000|Ordinario|49673|400.00|95
2000|Ordinario|50090|100.00|95
2000|Ordinario|50159|100.00|95
2000|Ordinario|50161|200.00|95
2000|Ordinario|50229|100.00|95
2000|Ordinario|50305|200.00|95
2000|Ordinario|50352|100.00|95
2000|Ordinario|50391|200.00|95
2000|Ordinario|50419|100.00|95
2000|Ordinario|50538|100.00|95
2000|Ordinario|50543|200.00|95
2000|Ordinario|50602|100.00|95
2000|Ordinario|50709|100.00|95
2000|Ordinario|50766|100.00|95
2000|Ordinario|50815|100.00|95
2000|Ordinario|50939|200.00|95
2150|Ordinario|01070|5000.00|95
2150|Ordinario|01096|3000.00|95
2150|Ordinario|01316|3000.00|95
2150|Ordinario|01345|3000.00|95
2150|Ordinario|01416|3000.00|95
2150|Ordinario|01608|3000.00|95
2150|Ordinario|01626|3000.00|95
2150|Ordinario|01664|3000.00|95
2150|Ordinario|01701|3000.00|95
2150|Ordinario|01709|3000.00|95
2150|Ordinario|01734|3000.00|95
2150|Ordinario|01819|3000.00|95
2150|Ordinario|01859|3000.00|95
2150|Ordinario|01937|5000.00|95
2150|Ordinario|01960|3000.00|95
2150|Ordinario|02017|5000.00|95
2150|Ordinario|02273|3000.00|95
2150|Ordinario|02281|3000.00|95
2150|Ordinario|02342|3000.00|95
2150|Ordinario|02424|3000.00|95
2150|Ordinario|02552|3000.00|95
2150|Ordinario|02646|3000.00|95
2150|Ordinario|02778|5000.00|95
2150|Ordinario|02803|3000.00|95
2150|Ordinario|02827|3000.00|95
2150|Ordinario|02875|3000.00|95
2150|Ordinario|02928|3000.00|95
2150|Ordinario|02970|3000.00|95
2150|Ordinario|03143|3000.00|95
2150|Ordinario|03194|3000.00|95
2150|Ordinario|03688|3000.00|95
2150|Ordinario|03700|3000.00|95
2150|Ordinario|03726|3000.00|95
2150|Ordinario|03775|3000.00|95
2150|Ordinario|03784|3000.00|95
2150|Ordinario|03872|3000.00|95
2150|Ordinario|03895|3000.00|95
2150|Ordinario|04054|3000.00|95
2150|Ordinario|04277|3000.00|95
2150|Ordinario|04589|3000.00|95
2150|Ordinario|04680|3000.00|95
2150|Ordinario|04689|3000.00|95
2150|Ordinario|04719|3000.00|95
2150|Ordinario|04806|3000.00|95
2150|Ordinario|04945|3000.00|95
2150|Ordinario|04953|3000.00|95
2150|Ordinario|04976|3000.00|95
2150|Ordinario|04977|3000.00|95
2150|Ordinario|05289|3000.00|95
2150|Ordinario|05440|3000.00|95
2150|Ordinario|05548|3000.00|95
2150|Ordinario|05729|3000.00|95
2150|Ordinario|05872|3000.00|95
2150|Ordinario|05880|3000.00|95
2150|Ordinario|05948|3000.00|95
2150|Ordinario|05992|3000.00|95
2150|Ordinario|06061|3000.00|95
2150|Ordinario|06230|3000.00|95
2150|Ordinario|06237|3000.00|95
2150|Ordinario|06252|3000.00|95
2150|Ordinario|06294|3000.00|95
2150|Ordinario|06309|3000.00|95
2150|Ordinario|06381|3000.00|95
2150|Ordinario|06425|3000.00|95
2150|Ordinario|06620|3000.00|95
2150|Ordinario|06662|3000.00|95
2150|Ordinario|06682||0
2150|Ordinario|06698|3000.00|95
2150|Ordinario|06708|3000.00|95
2150|Ordinario|06729|3000.00|95
2150|Ordinario|06763|3000.00|95
2150|Ordinario|06942|3000.00|95
2150|Ordinario|06995|3000.00|95
2150|Ordinario|07165|3000.00|95
2150|Ordinario|07310|5000.00|95
2150|Ordinario|07318|3000.00|95
2150|Ordinario|07437|3000.00|95
2150|Ordinario|07563|3000.00|95
2150|Ordinario|07578|3000.00|95
2150|Ordinario|07611|3000.00|95
2150|Ordinario|07638|3000.00|95
2150|Ordinario|07823|3000.00|95
2150|Ordinario|07941|3000.00|95
2150|Ordinario|07970|3000.00|95
2150|Ordinario|08047|3000.00|95
2150|Ordinario|08193|3000.00|95
2150|Ordinario|08279|3000.00|95
2150|Ordinario|08469|3000.00|95
2150|Ordinario|08512|5000.00|95
2150|Ordinario|08568|3000.00|95
2150|Ordinario|08604|15000.00|95
2150|Ordinario|08612|3000.00|95
2150|Ordinario|08733|3000.00|95
2150|Ordinario|08913|3000.00|95
2150|Ordinario|08926|3000.00|95
2150|Ordinario|09007|3000.00|95
2150|Ordinario|09266|20000.00|95
2150|Ordinario|09268|3000.00|95
2150|Ordinario|09297|3000.00|95
2150|Ordinario|09331|3000.00|95
2150|Ordinario|09428|3000.00|95
2150|Ordinario|09560|3000.00|95
2150|Ordinario|09572|3000.00|95
2150|Ordinario|09620|3000.00|95
2150|Ordinario|09775|3000.00|95
2150|Ordinario|09839|3000.00|95
2150|Ordinario|09876|3000.00|95
2150|Ordinario|09901|3000.00|95
2150|Ordinario|09918|3000.00|95
2150|Ordinario|09969|3000.00|95
2150|Ordinario|09971|3000.00|95
2150|Ordinario|10087|3000.00|95
2150|Ordinario|10128|3000.00|95
2150|Ordinario|10243|3000.00|95
2150|Ordinario|10328|3000.00|95
2150|Ordinario|10611|3000.00|95
2150|Ordinario|10681|5000.00|95
2150|Ordinario|10834|3000.00|95
2150|Ordinario|11029|3000.00|95
2150|Ordinario|11051|3000.00|95
2150|Ordinario|11069|3000.00|95
2150|Ordinario|11180|3000.00|95
2150|Ordinario|11810|3000.00|95
2150|Ordinario|11942|3000.00|95
2150|Ordinario|12061|3000.00|95
2150|Ordinario|12143|3000.00|95
2150|Ordinario|12152|3000.00|95
2150|Ordinario|12206|3000.00|95
2150|Ordinario|12271|3000.00|95
2150|Ordinario|12433|5000.00|95
2150|Ordinario|12645|3000.00|95
2150|Ordinario|12761|3000.00|95
2150|Ordinario|12849|3000.00|95
2150|Ordinario|12900|3000.00|95
2150|Ordinario|13127|3000.00|95
2150|Ordinario|13496|3000.00|95
2150|Ordinario|13522|3000.00|95
2150|Ordinario|13775|5000.00|95
2150|Ordinario|13925|3000.00|95
2150|Ordinario|14125|3000.00|95
2150|Ordinario|14129|3000.00|95
2150|Ordinario|14258|3000.00|95
2150|TERCER|14301|3000.00|95
2150|Ordinario|14315|160000.00|70
2150|Ordinario|14458|3000.00|95
2150|Ordinario|14514|3000.00|95
2150|Ordinario|14634|3000.00|95
2150|Ordinario|14689|3000.00|95
2150|Ordinario|14777|3000.00|95
2150|Ordinario|14968|3000.00|95
2150|Ordinario|15019|3000.00|95
2150|Ordinario|15162|3000.00|95
2150|Ordinario|15311|3000.00|95
2150|MAYOR|15331|3000.00|95
2150|Ordinario|15336|3000.00|95
2150|Ordinario|15426|3000.00|95
2150|Ordinario|15523|3000.00|95
2150|Ordinario|15532|3000.00|95
2150|Ordinario|15762|3000.00|95
2150|Ordinario|15882|5000.00|95
2150|Ordinario|15892|3000.00|95
2150|Ordinario|15957|3000.00|95
2150|Ordinario|16265|3000.00|95
2150|Ordinario|16356|3000.00|95
2150|Ordinario|16525|3000.00|95
2150|Ordinario|16604|3000.00|95
2150|Ordinario|16628|3000.00|95
2150|Ordinario|16707|3000.00|95
2150|Ordinario|16711|3000.00|95
2150|Ordinario|16723|3000.00|95
2150|Ordinario|16739|3000.00|95
2150|Ordinario|16923|3000.00|95
2150|Ordinario|17221|3000.00|95
2150|Ordinario|17264|3000.00|95
2150|Ordinario|17274|3000.00|95
2150|Ordinario|17308|3000.00|95
2150|Ordinario|17341|3000.00|95
2150|Ordinario|17350|3000.00|95
2150|Ordinario|17369|5000.00|95
2150|Ordinario|17455|3000.00|95
2150|Ordinario|17612|3000.00|95
2150|Ordinario|17745|3000.00|95
2150|Ordinario|17769|3000.00|95
2150|Ordinario|17783|3000.00|95
2150|Ordinario|17907|3000.00|95
2150|Ordinario|17927|3000.00|95
2150|Ordinario|17952|3000.00|95
2150|Ordinario|17996|3000.00|95
2150|Ordinario|18200|3000.00|95
2150|Ordinario|18272|3000.00|95
2150|Ordinario|18337|3000.00|95
2150|Ordinario|18362|3000.00|95
2150|Ordinario|18439|3000.00|95
2150|Ordinario|18519|3000.00|95
2150|Ordinario|18780|3000.00|95
2150|Ordinario|18913|3000.00|95
2150|Ordinario|18913|3000.00|95
2150|Ordinario|18947|3000.00|95
2150|Ordinario|18984|3000.00|95
2150|Ordinario|19154|3000.00|95
2150|Ordinario|19394|3000.00|95
2150|Ordinario|19461|3000.00|95
2150|Ordinario|19762|3000.00|95
2150|Ordinario|19773|3000.00|95
2150|Ordinario|19848|3000.00|95
2150|Ordinario|19891|3000.00|95
2150|Ordinario|19906|3000.00|95
2150|Ordinario|19978|3000.00|95
2150|Ordinario|20043|3000.00|95
2150|Ordinario|20460|3000.00|95
2150|Ordinario|20600|3000.00|95
2150|Ordinario|20740|3000.00|95
2150|Ordinario|20799|3000.00|95
2150|Ordinario|20801|5000.00|95
2150|Ordinario|20801|3000.00|95
2150|Ordinario|20807|3000.00|95
2150|Ordinario|20826|3000.00|95
2150|Ordinario|20900|3000.00|95
2150|Ordinario|21098|3000.00|95
2150|Ordinario|21138|3000.00|95
2150|Ordinario|21157|3000.00|95
2150|Ordinario|21159|3000.00|95
2150|Ordinario|21250|3000.00|95
2150|Ordinario|21429|3000.00|95
2150|Ordinario|21491|3000.00|95
2150|Ordinario|21620|3000.00|95
2150|Ordinario|21640|3000.00|95
2150|Ordinario|21687|3000.00|95
2150|Ordinario|21739|3000.00|95
2150|Ordinario|21784|3000.00|95
2150|Ordinario|21912|3000.00|95
2150|Ordinario|21955|3000.00|95
2150|Ordinario|22224|3000.00|95
2150|Ordinario|22373|3000.00|95
2150|SEGUNDO|22683|3000.00|95
2150|Ordinario|22866|800000.00|70
2150|Ordinario|22933|3000.00|95
2150|Ordinario|22951|5000.00|95
2150|Ordinario|23097|3000.00|95
2150|Ordinario|23380|3000.00|95
2150|Ordinario|23400|3000.00|95
2150|Ordinario|23411|3000.00|95
2150|Ordinario|23445|3000.00|95
2150|Ordinario|23751|3000.00|95
2150|Ordinario|23780|3800.00|95
2150|Ordinario|23781|3800.00|95
2150|Ordinario|23782|6000.00|95
2150|MAYOR|23783||0
2150|Ordinario|23784|6000.00|95
2150|Ordinario|23785|3800.00|95
2150|Ordinario|23786|3800.00|95
2150|Ordinario|23792|3000.00|95
2150|Ordinario|23846|3000.00|95
2150|Ordinario|23876|15000.00|95
2150|Ordinario|23915|5000.00|95
2150|Ordinario|23975|3000.00|95
2150|Ordinario|24000|3000.00|95
2150|Ordinario|24026|3000.00|95
2150|Ordinario|24037|3000.00|95
2150|Ordinario|24157|3000.00|95
2150|Ordinario|24230|3000.00|95
2150|Ordinario|24296|3000.00|95
2150|Ordinario|24356|3000.00|95
2150|Ordinario|24549|3000.00|95
2150|Ordinario|24582|3000.00|95
2150|Ordinario|24732|3000.00|95
2150|Ordinario|24764|3000.00|95
2150|Ordinario|24907|3000.00|95
2150|Ordinario|24943|3000.00|95
2150|Ordinario|24955|3000.00|95
2150|Ordinario|25032|3000.00|95
2150|Ordinario|25233|3000.00|95
2150|Ordinario|25237|3000.00|95
2150|Ordinario|25245|3000.00|95
2150|Ordinario|25267|3000.00|95
2150|Ordinario|25315|3000.00|95
2150|Ordinario|25468|3000.00|95
2150|Ordinario|25613|3000.00|95
2150|Ordinario|25682|3000.00|95
2150|Ordinario|25794|3000.00|95
2150|Ordinario|25794|3000.00|95
2150|Ordinario|25872|3000.00|95
2150|Ordinario|25884|3000.00|95
2150|Ordinario|26433|3000.00|95
2150|Ordinario|26482|3000.00|95
2150|Ordinario|26647|3000.00|95
2150|Ordinario|26722|3000.00|95
2150|Ordinario|26938|3000.00|95
2150|Ordinario|26953|3000.00|95
2150|Ordinario|26968|3000.00|95
2150|Ordinario|27114|3000.00|95
2150|Ordinario|27335|3000.00|95
2150|Ordinario|27376|3000.00|95
2150|Ordinario|27397|3000.00|95
2150|Ordinario|27643|3000.00|95
2150|Ordinario|27662|3000.00|95
2150|Ordinario|27671|3000.00|95
2150|Ordinario|27713|3000.00|95
2150|Ordinario|27720|3000.00|95
2150|Ordinario|27774|3000.00|95
2150|Ordinario|27908|3000.00|95
2150|Ordinario|27960|3000.00|95
2150|Ordinario|28033|3000.00|95
2150|Ordinario|28217|3000.00|95
2150|Ordinario|28436|3000.00|95
2150|Ordinario|28530|3000.00|95
2150|Ordinario|28538|3000.00|95
2150|Ordinario|28591|3000.00|95
2150|Ordinario|28652|3000.00|95
2150|Ordinario|28755|3000.00|95
2150|Ordinario|28837|3000.00|95
2150|Ordinario|28841|3000.00|95
2150|Ordinario|28904|3000.00|95
2150|Ordinario|28953|3000.00|95
2150|Ordinario|28981|3000.00|95
2150|Ordinario|29080|3000.00|95
2150|Ordinario|29090|3000.00|95
2150|Ordinario|29107|3000.00|95
2150|Ordinario|29155|3000.00|95
2150|Ordinario|29215|3000.00|95
2150|Ordinario|29235|3000.00|95
2150|Ordinario|29273|3000.00|95
2150|Ordinario|29321|3000.00|95
2150|Ordinario|29508|3000.00|95
2150|Ordinario|29521|3000.00|95
2150|Ordinario|29569|3000.00|95
2150|Ordinario|29732|3000.00|95
2150|Ordinario|29872|3000.00|95
2150|Ordinario|29901|3000.00|95
2150|Ordinario|30023|3000.00|95
2150|Ordinario|30043|3000.00|95
2150|Ordinario|30070|3000.00|95
2150|Ordinario|30077|3000.00|95
2150|Ordinario|30139|3000.00|95
2150|Ordinario|30264|3000.00|95
2150|Ordinario|30447|3000.00|95
2150|Ordinario|30592|3000.00|95
2150|Ordinario|30741|3000.00|95
2150|Ordinario|30806|3000.00|95
2150|Ordinario|30965|3000.00|95
2150|Ordinario|31013|3000.00|95
2150|Ordinario|31216|3000.00|95
2150|Ordinario|31276|3000.00|95
2150|Ordinario|31430|5000.00|95
2150|Ordinario|31460|3000.00|95
2150|Ordinario|31497|3000.00|95
2150|Ordinario|31625|3000.00|95
2150|Ordinario|31643|3000.00|95
2150|Ordinario|31661|3000.00|95
2150|Ordinario|31889|3000.00|95
2150|Ordinario|31899|3000.00|95
2150|Ordinario|31950|3000.00|95
2150|Ordinario|31989|3000.00|95
2150|SEXTO|32068||0
2150|Ordinario|32101|3000.00|95
2150|Ordinario|32323|3000.00|95
2150|Ordinario|32326|3000.00|95
2150|Ordinario|32381|5000.00|95
2150|Ordinario|32589|3000.00|95
2150|Ordinario|32598|3000.00|95
2150|Ordinario|32651|3000.00|95
2150|Ordinario|32694|3000.00|95
2150|Ordinario|32778|3000.00|95
2150|Ordinario|32781|3000.00|95
2150|Ordinario|32960|3000.00|95
2150|Ordinario|32994|3000.00|95
2150|Ordinario|33048|3000.00|95
2150|Ordinario|33174|5000.00|95
2150|Ordinario|33212|3000.00|95
2150|Ordinario|33259|5000.00|95
2150|Ordinario|33297|3000.00|95
2150|Ordinario|33367|3000.00|95
2150|Ordinario|33395|3000.00|95
2150|CUARTO|33803|3000.00|95
2150|Ordinario|33866|120000.00|70
2150|Ordinario|33949|3000.00|95
2150|Ordinario|34432|5000.00|95
2150|Ordinario|34496|3000.00|95
2150|Ordinario|34650|3000.00|95
2150|Ordinario|34691|3000.00|95
2150|Ordinario|34712|3000.00|95
2150|Ordinario|34878|3000.00|95
2150|Ordinario|34965|3000.00|95
2150|Ordinario|35021|3000.00|95
2150|Ordinario|35037|3000.00|95
2150|Ordinario|35053|3000.00|95
2150|QUINTO|35531|100000.00|70
2150|Ordinario|35577|3000.00|95
2150|Ordinario|35611|3000.00|95
2150|Ordinario|35624|3000.00|95
2150|Ordinario|35717|3000.00|95
2150|Ordinario|35757|3000.00|95
2150|Ordinario|35765|3000.00|95
2150|Ordinario|35776|3000.00|95
2150|Ordinario|35990|3000.00|95
2150|Ordinario|36078|3000.00|95
2150|Ordinario|36083|3000.00|95
2150|Ordinario|36254|3000.00|95
2150|Ordinario|36411|3000.00|95
2150|Ordinario|36451|3000.00|95
2150|Ordinario|36497|3000.00|95
2150|Ordinario|36546|3000.00|95
2150|Ordinario|36657|3000.00|95
2150|Ordinario|36705|3000.00|95
2150|Ordinario|36729|3000.00|95
2150|Ordinario|36904|3000.00|95
2150|Ordinario|36905|3000.00|95
2150|Ordinario|36985|3000.00|95
2150|Ordinario|37126|15000.00|95
2150|Ordinario|37145|3000.00|95
2150|Ordinario|37175|3000.00|95
2150|Ordinario|37242|3000.00|95
2150|Ordinario|37465|3000.00|95
2150|Ordinario|37474|3000.00|95
2150|Ordinario|37494|3000.00|95
2150|Ordinario|37510|3000.00|95
2150|Ordinario|37563|3000.00|95
2150|Ordinario|37583|3000.00|95
2150|Ordinario|37639|3000.00|95
2150|Ordinario|37671|3000.00|95
2150|Ordinario|37684|3000.00|95
2150|Ordinario|37905|3000.00|95
2150|Ordinario|37999|3000.00|95
2150|Ordinario|38325|3000.00|95
2150|Ordinario|38358|3000.00|95
2150|Ordinario|38758|3000.00|95
2150|Ordinario|38803|3000.00|95
2150|Ordinario|38907|3000.00|95
2150|Ordinario|38980|3000.00|95
2150|Ordinario|39031|3000.00|95
2150|Ordinario|39156|3000.00|95
2150|Ordinario|39164|3000.00|95
2150|Ordinario|39198|3000.00|95
2150|Ordinario|39207|5000.00|95
2150|Ordinario|39376|3000.00|95
2150|Ordinario|39507|3000.00|95
2150|Ordinario|39528|3000.00|95
2150|Ordinario|39638|3000.00|95
2150|Ordinario|39656|3000.00|95
2150|Ordinario|39685|3000.00|95
2150|Ordinario|39713|3000.00|95
2150|Ordinario|39724|3000.00|95
2150|Ordinario|39860|3000.00|95
2150|Ordinario|39948|3000.00|95
2150|Ordinario|39964|3000.00|95
2150|Ordinario|39972|3000.00|95
2150|Ordinario|39997|3000.00|95
2150|Ordinario|40023|3000.00|95
2150|Ordinario|40173|3000.00|95
2150|Ordinario|40187|3000.00|95
2150|Ordinario|40294|3000.00|95
2150|Ordinario|40300|3000.00|95
2150|Ordinario|40305|3000.00|95
2150|Ordinario|40307|3000.00|95
2150|Ordinario|40383|3000.00|95
2150|Ordinario|40406|3000.00|95
2150|Ordinario|40458|3000.00|95
2150|Ordinario|40535|3000.00|95
2150|Ordinario|40714|3000.00|95
2150|Ordinario|40743|3000.00|95
2150|Ordinario|40788|3000.00|95
2150|Ordinario|40832|3000.00|95
2150|Ordinario|40928|3000.00|95
2150|Ordinario|40979|3000.00|95
2150|Ordinario|40984|3000.00|95
2150|Ordinario|41255|3000.00|95
2150|Ordinario|41310|3000.00|95
2150|Ordinario|41355|3000.00|95
2150|Ordinario|41507|3000.00|95
2150|Ordinario|41528|3000.00|95
2150|Ordinario|41803|3000.00|95
2150|Ordinario|41824|3000.00|95
2150|Ordinario|41826|3000.00|95
2150|Ordinario|41848|3000.00|95
2150|Ordinario|41936|3000.00|95
2150|Ordinario|41995|3000.00|95
2150|Ordinario|42050|3000.00|95
2150|Ordinario|42068|3000.00|95
2150|Ordinario|42142|3000.00|95
2150|Ordinario|42161|5000.00|95
2150|Ordinario|42208|3000.00|95
2150|Ordinario|42283|3000.00|95
2150|Ordinario|42456|3000.00|95
2150|Ordinario|43120|3000.00|95
2150|Ordinario|43203|3000.00|95
2150|Ordinario|43271|3000.00|95
2150|Ordinario|43428|3000.00|95
2150|Ordinario|43435|3000.00|95
2150|Ordinario|43463|3000.00|95
2150|Ordinario|43579|3000.00|95
2150|Ordinario|43602|5000.00|95
2150|Ordinario|43712|3000.00|95
2150|Ordinario|43912|3000.00|95
2150|Ordinario|43922|3000.00|95
2150|Ordinario|44002|3000.00|95
2150|Ordinario|44045|3000.00|95
2150|Ordinario|44054|5000.00|95
2150|MAYOR|44167|3000.00|95
2150|Ordinario|44296|3000.00|95
2150|Ordinario|44375|3000.00|95
2150|Ordinario|44416|3000.00|95
2150|Ordinario|44464|3000.00|95
2150|Ordinario|44519|3000.00|95
2150|Ordinario|44557|3000.00|95
2150|Ordinario|44755|3000.00|95
2150|Ordinario|44821|3000.00|95
2150|Ordinario|44940|3000.00|95
2150|Ordinario|44966|3000.00|95
2150|Ordinario|45004|3000.00|95
2150|Ordinario|45061|5000.00|95
2150|Ordinario|45229|3000.00|95
2150|Ordinario|45231|3000.00|95
2150|Ordinario|45321|15000.00|95
2150|Ordinario|45380|3000.00|95
2150|Ordinario|45534|3000.00|95
2150|Ordinario|45541|3000.00|95
2150|Ordinario|45577|3000.00|95
2150|Ordinario|45588|3000.00|95
2150|Ordinario|45748|3000.00|95
2150|Ordinario|45835|3000.00|95
2150|Ordinario|46035|3000.00|95
2150|Ordinario|46121|3000.00|95
2150|Ordinario|46474|3000.00|95
2150|Ordinario|46479|3000.00|95
2150|Ordinario|46538|3000.00|95
2150|Ordinario|46815|3000.00|95
2150|Ordinario|46922|3000.00|95
2150|Ordinario|47064|5000.00|95
2150|Ordinario|47201|3000.00|95
2150|Ordinario|47240|3000.00|95
2150|Ordinario|47358|3000.00|95
2150|Ordinario|47362|3000.00|95
2150|Ordinario|47375|3000.00|95
2150|Ordinario|47643|3000.00|95
2150|Ordinario|47787|3000.00|95
2150|Ordinario|47808|3000.00|95
2150|Ordinario|47915|3000.00|95
2150|Ordinario|47923|3000.00|95
2150|Ordinario|48363|3000.00|95
2150|Ordinario|48439|3000.00|95
2150|Ordinario|48523|3000.00|95
2150|Ordinario|48559|3000.00|95
2150|Ordinario|48729|5000.00|95
2150|Ordinario|48974|3000.00|95
2150|Ordinario|49254|3000.00|95
2150|Ordinario|49392|3000.00|95
2150|Ordinario|49396|3000.00|95
2150|Ordinario|49454|3000.00|95
2150|Ordinario|49660|3000.00|95
2150|Ordinario|49791|15000.00|95
2150|Ordinario|49988|3000.00|95
2150|Ordinario|50112|3000.00|95
2150|Ordinario|50126|3000.00|95
2150|Ordinario|50179|5000.00|95
2150|Ordinario|50201|3000.00|95
2150|Ordinario|50207|3000.00|95
2150|Ordinario|50438|3000.00|95
2150|Ordinario|50472|3000.00|95
2150|Ordinario|50492|3000.00|95
2150|Ordinario|50653|3000.00|95
2150|Ordinario|50683|3000.00|95
2150|Ordinario|50958|3000.00|95
2150|Ordinario|51059|3000.00|95
2150|Ordinario|51302|3000.00|95
2150|Ordinario|51313|3000.00|95
2150|Ordinario|51462|3000.00|95
2150|Ordinario|51485|3000.00|95
2150|Ordinario|51575|3000.00|95
2150|Ordinario|51607|3000.00|95
2150|Ordinario|51625|3000.00|95
2150|Ordinario|51686|3000.00|95
2150|Ordinario|51937|3000.00|95
2150|Ordinario|52228|3000.00|95
2150|Ordinario|52269|3000.00|95
2150|Ordinario|52386|3000.00|95
2150|Ordinario|52634|3000.00|95
2150|Ordinario|52691|3000.00|95
2150|Ordinario|52706|3000.00|95
2150|Ordinario|52762|3000.00|95
2150|Ordinario|52903|5000.00|95
2150|Ordinario|52985|3000.00|95
2150|Ordinario|52990|3000.00|95
2150|Ordinario|53189|3000.00|95
2150|Ordinario|53207|3000.00|95
2150|Ordinario|53273|3000.00|95
2150|Ordinario|53372|3000.00|95
2150|Ordinario|53710|3000.00|95
2150|Ordinario|53740|3000.00|95
2150|Ordinario|53749|3000.00|95
2150|Ordinario|53763|5000.00|95
2150|Ordinario|53786|5000.00|95
2150|Ordinario|53821|3000.00|95
2150|SEXTO|53928|40000.00|70
2150|Ordinario|53930|3000.00|95
2150|Ordinario|53962|3000.00|95
2150|Ordinario|53990|3000.00|95
2150|Ordinario|54009|3000.00|95
2150|Ordinario|54041|3000.00|95
2150|Ordinario|54218|3000.00|95
2150|Ordinario|54265|3000.00|95
2150|Ordinario|54329|3000.00|95
2150|Ordinario|54853|3000.00|95
2150|Ordinario|54956|3000.00|95
2150|Ordinario|55268|3000.00|95
2150|Ordinario|55403|3000.00|95
2150|Ordinario|55606|3000.00|95
2150|Ordinario|55800|3000.00|95
2150|Ordinario|55917|3000.00|95
2150|Ordinario|55931|3000.00|95
2150|Ordinario|55940|3000.00|95
2150|Ordinario|55951|3000.00|95
2150|Ordinario|55976|3000.00|95
2150|Ordinario|55987|3000.00|95
2150|Ordinario|56420|3000.00|95
2150|Ordinario|56491|3000.00|95
2150|Ordinario|56496|15000.00|95
2150|Ordinario|56543|5000.00|95
2150|Ordinario|56602|3000.00|95
2150|Ordinario|56620|3000.00|95
2150|Ordinario|56676|3000.00|95
2150|Ordinario|56782|3000.00|95
2150|Ordinario|56927|3000.00|95
2150|Ordinario|57031|3000.00|95
2150|Ordinario|57083|3000.00|95
2150|Ordinario|57217|3000.00|95
2150|Ordinario|57659|3000.00|95
2150|Ordinario|57875|3000.00|95
2150|Ordinario|58078|3000.00|95
2150|Ordinario|58199|3000.00|95
2150|Ordinario|58328|3000.00|95
2150|Ordinario|58454|3000.00|95
2150|Ordinario|58454|3000.00|95
2150|Ordinario|58561|3000.00|95
2150|Ordinario|58564|15000.00|95
2150|Ordinario|58800|3000.00|95
2150|Ordinario|58954|3000.00|95
2150|Ordinario|59208|3000.00|95
2150|Ordinario|59283|3000.00|95
2150|Ordinario|59397|3000.00|95
2150|Ordinario|59520|3000.00|95
2150|Ordinario|59626|5000.00|95
2150|Ordinario|59681|3000.00|95
2150|Ordinario|59772|3000.00|95
2150|Ordinario|59877|3000.00|95
2150|Ordinario|59901|5000.00|95
2150|Ordinario|60032|3000.00|95
2150|Ordinario|60227|5000.00|95
2150|Ordinario|60228|3000.00|95
2150|Ordinario|60249|5000.00|95
2150|Ordinario|60263|3000.00|95
2150|Ordinario|60277|3000.00|95
2150|Ordinario|60436|3000.00|95
2150|Ordinario|60508|3000.00|95
2150|Ordinario|60668|3000.00|95
2150|Ordinario|60935|3000.00|95
2286|Ordinario|01237|3000.00|95
2286|Ordinario|01297|3000.00|95
2286|Ordinario|01399|5000.00|95
2286|Ordinario|01418|3000.00|95
2286|Ordinario|01526|3000.00|95
2286|Ordinario|01536|3000.00|95
2286|Ordinario|01548|3000.00|95
2286|Ordinario|01619|3000.00|95
2286|Ordinario|01656|3000.00|95
2286|Ordinario|01676|3000.00|95
2286|Ordinario|01760|3000.00|95
2286|Ordinario|01764|3000.00|95
2286|Ordinario|01898|3000.00|95
2286|Ordinario|01906|3000.00|95
2286|Ordinario|01961|3000.00|95
2286|Ordinario|01989|3000.00|95
2286|Ordinario|02031|3000.00|95
2286|Ordinario|02130|5000.00|95
2286|Ordinario|02133|3000.00|95
2286|Ordinario|02264|3000.00|95
2286|Ordinario|02300|3000.00|95
2286|Ordinario|02503|3000.00|95
2286|Ordinario|02595|3000.00|95
2286|Ordinario|02667|3000.00|95
2286|Ordinario|02775|3000.00|95
2286|Ordinario|02818|3000.00|95
2286|Ordinario|02868|3000.00|95
2286|Ordinario|02888|3000.00|95
2286|Ordinario|02939|3000.00|95
2286|Ordinario|03432|3000.00|95
2286|Ordinario|03519|3000.00|95
2286|Ordinario|03969|3000.00|95
2286|Ordinario|04093|3000.00|95
2286|Ordinario|04534|3000.00|95
2286|Ordinario|04542|3000.00|95
2286|Ordinario|04567|3000.00|95
2286|Ordinario|04580|3000.00|95
2286|Ordinario|04641|3000.00|95
2286|Ordinario|04685|3000.00|95
2286|Ordinario|04696|3000.00|95
2286|Ordinario|04770|3000.00|95
2286|Ordinario|04790|3000.00|95
2286|Ordinario|04795|3000.00|95
2286|Ordinario|04867|3000.00|95
2286|Ordinario|04909|3000.00|95
2286|Ordinario|05024|5000.00|95
2286|Ordinario|05153|3000.00|95
2286|Ordinario|05247|3000.00|95
2286|Ordinario|05497|3000.00|95
2286|Ordinario|05624|3000.00|95
2286|Ordinario|05948|3000.00|95
2286|Ordinario|06014|3000.00|95
2286|Ordinario|06126|3000.00|95
2286|Ordinario|06147|3000.00|95
2286|Ordinario|06174|3000.00|95
2286|Ordinario|06193|3000.00|95
2286|Ordinario|06608|3000.00|95
2286|Ordinario|06727|3000.00|95
2286|Ordinario|06769|3000.00|95
2286|Ordinario|06788|3000.00|95
2286|Ordinario|06822|3000.00|95
2286|Ordinario|06823|3000.00|95
2286|Ordinario|06825|3000.00|95
2286|Ordinario|06934|5000.00|95
2286|Ordinario|06968|3000.00|95
2286|Ordinario|07299|3000.00|95
2286|Ordinario|07332|3000.00|95
2286|Ordinario|07474|3000.00|95
2286|Ordinario|07505|3000.00|95
2286|Ordinario|07606|3000.00|95
2286|Ordinario|07611|3000.00|95
2286|Ordinario|07616|3000.00|95
2286|Ordinario|08083|3000.00|95
2286|Ordinario|08169|3000.00|95
2286|Ordinario|08215|3000.00|95
2286|Ordinario|08258|3000.00|95
2286|Ordinario|08289|5000.00|95
2286|Ordinario|08449|5000.00|95
2286|Ordinario|08498|3000.00|95
2286|Ordinario|08519|3000.00|95
2286|Ordinario|08526|3000.00|95
2286|Ordinario|08567|3000.00|95
2286|Ordinario|08572|3000.00|95
2286|Ordinario|08591|3000.00|95
2286|Ordinario|08605|3000.00|95
2286|Ordinario|08606|3000.00|95
2286|Ordinario|08666|3000.00|95
2286|Ordinario|08669|3000.00|95
2286|Ordinario|08676|3000.00|95
2286|Ordinario|08742|3000.00|95
2286|Ordinario|08747|3000.00|95
2286|Ordinario|08813|3000.00|95
2286|Ordinario|08890|3000.00|95
2286|Ordinario|08980|3000.00|95
2286|Ordinario|08984|3000.00|95
2286|Ordinario|08995|3000.00|95
2286|Ordinario|08996|3000.00|95
2286|Ordinario|09062|3000.00|95
2286|Ordinario|09078|3000.00|95
2286|Ordinario|09098|3000.00|95
2286|Ordinario|09192|3000.00|95
2286|Ordinario|09451|3000.00|95
2286|Ordinario|09475|3000.00|95
2286|Ordinario|09778|3000.00|95
2286|Ordinario|09810|3000.00|95
2286|Ordinario|10126|3000.00|95
2286|Ordinario|10238|3000.00|95
2286|Ordinario|10274|3000.00|95
2286|Ordinario|10318|3000.00|95
2286|Ordinario|10339|3000.00|95
2286|Ordinario|10369|5000.00|95
2286|Ordinario|10403|3000.00|95
2286|Ordinario|10479|3000.00|95
2286|Ordinario|10710|3000.00|95
2286|Ordinario|10801|3000.00|95
2286|Ordinario|10942|3000.00|95
2286|Ordinario|11080|3000.00|95
2286|Ordinario|11147|3000.00|95
2286|Ordinario|11222|3000.00|95
2286|Ordinario|11391|3000.00|95
2286|Ordinario|11412|3000.00|95
2286|Ordinario|11450|3000.00|95
2286|Ordinario|11465|3000.00|95
2286|Ordinario|11524|3000.00|95
2286|Ordinario|11586|3000.00|95
2286|Ordinario|11599|3000.00|95
2286|Ordinario|11696|3000.00|95
2286|Ordinario|11696|3000.00|95
2286|Ordinario|11822|3000.00|95
2286|Ordinario|11959|3000.00|95
2286|Ordinario|12197|3000.00|95
2286|Ordinario|12218|3000.00|95
2286|Ordinario|12339|3000.00|95
2286|Ordinario|12391|3000.00|95
2286|Ordinario|12571|3000.00|95
2286|Ordinario|12778|5000.00|95
2286|Ordinario|12799|3000.00|95
2286|Ordinario|12946|3000.00|95
2286|Ordinario|13063|5000.00|95
2286|Ordinario|13109|3000.00|95
2286|Ordinario|13180|3000.00|95
2286|Ordinario|13294|3000.00|95
2286|Ordinario|13336|3000.00|95
2286|Ordinario|13357|3000.00|95
2286|Ordinario|13394|3000.00|95
2286|Ordinario|13398|3000.00|95
2286|Ordinario|13523|3000.00|95
2286|Ordinario|13552|3000.00|95
2286|Ordinario|13586|3000.00|95
2286|Ordinario|13686|3000.00|95
2286|Ordinario|13710|3000.00|95
2286|Ordinario|13799|3000.00|95
2286|Ordinario|13874|3000.00|95
2286|Ordinario|14109|3000.00|95
2286|Ordinario|14354|3000.00|95
2286|Ordinario|14470|3000.00|95
2286|Ordinario|14478|3000.00|95
2286|Ordinario|14566|3000.00|95
2286|Ordinario|14576|3000.00|95
2286|Ordinario|14587|3000.00|95
2286|Ordinario|14609|3000.00|95
2286|Ordinario|14802|3000.00|95
2286|Ordinario|14837|3000.00|95
2286|Ordinario|14894|5000.00|95
2286|Ordinario|15083|3000.00|95
2286|Ordinario|15102|5000.00|95
2286|MAYOR|15383|3000.00|95
2286|MAYOR|15423|5000.00|95
2286|Ordinario|15833|3000.00|95
2286|Ordinario|15854|5000.00|95
2286|Ordinario|16329|3000.00|95
2286|Ordinario|16355|3000.00|95
2286|Ordinario|16556|3000.00|95
2286|Ordinario|16576|3000.00|95
2286|Ordinario|16604|3000.00|95
2286|Ordinario|16702|3000.00|95
2286|Ordinario|16777|3000.00|95
2286|Ordinario|16808|3000.00|95
2286|Ordinario|16896|5000.00|95
2286|Ordinario|17026|3000.00|95
2286|Ordinario|17318|3000.00|95
2286|Ordinario|17391|3000.00|95
2286|Ordinario|17487|3000.00|95
2286|Ordinario|17497|3000.00|95
2286|Ordinario|17502|3000.00|95
2286|Ordinario|17512|3000.00|95
2286|Ordinario|17566|3000.00|95
2286|Ordinario|17590|3000.00|95
2286|Ordinario|17605|3000.00|95
2286|Ordinario|17666|3000.00|95
2286|Ordinario|17766|3000.00|95
2286|Ordinario|17771|3000.00|95
2286|Ordinario|17942|3000.00|95
2286|Ordinario|18058|3000.00|95
2286|Ordinario|18096|3000.00|95
2286|Ordinario|18098|3000.00|95
2286|Ordinario|18341|3000.00|95
2286|Ordinario|18481|3000.00|95
2286|Ordinario|18528|5000.00|95
2286|Ordinario|18757|3000.00|95
2286|Ordinario|18854|3000.00|95
2286|Ordinario|18941|3000.00|95
2286|Ordinario|19009|3000.00|95
2286|Ordinario|19321|3000.00|95
2286|Ordinario|19344|3000.00|95
2286|Ordinario|19465|3000.00|95
2286|Ordinario|19606|3000.00|95
2286|Ordinario|19674|15000.00|95
2286|Ordinario|19728|3000.00|95
2286|Ordinario|19866|3000.00|95
2286|Ordinario|19959|3000.00|95
2286|Ordinario|20592|3800.00|95
2286|Ordinario|20593|3800.00|95
2286|Ordinario|20594|6000.00|95
2286|MAYOR|20595||0
2286|Ordinario|20596|6000.00|95
2286|Ordinario|20597|3800.00|95
2286|Ordinario|20598|3800.00|95
2286|Ordinario|20654|3000.00|95
2286|Ordinario|20698|3000.00|95
2286|Ordinario|20731|3000.00|95
2286|Ordinario|20756|3000.00|95
2286|Ordinario|20780|3000.00|95
2286|Ordinario|20959|3000.00|95
2286|Ordinario|21344|3000.00|95
2286|Ordinario|21352|3000.00|95
2286|Ordinario|21359|3000.00|95
2286|Ordinario|21379|3000.00|95
2286|Ordinario|21418|3000.00|95
2286|Ordinario|21422|3000.00|95
2286|Ordinario|21581|3000.00|95
2286|Ordinario|21587|3000.00|95
2286|Ordinario|21622|3000.00|95
2286|Ordinario|21655|3000.00|95
2286|Ordinario|21656|3000.00|95
2286|Ordinario|21769|3000.00|95
2286|Ordinario|21810|3000.00|95
2286|Ordinario|21817|5000.00|95
2286|Ordinario|21914|3000.00|95
2286|Ordinario|21950|3000.00|95
2286|Ordinario|21996|3000.00|95
2286|Ordinario|22026|3000.00|95
2286|Ordinario|22080|3000.00|95
2286|Ordinario|22141|3000.00|95
2286|Ordinario|22193|3000.00|95
2286|Ordinario|22234|3000.00|95
2286|Ordinario|22314|3000.00|95
2286|Ordinario|22419|3000.00|95
2286|Ordinario|22460|3000.00|95
2286|Ordinario|22528|3000.00|95
2286|Ordinario|22611|3000.00|95
2286|Ordinario|22881|3000.00|95
2286|Ordinario|22963|3000.00|95
2286|Ordinario|23019|3000.00|95
2286|Ordinario|23135|3000.00|95
2286|Ordinario|23177|3000.00|95
2286|Ordinario|23197|3000.00|95
2286|Ordinario|23394|3000.00|95
2286|Ordinario|23597|3000.00|95
2286|Ordinario|23608|3000.00|95
2286|Ordinario|23703|3000.00|95
2286|Ordinario|23722|3000.00|95
2286|Ordinario|23798|3000.00|95
2286|Ordinario|23927|3000.00|95
2286|Ordinario|23990|3000.00|95
2286|Ordinario|24046|5000.00|95
2286|Ordinario|24159|3000.00|95
2286|Ordinario|24431|3000.00|95
2286|Ordinario|24458|3000.00|95
2286|Ordinario|24486|5000.00|95
2286|Ordinario|24512|3000.00|95
2286|CUARTO|24629|3000.00|95
2286|Ordinario|24662|120000.00|70
2286|Ordinario|24795|5000.00|95
2286|Ordinario|25019|3000.00|95
2286|Ordinario|25334|3000.00|95
2286|Ordinario|25608|3000.00|95
2286|Ordinario|25789|3000.00|95
2286|Ordinario|25860|3000.00|95
2286|Ordinario|25875|3000.00|95
2286|Ordinario|25877|3000.00|95
2286|Ordinario|25999|3000.00|95
2286|Ordinario|26058|3000.00|95
2286|Ordinario|26092|3000.00|95
2286|Ordinario|26199|3000.00|95
2286|Ordinario|26506|3000.00|95
2286|Ordinario|26541|3000.00|95
2286|Ordinario|26568|5000.00|95
2286|Ordinario|26630|3000.00|95
2286|Ordinario|26646|3000.00|95
2286|Ordinario|26968|3000.00|95
2286|Ordinario|26993|3000.00|95
2286|Ordinario|27039|3000.00|95
2286|Ordinario|27132|3000.00|95
2286|Ordinario|27174|3000.00|95
2286|Ordinario|27177|3000.00|95
2286|Ordinario|27410|3000.00|95
2286|Ordinario|27480|3000.00|95
2286|Ordinario|27711|3000.00|95
2286|Ordinario|27767|3000.00|95
2286|Ordinario|27875|3000.00|95
2286|Ordinario|28066|3000.00|95
2286|Ordinario|28182|3000.00|95
2286|Ordinario|28191|3000.00|95
2286|Ordinario|28314|3000.00|95
2286|Ordinario|28518|3000.00|95
2286|Ordinario|28623|3000.00|95
2286|Ordinario|28699|3000.00|95
2286|Ordinario|28843|3000.00|95
2286|Ordinario|29049|3000.00|95
2286|Ordinario|29231|3000.00|95
2286|Ordinario|29552|3000.00|95
2286|Ordinario|29597|3000.00|95
2286|Ordinario|29663|3000.00|95
2286|Ordinario|29819|3000.00|95
2286|Ordinario|29891|3000.00|95
2286|Ordinario|29919|3000.00|95
2286|Ordinario|29922|3000.00|95
2286|Ordinario|30033|3000.00|95
2286|Ordinario|30049|3000.00|95
2286|Ordinario|30138|3000.00|95
2286|Ordinario|30188|3000.00|95
2286|Ordinario|30288|3000.00|95
2286|Ordinario|30349|3000.00|95
2286|Ordinario|30484|3000.00|95
2286|Ordinario|30528|3000.00|95
2286|Ordinario|30619|3000.00|95
2286|Ordinario|30897|3000.00|95
2286|Ordinario|30951|3000.00|95
2286|Ordinario|31054|3000.00|95
2286|Ordinario|31098|3000.00|95
2286|Ordinario|31146|3000.00|95
2286|Ordinario|31330|3000.00|95
2286|Ordinario|31767|3000.00|95
2286|Ordinario|31890|3000.00|95
2286|Ordinario|31914|3000.00|95
2286|Ordinario|32013|3000.00|95
2286|Ordinario|32021|3000.00|95
2286|Ordinario|32058|3000.00|95
2286|Ordinario|32150|3000.00|95
2286|Ordinario|32237|3000.00|95
2286|Ordinario|32299|3000.00|95
2286|Ordinario|32522|3000.00|95
2286|Ordinario|32695|3000.00|95
2286|Ordinario|32696|3000.00|95
2286|Ordinario|32891|3000.00|95
2286|Ordinario|32959|3000.00|95
2286|Ordinario|33260|3000.00|95
2286|Ordinario|33384|5000.00|95
2286|Ordinario|33407|3000.00|95
2286|Ordinario|33413|3000.00|95
2286|Ordinario|33519|3000.00|95
2286|Ordinario|33631|3000.00|95
2286|Ordinario|33715|3000.00|95
2286|Ordinario|33742|3000.00|95
2286|Ordinario|33886|3000.00|95
2286|Ordinario|33921|3000.00|95
2286|Ordinario|34117|3000.00|95
2286|Ordinario|34216|3000.00|95
2286|Ordinario|34259|3000.00|95
2286|Ordinario|34278|3000.00|95
2286|Ordinario|34333|3000.00|95
2286|Ordinario|34354|3000.00|95
2286|Ordinario|34483|3000.00|95
2286|Ordinario|34500|3000.00|95
2286|Ordinario|34504|5000.00|95
2286|Ordinario|34605|3000.00|95
2286|Ordinario|35169|3000.00|95
2286|Ordinario|35387|3000.00|95
2286|Ordinario|35405|3000.00|95
2286|Ordinario|35472|3000.00|95
2286|Ordinario|35493|3000.00|95
2286|Ordinario|35632|3000.00|95
2286|Ordinario|35835|3000.00|95
2286|Ordinario|35954|3000.00|95
2286|Ordinario|36000|3000.00|95
2286|Ordinario|36041|15000.00|95
2286|Ordinario|36059|3000.00|95
2286|Ordinario|36260|3000.00|95
2286|Ordinario|36307|3000.00|95
2286|Ordinario|36390|3000.00|95
2286|Ordinario|36415|3000.00|95
2286|Ordinario|36447|3000.00|95
2286|Ordinario|36675|5000.00|95
2286|Ordinario|36798|5000.00|95
2286|Ordinario|36860|3000.00|95
2286|Ordinario|36918|3000.00|95
2286|Ordinario|37031|3000.00|95
2286|Ordinario|37069|3000.00|95
2286|Ordinario|37092|3000.00|95
2286|Ordinario|37160|3000.00|95
2286|Ordinario|37267|3000.00|95
2286|Ordinario|37309|3000.00|95
2286|Ordinario|37348|15000.00|95
2286|Ordinario|37349|3000.00|95
2286|Ordinario|37399|3000.00|95
2286|Ordinario|37445|3000.00|95
2286|Ordinario|37482|3000.00|95
2286|Ordinario|37514|3000.00|95
2286|Ordinario|37647|3000.00|95
2286|Ordinario|37773|3000.00|95
2286|Ordinario|37839|3000.00|95
2286|Ordinario|37985|3000.00|95
2286|Ordinario|38010|3000.00|95
2286|Ordinario|38090|3000.00|95
2286|Ordinario|38226|3000.00|95
2286|Ordinario|38255|3000.00|95
2286|Ordinario|38297|3000.00|95
2286|Ordinario|38299|3000.00|95
2286|Ordinario|38339|3000.00|95
2286|Ordinario|38351|3000.00|95
2286|Ordinario|38377|3000.00|95
2286|Ordinario|38685|3000.00|95
2286|Ordinario|38727|5000.00|95
2286|Ordinario|38767|3000.00|95
2286|Ordinario|39034|3000.00|95
2286|Ordinario|39044|3000.00|95
2286|Ordinario|39287|3000.00|95
2286|Ordinario|39423|3000.00|95
2286|Ordinario|39487|3000.00|95
2286|Ordinario|40046|15000.00|95
2286|Ordinario|40074|3000.00|95
2286|Ordinario|40079|3000.00|95
2286|Ordinario|40423|5000.00|95
2286|Ordinario|40519|3000.00|95
2286|Ordinario|40542|3000.00|95
2286|Ordinario|40597|5000.00|95
2286|Ordinario|40653|3000.00|95
2286|Ordinario|40801|3000.00|95
2286|Ordinario|40828|3000.00|95
2286|Ordinario|41133|3000.00|95
2286|Ordinario|41151|3000.00|95
2286|Ordinario|41287|3000.00|95
2286|Ordinario|41311|3000.00|95
2286|Ordinario|41403|3000.00|95
2286|Ordinario|41480|3000.00|95
2286|Ordinario|41560|3000.00|95
2286|Ordinario|41599|3000.00|95
2286|Ordinario|41651|3000.00|95
2286|Ordinario|41775|3000.00|95
2286|Ordinario|41862|3000.00|95
2286|Ordinario|41962|3000.00|95
2286|Ordinario|41993|3000.00|95
2286|Ordinario|42035|3000.00|95
2286|Ordinario|42134|3000.00|95
2286|Ordinario|42148|3000.00|95
2286|Ordinario|42339|3000.00|95
2286|Ordinario|42412|3000.00|95
2286|Ordinario|42490|5000.00|95
2286|Ordinario|42574|3000.00|95
2286|Ordinario|42618|3000.00|95
2286|SEXTO|42661|3000.00|95
2286|Ordinario|42851|40000.00|70
2286|Ordinario|43173|3000.00|95
2286|Ordinario|43291|3000.00|95
2286|Ordinario|43677|3000.00|95
2286|Ordinario|43861|3000.00|95
2286|Ordinario|43906|3000.00|95
2286|Ordinario|43958|3000.00|95
2286|Ordinario|44067|3000.00|95
2286|Ordinario|44169|3000.00|95
2286|Ordinario|44215|3000.00|95
2286|Ordinario|44256|3000.00|95
2286|Ordinario|44265|3000.00|95
2286|Ordinario|44355|3000.00|95
2286|Ordinario|44356|3000.00|95
2286|Ordinario|44377|3000.00|95
2286|Ordinario|44377|3000.00|95
2286|Ordinario|44497|3000.00|95
2286|Ordinario|44536|3000.00|95
2286|Ordinario|44679|5000.00|95
2286|Ordinario|44758|3000.00|95
2286|Ordinario|45306|3000.00|95
2286|Ordinario|45355|3000.00|95
2286|Ordinario|45382|3000.00|95
2286|Ordinario|45469|3000.00|95
2286|Ordinario|45538|3000.00|95
2286|SEXTO|45594|40000.00|70
2286|Ordinario|45767|3000.00|95
2286|Ordinario|45841|3000.00|95
2286|Ordinario|45937|3000.00|95
2286|TERCER|45944|3000.00|95
2286|Ordinario|46137|160000.00|70
2286|Ordinario|46235|3000.00|95
2286|Ordinario|46290|5000.00|95
2286|Ordinario|46337|3000.00|95
2286|Ordinario|46485|3000.00|95
2286|Ordinario|46502|3000.00|95
2286|Ordinario|46549|3000.00|95
2286|Ordinario|46568|3000.00|95
2286|Ordinario|46603|3000.00|95
2286|Ordinario|46679|3000.00|95
2286|Ordinario|46733|3000.00|95
2286|Ordinario|46856|3000.00|95
2286|Ordinario|46872|3000.00|95
2286|Ordinario|46927|3000.00|95
2286|Ordinario|47037|3000.00|95
2286|Ordinario|47135|3000.00|95
2286|Ordinario|47269|3000.00|95
2286|Ordinario|47269|3000.00|95
2286|Ordinario|47383|3000.00|95
2286|Ordinario|47559|3000.00|95
2286|Ordinario|47607|3000.00|95
2286|Ordinario|47628|5000.00|95
2286|Ordinario|47844|3000.00|95
2286|Ordinario|47847|3000.00|95
2286|Ordinario|47989|3000.00|95
2286|Ordinario|48002|3000.00|95
2286|Ordinario|48065|3000.00|95
2286|Ordinario|48097|3000.00|95
2286|MAYOR|48273|3000.00|95
2286|Ordinario|48324|3000.00|95
2286|Ordinario|48336|15000.00|95
2286|Ordinario|48434|3000.00|95
2286|Ordinario|48454|3000.00|95
2286|Ordinario|48486|3000.00|95
2286|Ordinario|48527|3000.00|95
2286|Ordinario|48584|3000.00|95
2286|Ordinario|48586|3000.00|95
2286|Ordinario|48926|3000.00|95
2286|Ordinario|48969|3000.00|95
2286|Ordinario|48998|3000.00|95
2286|Ordinario|49025|3000.00|95
2286|Ordinario|49480|3000.00|95
2286|Ordinario|49492|3000.00|95
2286|Ordinario|49529|3000.00|95
2286|Ordinario|49559|3000.00|95
2286|Ordinario|49559|3000.00|95
2286|Ordinario|49847|3000.00|95
2286|Ordinario|49922|3000.00|95
2286|Ordinario|49965|3000.00|95
2286|Ordinario|49966|3000.00|95
2286|Ordinario|50144|3000.00|95
2286|Ordinario|50154|3000.00|95
2286|Ordinario|50277|5000.00|95
2286|Ordinario|50298|3000.00|95
2286|Ordinario|50321|3000.00|95
2286|Ordinario|50327|3000.00|95
2286|Ordinario|50472|3000.00|95
2286|Ordinario|50476|3000.00|95
2286|Ordinario|50569|3000.00|95
2286|Ordinario|50732|3000.00|95
2286|Ordinario|50839|3000.00|95
2286|Ordinario|50885|3000.00|95
2286|QUINTO|51020|3000.00|95
2286|Ordinario|51096|100000.00|70
2286|Ordinario|51162|3000.00|95
2286|Ordinario|51267|3000.00|95
2286|Ordinario|51379|3000.00|95
2286|Ordinario|51454|3000.00|95
2286|Ordinario|51482|3000.00|95
2286|Ordinario|51522|3000.00|95
2286|Ordinario|51540|3000.00|95
2286|Ordinario|51564|3000.00|95
2286|Ordinario|51817|3000.00|95
2286|Ordinario|52318|3000.00|95
2286|Ordinario|52333|3000.00|95
2286|Ordinario|52399|3000.00|95
2286|Ordinario|52423|3000.00|95
2286|Ordinario|52463|3000.00|95
2286|Ordinario|52574|3000.00|95
2286|Ordinario|52583|3000.00|95
2286|Ordinario|52663|5000.00|95
2286|Ordinario|52743|3000.00|95
2286|Ordinario|52776|3000.00|95
2286|Ordinario|52846|3000.00|95
2286|SEGUNDO|52926|3000.00|95
2286|Ordinario|52989|800000.00|70
2286|Ordinario|53192|3000.00|95
2286|Ordinario|53192|3000.00|95
2286|Ordinario|53367|3000.00|95
2286|Ordinario|53541|3000.00|95
2286|Ordinario|53552|3000.00|95
2286|Ordinario|53574|3000.00|95
2286|Ordinario|53622|3000.00|95
2286|Ordinario|53879|3000.00|95
2286|Ordinario|54239|3000.00|95
2286|Ordinario|54277|3000.00|95
2286|Ordinario|54289|3000.00|95
2286|Ordinario|54345|3000.00|95
2286|Ordinario|54425|3000.00|95
2286|Ordinario|54457|3000.00|95
2286|Ordinario|54509|3000.00|95
2286|Ordinario|54707|3000.00|95
2286|Ordinario|54968|3000.00|95
2286|Ordinario|55004|3000.00|95
2286|Ordinario|55042|3000.00|95
2286|Ordinario|55083|3000.00|95
2286|Ordinario|55141|3000.00|95
2286|Ordinario|55171|3000.00|95
2286|Ordinario|55489|3000.00|95
2286|Ordinario|55566|3000.00|95
2286|Ordinario|55578|3000.00|95
2286|Ordinario|55656|3000.00|95
2286|Ordinario|55777|3000.00|95
2286|Ordinario|55826|3000.00|95
2286|Ordinario|56001|3000.00|95
2286|Ordinario|56008|3000.00|95
2286|Ordinario|56060|3000.00|95
2286|Ordinario|56075|3000.00|95
2286|Ordinario|56079|3000.00|95
2286|Ordinario|56189|3000.00|95
2286|Ordinario|56266|3000.00|95
2286|Ordinario|56402|3000.00|95
2286|Ordinario|56407|3000.00|95
2286|Ordinario|56516|3000.00|95
2286|Ordinario|56696|3000.00|95
2286|Ordinario|56757|3000.00|95
2286|Ordinario|56862|3000.00|95
2286|Ordinario|56884|15000.00|95
2286|Ordinario|57038|3000.00|95
2286|Ordinario|57065|3000.00|95
2286|Ordinario|57121|3000.00|95
2286|Ordinario|57458|3000.00|95
2286|Ordinario|57559|3000.00|95
2286|Ordinario|57677|3000.00|95
2286|Ordinario|57784|3000.00|95
2286|Ordinario|57959|3000.00|95
2286|Ordinario|57960|3000.00|95
2286|Ordinario|58009|3000.00|95
2286|Ordinario|58107|3000.00|95
2286|Ordinario|58126|3000.00|95
2286|Ordinario|58157|3000.00|95
2286|Ordinario|58669|3000.00|95
2286|Ordinario|58700|3000.00|95
2286|Ordinario|58828|5000.00|95
2286|Ordinario|58909|3000.00|95
2286|Ordinario|58961|3000.00|95
2286|Ordinario|58971|3000.00|95
2286|Ordinario|58987|3000.00|95
2286|Ordinario|59178|3000.00|95
2286|Ordinario|59230|3000.00|95
2286|Ordinario|59265|3000.00|95
2286|Ordinario|59347|3000.00|95
2286|Ordinario|59381|3000.00|95
2286|Ordinario|59407|3000.00|95
2286|Ordinario|59535|3000.00|95
2286|Ordinario|59959|3000.00|95
2286|Ordinario|60008|3000.00|95
2286|Ordinario|60146|3000.00|95
2286|Ordinario|60161|3000.00|95
2286|Ordinario|60256|3000.00|95
2286|Ordinario|60292|5000.00|95
2286|Ordinario|60339|3000.00|95
2286|Ordinario|60377|3000.00|95
2286|Ordinario|60389|15000.00|95
2286|Ordinario|60472|3000.00|95
2286|Ordinario|60501|3000.00|95
2286|Ordinario|60530|3000.00|95
2286|Ordinario|60534|3000.00|95
2286|Ordinario|60568|3000.00|95
2286|Ordinario|60676|3000.00|95
2286|Ordinario|60796|3000.00|95
