sorteo|fuente|numero|tier|monto|ciudad|departamento|vendido
1356|pdf|39950|||GRANADA|Granada|1
1356|pdf|45627|||MANAGUA|Managua|1
1356|pdf|08359|||ESTELI|Esteli|0
1356|pdf|12643|||GRANADA|Granada|0
1356|pdf|10782|||JUIGALPA|Chontales|1
1356|pdf|44390|||JINOTEGA|Jinotega|1
1357|pdf|01355|||MANAGUA|Managua|1
1357|pdf|46775|||MANAGUA|Managua|1
1357|pdf|14960|||MASAYA|Masaya|1
1357|pdf|33791|||MANAGUA|Managua|1
1357|pdf|48087|||BLUEFIELDS|RACCS|1
1357|pdf|29582|||MATAGALPA|Matagalpa|1
1358|pdf|45921|||MANAGUA|Managua|1
1358|pdf|22042|||ESTELI|Esteli|1
1358|pdf|48760|||GRANADA|Granada|1
1358|pdf|03993|||JINOTEPE|Carazo|1
1358|pdf|18705|||MANAGUA|Managua|1
1360|pdf|32817|||RIVAS|Rivas|1
1360|pdf|21378|||RIVAS|Rivas|1
1360|pdf|16826|||MASAYA|Masaya|1
1360|pdf|42330|||CHINANDEGA|Chinandega|1
1360|pdf|37531|||CHINANDEGA|Chinandega|1
1360|pdf|32091|||MANAGUA|Managua|1
1361|pdf|01623|||MANAGUA|Managua|1
1361|pdf|07511|||MANAGUA|Managua|1
1361|pdf|33976|||MASAYA|Masaya|1
1361|pdf|07923|||MANAGUA|Managua|1
1361|pdf|16230|||GRANADA|Granada|1
1362|pdf|21741|||MANAGUA|Managua|1
1362|pdf|22587|||RIVAS|Rivas|1
1362|pdf|30541|||JUIGALPA|Chontales|1
1362|pdf|48529|||ESTELI|Esteli|1
1362|pdf|36719|||CHINANDEGA|Chinandega|1
1362|pdf|13751|||MANAGUA|Managua|1
1363|pdf|28221|||MANAGUA|Managua|1
1363|pdf|29485|||RIVAS|Rivas|1
1363|pdf|42221|||RIVAS|Rivas|1
1363|pdf|11774|||JUIGALPA|Chontales|1
1363|pdf|49236|||MASAYA|Masaya|1
1363|pdf|06964|||RIVAS|Rivas|1
1364|pdf|19033|||MANAGUA|Managua|1
1364|pdf|09976|||MANAGUA|Managua|1
1364|pdf|35920|||MANAGUA|Managua|1
1364|pdf|43698|||MATAGALPA|Matagalpa|1
1364|pdf|06294|||MANAGUA|Managua|1
1364|pdf|37645|||JINOTEGA|Jinotega|1
1438|pdf|01246|||MANAGUA|Managua|1
1438|pdf|42245|||RIVAS|Rivas|1
1438|pdf|42998|||LEON|Leon|1
1438|pdf|48644|||MATAGALPA|Matagalpa|1
1438|pdf|49035|||OCOTAL|Nueva Segovia|1
1438|pdf|06040|||JUIGALPA|Chontales|1
1439|pdf|16016|||LEON|Leon|1
1439|pdf|39803|||GRANADA|Granada|1
1439|pdf|44405|||JINOTEGA|Jinotega|1
1439|pdf|12989|||MANAGUA|Managua|1
1439|pdf|18759|||MASAYA|Masaya|1
1439|pdf|04106|||JINOTEGA|Jinotega|1
1439|pdf|45452|||CHINANDEGA|Chinandega|1
1440|pdf|19527|||MANAGUA|Managua|1
1440|pdf|37989|||GRANADA|Granada|1
1440|pdf|03061|||GRANADA|Granada|1
1440|pdf|48615|||MATAGALPA|Matagalpa|0
1440|pdf|45287|||MANAGUA|Managua|0
1440|pdf|39574|||MASAYA|Masaya|0
1440|pdf|48845|||MATAGALPA|Matagalpa|0
1441|pdf|46959|||MANAGUA|Managua|1
1441|pdf|14185|||JUIGALPA|Chontales|1
1441|pdf|31930|||MANAGUA|Managua|1
1441|pdf|20705|||MATAGALPA|Matagalpa|1
1441|pdf|27289|||MANAGUA|Managua|1
1441|pdf|33983|||MANAGUA|Managua|1
1441|pdf|45402|||MANAGUA|Managua|1
1442|pdf|29840|||LEON|Leon|1
1442|pdf|05684|||GRANADA|Granada|1
1442|pdf|02156|||LEON|Leon|1
1442|pdf|26311|||OCOTAL|Nueva Segovia|1
1442|pdf|32243|||MASAYA|Masaya|1
1442|pdf|04045|||MANAGUA|Managua|1
1443|pdf|46119|||MANAGUA|Managua|1
1443|pdf|25073|||OCOTAL|Nueva Segovia|1
1443|pdf|04044|||MANAGUA|Managua|1
1443|pdf|38772|||MANAGUA|Managua|1
1443|pdf|34632|||MANAGUA|Managua|1
1443|pdf|24244|||GRANADA|Granada|1
1444|pdf|07280|||MANAGUA|Managua|1
1444|pdf|04017|||JINOTEGA|Jinotega|1
1444|pdf|32325|||GRANADA|Granada|1
1444|pdf|04190|||MANAGUA|Managua|1
1444|pdf|50293|||MANAGUA|Managua|1
1445|pdf|24273|||MATAGALPA|Matagalpa|1
1445|pdf|36579|||CHINANDEGA|Chinandega|1
1445|pdf|07994|||ESTELI|Esteli|1
1445|pdf|21278|||MANAGUA|Managua|1
1445|pdf|39685|||MASAYA|Masaya|1
1446|pdf|06975|||RIVAS|Rivas|1
1446|pdf|43850|||MATAGALPA|Matagalpa|1
1446|pdf|29200|||JINOTEGA|Jinotega|1
1446|pdf|30302|||MASAYA|Masaya|1
1447|pdf|40312|||MANAGUA|Managua|1
1447|pdf|41819|||MANAGUA|Managua|1
1447|pdf|37592|||MANAGUA|Managua|1
1447|pdf|33263|||MANAGUA|Managua|1
1447|pdf|42973|||LEON|Leon|1
1451|pdf|11668|||LEON|Leon|1
1451|pdf|29129|||MATAGALPA|Matagalpa|1
1451|pdf|36184|||CHINANDEGA|Chinandega|1
1451|pdf|26294|||MATAGALPA|Matagalpa|1
1451|pdf|10006|||MANAGUA|Managua|1
1451|pdf|07069|||GRANADA|Granada|1
1452|pdf|34098|||MANAGUA|Managua|1
1452|pdf|29235|||JINOTEGA|Jinotega|1
1452|pdf|45680|||MANAGUA|Managua|1
1452|pdf|12342|||MANAGUA|Managua|1
1452|pdf|29533|||LEON|Leon|1
1452|pdf|04811|||OCOTAL|Nueva Segovia|1
1452|pdf|28141|||MANAGUA|Managua|1
1453|pdf|48446|||JUIGALPA|Chontales|1
1453|pdf|03923|||ESTELI|Esteli|1
1453|pdf|49224|||MASAYA|Masaya|1
1453|pdf|29192|||MANAGUA|Managua|1
1453|pdf|49371|||JUIGALPA|Chontales|1
1453|pdf|46831|||MANAGUA|Managua|1
1453|pdf|11771|||JUIGALPA|Chontales|1
1454|pdf|40698|||MASAYA|Masaya|1
1454|pdf|02375|||MANAGUA|Managua|1
1454|pdf|18135|||MATAGALPA|Matagalpa|1
1454|pdf|23914|||PUERTO CABEZAS|RACCN|1
1454|pdf|28894|||MANAGUA|Managua|1
1454|pdf|45269|||MANAGUA|Managua|1
1454|pdf|10202|||MANAGUA|Managua|1
1455|pdf|25192|||CHINANDEGA|Chinandega|1
1455|pdf|07579|||JINOTEPE|Carazo|1
1455|pdf|20564|||MANAGUA|Managua|1
1455|pdf|23840|||MANAGUA|Managua|1
1455|pdf|34487|||LEON|Leon|1
1455|pdf|10796|||RIVAS|Rivas|1
1456|pdf|11683|||BLUEFIELDS|RACCS|1
1456|pdf|02430|||MANAGUA|Managua|1
1456|pdf|31964|||JINOTEPE|Carazo|1
1456|pdf|37475|||SAN CARLOS|Rio San Juan|1
1456|pdf|48965|||SAN CARLOS|Rio San Juan|1
1456|pdf|22016|||MANAGUA|Managua|1
1457|pdf|05576|||BLUEFIELDS|RACCS|1
1457|pdf|18435|||JINOTEPE|Carazo|1
1457|pdf|14075|||MANAGUA|Managua|1
1457|pdf|03731|||JINOTEPE|Carazo|1
1457|pdf|21473|||GRANADA|Granada|1
1457|pdf|04459|||GRANADA|Granada|1
1458|pdf|01690|||ESTELI|Esteli|1
1458|pdf|47835|||GRANADA|Granada|1
1458|pdf|26839|||MANAGUA|Managua|1
1458|pdf|48625|||MATAGALPA|Matagalpa|1
1458|pdf|39880|||MANAGUA|Managua|1
1458|pdf|23074|||MANAGUA|Managua|1
1459|pdf|02035|||JINOTEPE|Carazo|1
1459|pdf|40547|||MANAGUA|Managua|0
1459|pdf|26220|||CHINANDEGA|Chinandega|1
1459|pdf|09222|||MANAGUA|Managua|1
1459|pdf|37065|||CHINANDEGA|Chinandega|0
1459|pdf|49369|||JUIGALPA|Chontales|1
1459|pdf|05558|||JUIGALPA|Chontales|1
1460|pdf|40790|||MANAGUA|Managua|1
1460|pdf|31863|||MASAYA|Masaya|1
1460|pdf|10332|||GRANADA|Granada|1
1460|pdf|15752|||MANAGUA|Managua|1
1460|pdf|23475|||MANAGUA|Managua|1
1460|pdf|33764|||MANAGUA|Managua|1
1460|pdf|30449|||MATAGALPA|Matagalpa|1
1461|pdf|12418|||BLUEFIELDS|RACCS|1
1461|pdf|35602|||MANAGUA|Managua|1
1461|pdf|40711|||BLUEFIELDS|RACCS|1
1461|pdf|02820|||MASAYA|Masaya|1
1461|pdf|36871|||MASAYA|Masaya|1
1461|pdf|41726|||MANAGUA|Managua|1
1461|pdf|42351|||CHINANDEGA|Chinandega|1
1462|pdf|46661|||MANAGUA|Managua|1
1462|pdf|25495|||JUIGALPA|Chontales|1
1462|pdf|26065|||MATAGALPA|Matagalpa|1
1462|pdf|48213|||LEON|Leon|1
1462|pdf|15480|||MANAGUA|Managua|1
1462|pdf|39349|||ESTELI|Esteli|1
1462|pdf|29700|||LEON|Leon|1
1463|pdf|46778|||MANAGUA|Managua|1
1463|pdf|08379|||MANAGUA|Managua|1
1463|pdf|47887|||LEON|Leon|1
1463|pdf|15679|||MASAYA|Masaya|1
1463|pdf|26300|||MANAGUA|Managua|1
1463|pdf|50223|||MANAGUA|Managua|1
1464|pdf|01731|||MANAGUA|Managua|1
1464|pdf|35865|||OCOTAL|Nueva Segovia|1
1464|pdf|47955|||MANAGUA|Managua|1
1464|pdf|21971|||MANAGUA|Managua|0
1464|pdf|49105|||JINOTEGA|Jinotega|1
1464|pdf|33581|||MANAGUA|Managua|1
1465|pdf|47139|||RIVAS|Rivas|1
1465|pdf|36147|||MANAGUA|Managua|1
1465|pdf|25396|||MANAGUA|Managua|1
1465|pdf|07607|||OCOTAL|Nueva Segovia|1
1465|pdf|47878|||LEON|Leon|1
1465|pdf|47009|||MANAGUA|Managua|1
1466|pdf|39210|||MASAYA|Masaya|1
1466|pdf|35711|||MASAYA|Masaya|1
1466|pdf|25167|||MANAGUA|Managua|1
1466|pdf|38629|||ESTELI|Esteli|1
1466|pdf|22039|||JUIGALPA|Chontales|1
1467|pdf|07472|||RIVAS|Rivas|1
1467|pdf|13047|||MANAGUA|Managua|1
1467|pdf|36987|||MANAGUA|Managua|1
1467|pdf|25751|||MANAGUA|Managua|1
1467|pdf|20543|||GRANADA|Granada|1
1467|pdf|43922|||MASAYA|Masaya|1
1468|pdf|46747|||MANAGUA|Managua|1
1468|pdf|12269|||LEON|Leon|1
1468|pdf|46985|||MANAGUA|Managua|1
1468|pdf|50531|||MANAGUA|Managua|1
1468|pdf|45782|||MANAGUA|Managua|1
1469|pdf|06875|||GRANADA|Granada|1
1469|pdf|20399|||MATAGALPA|Matagalpa|0
1469|pdf|36334|||CHINANDEGA|Chinandega|1
1469|pdf|03181|||MATAGALPA|Matagalpa|1
1469|pdf|48386|||JUIGALPA|Chontales|1
1469|pdf|21617|||MANAGUA|Managua|0
1469|pdf|05037|||JINOTEPE|Carazo|1
1470|pdf|12446|||MANAGUA|Managua|1
1470|pdf|35479|||MASAYA|Masaya|1
1470|pdf|31847|||MASAYA|Masaya|1
1470|pdf|32183|||ESTELI|Esteli|1
1470|pdf|32528|||MANAGUA|Managua|1
1470|pdf|50114|||MANAGUA|Managua|1
1471|pdf|01597|||JINOTEGA|Jinotega|1
1471|pdf|34606|||MANAGUA|Managua|1
1471|pdf|18176|||MANAGUA|Managua|1
1471|pdf|43021|||LEON|Leon|1
1471|pdf|03678|||CHINANDEGA|Chinandega|1
1471|pdf|09401|||BLUEFIELDS|RACCS|1
1472|pdf|24431|||CHINANDEGA|Chinandega|1
1472|pdf|35027|||LEON|Leon|1
1472|pdf|46282|||MANAGUA|Managua|1
1472|pdf|33811|||GRANADA|Granada|1
1472|pdf|38222|||MASAYA|Masaya|1
1474|pdf|20049|||JINOTEPE|Carazo|1
1474|pdf|42184|||RIVAS|Rivas|1
1474|pdf|25860|||MANAGUA|Managua|1
1474|pdf|15929|||MANAGUA|Managua|1
1474|pdf|44636|||JINOTEGA|Jinotega|1
1476|pdf|23589|||GRANADA|Granada|1
1476|pdf|31497|||JUIGALPA|Chontales|1
1476|pdf|11000|||ESTELI|Esteli|1
1476|pdf|22402|||MANAGUA|Managua|1
1476|pdf|33809|||MANAGUA|Managua|1
1477|pdf|01590|||BLUEFIELDS|RACCS|1
1477|pdf|06898|||MANAGUA|Managua|1
1477|pdf|32297|||MANAGUA|Managua|1
1477|pdf|43189|||LEON|Leon|1
1477|pdf|23852|||MANAGUA|Managua|1
1478|pdf|19686|||MANAGUA|Managua|1
1478|pdf|42578|||ESTELI|Esteli|1
1478|pdf|04470|||MANAGUA|Managua|1
1478|pdf|38522|||JINOTEPE|Carazo|1
1479|pdf|35167|||MANAGUA|Managua|1
1479|pdf|19031|||MANAGUA|Managua|1
1479|pdf|01774|||MANAGUA|Managua|1
1479|pdf|37328|||MASAYA|Masaya|1
1479|pdf|50712|||MANAGUA|Managua|1
1480|pdf|12359|||MANAGUA|Managua|1
1480|pdf|12835|||MANAGUA|Managua|1
1480|pdf|35019|||LEON|Leon|1
1480|pdf|17513|||MANAGUA|Managua|1
1480|pdf|38393|||MATAGALPA|Matagalpa|1
1481|pdf|47221|||RIVAS|Rivas|1
1481|pdf|37178|||MATAGALPA|Matagalpa|1
1481|pdf|03565|||OCOTAL|Nueva Segovia|1
1481|pdf|11099|||MANAGUA|Managua|1
1482|pdf|25428|||MANAGUA|Managua|1
1482|pdf|25454|||MANAGUA|Managua|1
1482|pdf|31886|||MASAYA|Masaya|1
1482|pdf|42378|||CHINANDEGA|Chinandega|1
1482|pdf|48765|||MATAGALPA|Matagalpa|1
1482|pdf|31924|||GRANADA|Granada|1
1483|pdf|29231|||MANAGUA|Managua|1
1483|pdf|42578|||ESTELI|Esteli|1
1483|pdf|03577|||MANAGUA|Managua|1
1483|pdf|15314|||MANAGUA|Managua|1
1483|pdf|49181|||SIUNA|RACCN|1
1483|pdf|26409|||MASAYA|Masaya|1
1484|pdf|38571|||MATAGALPA|Matagalpa|1
1484|pdf|03254|||MANAGUA|Managua|1
1484|pdf|10877|||LEON|Leon|1
1484|pdf|27407|||MANAGUA|Managua|1
1484|pdf|22784|||MANAGUA|Managua|1
1484|pdf|23196|||MANAGUA|Managua|1
1485|pdf|12053|||GRANADA|Granada|1
1485|pdf|18061|||LEON|Leon|1
1485|pdf|35067|||LEON|Leon|1
1485|pdf|42358|||CHINANDEGA|Chinandega|1
1485|pdf|15929|||MANAGUA|Managua|1
1485|pdf|32799|||MASAYA|Masaya|1
1486|pdf|16794|||MANAGUA|Managua|1
1486|pdf|04138|||JUIGALPA|Chontales|1
1486|pdf|27432|||MANAGUA|Managua|1
1486|pdf|36568|||CHINANDEGA|Chinandega|1
1487|pdf|10809|||MASAYA|Masaya|1
1487|pdf|46910|||MANAGUA|Managua|1
1487|pdf|29867|||JINOTEGA|Jinotega|1
1487|pdf|08683|||BLUEFIELDS|RACCS|1
1488|pdf|10620|||CHINANDEGA|Chinandega|1
1488|pdf|39751|||MASAYA|Masaya|1
1488|pdf|23939|||MANAGUA|Managua|1
1488|pdf|08480|||GRANADA|Granada|0
1488|pdf|48894|||MATAGALPA|Matagalpa|1
1488|pdf|14161|||JINOTEPE|Carazo|1
1489|pdf|17791|||OCOTAL|Nueva Segovia|1
1489|pdf|03461|||JUIGALPA|Chontales|1
1489|pdf|16121|||ESTELI|Esteli|1
1489|pdf|38147|||JINOTEGA|Jinotega|1
1490|pdf|16613|||MATAGALPA|Matagalpa|1
1490|pdf|30313|||JINOTEGA|Jinotega|1
1490|pdf|03959|||MANAGUA|Managua|0
1492|pdf|15126|||MANAGUA|Managua|1
1492|pdf|20205|||CHINANDEGA|Chinandega|1
1492|pdf|47167|||RIVAS|Rivas|1
1492|pdf|16192|||MANAGUA|Managua|1
1492|pdf|16203|||GRANADA|Granada|1
1492|pdf|05578|||CHINANDEGA|Chinandega|1
1492|pdf|20602|||MANAGUA|Managua|1
1492|pdf|39303|||ESTELI|Esteli|1
1493|pdf|36571|||MASAYA|Masaya|1
1493|pdf|12815|||MANAGUA|Managua|1
1493|pdf|40809|||MANAGUA|Managua|1
1493|pdf|09285|||GRANADA|Granada|1
1493|pdf|42377|||CHINANDEGA|Chinandega|1
1493|pdf|39008|||LEON|Leon|1
1493|pdf|43398|||JUIGALPA|Chontales|1
1494|pdf|12630|||MANAGUA|Managua|1
1494|pdf|35213|||BLUEFIELDS|RACCS|1
1494|pdf|02791|||MASAYA|Masaya|1
1494|pdf|37408|||MASAYA|Masaya|1
1494|pdf|15483|||MANAGUA|Managua|1
1495|pdf|18878|||ESTELI|Esteli|1
1495|pdf|35456|||LEON|Leon|1
1495|pdf|26404|||GRANADA|Granada|1
1495|pdf|31758|||GRANADA|Granada|1
1495|pdf|36953|||MANAGUA|Managua|1
1495|pdf|49377|||JUIGALPA|Chontales|1
1495|pdf|42928|||LEON|Leon|1
1496|pdf|27522|||LEON|Leon|1
1496|pdf|39071|||MANAGUA|Managua|1
1496|pdf|17929|||BLUEFIELDS|RACCS|1
1496|pdf|01003|||MANAGUA|Managua|1
1496|pdf|15260|||MANAGUA|Managua|1
1497|pdf|35283|||MATAGALPA|Matagalpa|1
1497|pdf|14767|||MASAYA|Masaya|1
1497|pdf|42046|||BLUEFIELDS|RACCS|1
1497|pdf|33528|||JUIGALPA|Chontales|1
1497|pdf|43826|||MATAGALPA|Matagalpa|1
1497|pdf|05786|||MANAGUA|Managua|1
1497|pdf|23999|||JINOTEGA|Jinotega|1
1498|pdf|47263|||RIVAS|Rivas|1
1498|pdf|30773|||MANAGUA|Managua|1
1498|pdf|15441|||JINOTEGA|Jinotega|1
1498|pdf|33403|||LEON|Leon|1
1498|pdf|45093|||MANAGUA|Managua|1
1498|pdf|04912|||MANAGUA|Managua|1
1498|pdf|17093|||GRANADA|Granada|1
1499|pdf|39620|||GRANADA|Granada|1
1499|pdf|16811|||BLUEFIELDS|RACCS|1
1499|pdf|39903|||GRANADA|Granada|1
1499|pdf|01941|||GRANADA|Granada|1
1499|pdf|25124|||MANAGUA|Managua|1
1499|pdf|47265|||MANAGUA|Managua|1
1499|pdf|44385|||JINOTEGA|Jinotega|1
1500|pdf|47255|||RIVAS|Rivas|1
1500|pdf|22057|||RIVAS|Rivas|1
1500|pdf|43673|||MATAGALPA|Matagalpa|1
1500|pdf|34564|||MANAGUA|Managua|1
1501|pdf|34484|||MANAGUA|Managua|1
1501|pdf|11130|||MANAGUA|Managua|1
1501|pdf|06370|||CHINANDEGA|Chinandega|1
1501|pdf|02383|||MANAGUA|Managua|1
1501|pdf|06439|||JUIGALPA|Chontales|1
1501|pdf|25778|||MANAGUA|Managua|1
1501|pdf|49300|||MASAYA|Masaya|1
1502|pdf|41836|||MANAGUA|Managua|1
1502|pdf|03454|||GRANADA|Granada|1
1502|pdf|33384|||LEON|Leon|1
1502|pdf|29434|||MANAGUA|Managua|1
1502|pdf|40145|||MANAGUA|Managua|1
1502|pdf|11006|||MANAGUA|Managua|1
1503|pdf|35242|||MASAYA|Masaya|1
1503|pdf|35357|||OCOTAL|Nueva Segovia|1
1503|pdf|24649|||CHINANDEGA|Chinandega|1
1503|pdf|13750|||MASAYA|Masaya|1
1503|pdf|41165|||MANAGUA|Managua|1
1503|pdf|14816|||CHINANDEGA|Chinandega|1
1504|pdf|13178|||MANAGUA|Managua|1
1504|pdf|42274|||RIVAS|Rivas|1
1504|pdf|25585|||MANAGUA|Managua|1
1504|pdf|36169|||MATAGALPA|Matagalpa|1
1504|pdf|15875|||JINOTEGA|Jinotega|1
1505|pdf|11949|||MANAGUA|Managua|1
1505|pdf|18372|||GRANADA|Granada|1
1505|pdf|02067|||MASAYA|Masaya|1
1505|pdf|09392|||JINOTEPE|Carazo|1
1505|pdf|42048|||BLUEFIELDS|RACCS|1
1505|pdf|20311|||MANAGUA|Managua|1
1505|pdf|21353|||MANAGUA|Managua|1
1506|pdf|34383|||LEON|Leon|1
1506|pdf|43282|||JUIGALPA|Chontales|1
1506|pdf|44821|||MANAGUA|Managua|1
1507|pdf|06180|||CHINANDEGA|Chinandega|1
1507|pdf|40844|||MANAGUA|Managua|1
1507|pdf|24515|||OCOTAL|Nueva Segovia|1
1507|pdf|07500|||MANAGUA|Managua|1
1507|pdf|36411|||GRANADA|Granada|1
1507|pdf|49808|||JINOTEPE|Carazo|1
1507|pdf|10345|||MANAGUA|Managua|1
1508|pdf|26613|||CHINANDEGA|Chinandega|1
1508|pdf|30653|||MANAGUA|Managua|1
1508|pdf|46838|||MANAGUA|Managua|1
1508|pdf|43676|||MATAGALPA|Matagalpa|1
1508|pdf|47529|||GRANADA|Granada|1
1508|pdf|29215|||MATAGALPA|Matagalpa|1
1508|pdf|19541|||MANAGUA|Managua|1
1509|pdf|21394|||MANAGUA|Managua|1
1509|pdf|25899|||JUIGALPA|Chontales|1
1509|pdf|47240|||RIVAS|Rivas|1
1509|pdf|36994|||MANAGUA|Managua|1
1509|pdf|44892|||MANAGUA|Managua|1
1509|pdf|24465|||JUIGALPA|Chontales|1
1509|pdf|14538|||JINOTEPE|Carazo|1
1510|pdf|41989|||MANAGUA|Managua|1
1510|pdf|48511|||ESTELI|Esteli|1
1510|pdf|38792|||MATAGALPA|Matagalpa|1
1510|pdf|34831|||MANAGUA|Managua|1
1510|pdf|16412|||JUIGALPA|Chontales|1
1510|pdf|47315|||CHINANDEGA|Chinandega|1
1510|pdf|18192|||MATAGALPA|Matagalpa|1
1511|pdf|34927|||JUIGALPA|Chontales|1
1511|pdf|07468|||MATAGALPA|Matagalpa|0
1511|pdf|19115|||MANAGUA|Managua|1
1511|pdf|07708|||MANAGUA|Managua|0
1511|pdf|04336|||MASAYA|Masaya|1
1511|pdf|49712|||MASAYA|Masaya|1
1511|pdf|16329|||ESTELI|Esteli|1
1512|pdf|35643|||GRANADA|Granada|1
1512|pdf|26181|||BLUEFIELDS|RACCS|1
1512|pdf|47040|||MANAGUA|Managua|1
1512|pdf|41697|||MANAGUA|Managua|1
1512|pdf|32438|||GRANADA|Granada|1
1512|pdf|23268|||MANAGUA|Managua|1
1512|pdf|05523|||ESTELI|Esteli|1
1514|pdf|29062|||JINOTEPE|Carazo|1
1514|pdf|39497|||MATAGALPA|Matagalpa|1
1514|pdf|40032|||MATAGALPA|Matagalpa|1
1514|pdf|31695|||JINOTEPE|Carazo|1
1514|pdf|38256|||MASAYA|Masaya|1
1514|pdf|12473|||ESTELI|Esteli|1
1514|pdf|50259|||JINOTEPE|Carazo|1
1515|pdf|44386|||JINOTEGA|Jinotega|1
1515|pdf|25037|||MASAYA|Masaya|1
1515|pdf|21137|||JUIGALPA|Chontales|1
1515|pdf|36082|||MANAGUA|Managua|1
1515|pdf|43127|||LEON|Leon|1
1515|pdf|23750|||RIVAS|Rivas|1
1515|pdf|07043|||ESTELI|Esteli|1
1516|pdf|06759|||LEON|Leon|1
1516|pdf|45878|||MANAGUA|Managua|1
1516|pdf|14465|||JINOTEPE|Carazo|1
1516|pdf|26289|||MANAGUA|Managua|1
1516|pdf|32909|||OCOTAL|Nueva Segovia|1
1516|pdf|22215|||MANAGUA|Managua|1
1517|pdf|08259|||MANAGUA|Managua|1
1517|pdf|38848|||GRANADA|Granada|1
1517|pdf|48453|||JUIGALPA|Chontales|1
1517|pdf|23044|||MASAYA|Masaya|1
1517|pdf|49559|||JUIGALPA|Chontales|1
1517|pdf|23462|||ESTELI|Esteli|1
1517|pdf|40424|||MANAGUA|Managua|1
1518|pdf|34767|||MANAGUA|Managua|1
1518|pdf|01111|||LEON|Leon|1
1518|pdf|40867|||MANAGUA|Managua|1
1518|pdf|30106|||MANAGUA|Managua|1
1518|pdf|27695|||ESTELI|Esteli|1
1518|pdf|22755|||MASAYA|Masaya|1
1518|pdf|11493|||RIVAS|Rivas|1
1520|pdf|27516|||RIVAS|Rivas|1
1520|pdf|34600|||LEON|Leon|1
1520|pdf|23826|||CHINANDEGA|Chinandega|1
1520|pdf|15451|||GRANADA|Granada|1
1520|pdf|26452|||CHINANDEGA|Chinandega|1
1520|pdf|23073|||MANAGUA|Managua|1
1520|pdf|17532|||JINOTEGA|Jinotega|1
1521|pdf|34635|||JINOTEPE|Carazo|1
1521|pdf|02069|||GRANADA|Granada|1
1521|pdf|13185|||LEON|Leon|1
1521|pdf|19122|||RIVAS|Rivas|1
1521|pdf|43871|||MASAYA|Masaya|1
1521|pdf|09375|||MANAGUA|Managua|1
1521|pdf|05474|||BLUEFIELDS|RACCS|1
1523|pdf|23364|||MATAGALPA|Matagalpa|1
1523|pdf|41151|||MANAGUA|Managua|1
1523|pdf|46385|||MANAGUA|Managua|1
1523|pdf|16203|||GRANADA|Granada|1
1523|pdf|10980|||CHINANDEGA|Chinandega|1
1523|pdf|05779|||MATAGALPA|Matagalpa|1
1523|pdf|50625|||OCOTAL|Nueva Segovia|1
1524|pdf|09095|||MANAGUA|Managua|1
1524|pdf|22299|||MANAGUA|Managua|1
1524|pdf|37507|||MANAGUA|Managua|1
1524|pdf|43728|||MATAGALPA|Matagalpa|1
1524|pdf|50135|||MANAGUA|Managua|1
1524|pdf|04672|||MANAGUA|Managua|1
1524|pdf|08767|||MANAGUA|Managua|1
1526|pdf|17785|||MANAGUA|Managua|1
1526|pdf|42305|||CHINANDEGA|Chinandega|1
1526|pdf|17888|||MANAGUA|Managua|1
1526|pdf|03386|||JINOTEPE|Carazo|1
1526|pdf|43552|||ESTELI|Esteli|1
1526|pdf|39143|||JINOTEPE|Carazo|1
1526|pdf|04935|||ESTELI|Esteli|1
1527|pdf|06039|||GRANADA|Granada|1
1527|pdf|37545|||MATAGALPA|Matagalpa|1
1527|pdf|41858|||MANAGUA|Managua|1
1527|pdf|32597|||BLUEFIELDS|RACCS|1
1527|pdf|48047|||LEON|Leon|1
1527|pdf|29577|||MATAGALPA|Matagalpa|1
1527|pdf|45376|||MANAGUA|Managua|1
1528|pdf|25213|||MANAGUA|Managua|1
1528|pdf|48823|||MATAGALPA|Matagalpa|1
1528|pdf|42673|||GRANADA|Granada|1
1528|pdf|25359|||GRANADA|Granada|1
1528|pdf|49058|||OCOTAL|Nueva Segovia|1
1528|pdf|10867|||MANAGUA|Managua|1
1528|pdf|17258|||JUIGALPA|Chontales|1
1529|pdf|11178|||OCOTAL|Nueva Segovia|1
1529|pdf|01518|||MATAGALPA|Matagalpa|1
1529|pdf|35557|||JUIGALPA|Chontales|1
1529|pdf|06091|||MANAGUA|Managua|1
1529|pdf|17176|||MASAYA|Masaya|1
1529|pdf|02395|||MANAGUA|Managua|1
1529|pdf|32125|||GRANADA|Granada|1
1530|pdf|27425|||GRANADA|Granada|1
1530|pdf|18059|||MANAGUA|Managua|1
1530|pdf|07155|||MASAYA|Masaya|1
1530|pdf|29796|||MANAGUA|Managua|1
1530|pdf|19449|||MANAGUA|Managua|1
1530|pdf|36605|||LEON|Leon|1
1530|pdf|26353|||MANAGUA|Managua|1
1531|pdf|06890|||BLUEFIELDS|RACCS|1
1531|pdf|18754|||MANAGUA|Managua|1
1531|pdf|07170|||MANAGUA|Managua|1
1531|pdf|44971|||MANAGUA|Managua|1
1531|pdf|49929|||JINOTEPE|Carazo|1
1531|pdf|45282|||MANAGUA|Managua|1
1533|pdf|17006|||MANAGUA|Managua|1
1533|pdf|01647|||MANAGUA|Managua|1
1533|pdf|29472|||MATAGALPA|Matagalpa|1
1533|pdf|18799|||JUIGALPA|Chontales|1
1533|pdf|15899|||MANAGUA|Managua|1
1533|pdf|30807|||MANAGUA|Managua|1
1533|pdf|20124|||GRANADA|Granada|1
1534|pdf|23168|||MANAGUA|Managua|1
1534|pdf|41550|||MANAGUA|Managua|1
1534|pdf|12366|||MANAGUA|Managua|1
1534|pdf|30787|||MANAGUA|Managua|1
1534|pdf|31585|||MANAGUA|Managua|1
1536|pdf|45453|||CHINANDEGA|Chinandega|1
1536|pdf|35406|||LEON|Leon|1
1536|pdf|25677|||MATAGALPA|Matagalpa|1
1536|pdf|31487|||JUIGALPA|Chontales|1
1537|pdf|15931|||GRANADA|Granada|1
1537|pdf|11628|||MANAGUA|Managua|1
1537|pdf|46907|||MANAGUA|Managua|1
1537|pdf|02608|||GRANADA|Granada|1
1537|pdf|08049|||MANAGUA|Managua|1
1537|pdf|31014|||JUIGALPA|Chontales|1
1537|pdf|09781|||CHINANDEGA|Chinandega|1
1538|pdf|14068|||MANAGUA|Managua|1
1538|pdf|31886|||MANAGUA|Managua|1
1538|pdf|21935|||JUIGALPA|Chontales|1
1538|pdf|44710|||JINOTEPE|Carazo|1
1539|pdf|09240|||MANAGUA|Managua|1
1539|pdf|02441|||MANAGUA|Managua|1
1539|pdf|28026|||GRANADA|Granada|1
1539|pdf|43608|||ESTELI|Esteli|1
1539|pdf|40152|||MANAGUA|Managua|1
1540|pdf|35381|||LEON|Leon|1
1540|pdf|47004|||MANAGUA|Managua|1
1540|pdf|13251|||MANAGUA|Managua|1
1540|pdf|47445|||MANAGUA|Managua|1
1540|pdf|03705|||MANAGUA|Managua|1
1540|pdf|16159|||MANAGUA|Managua|1
1541|pdf|33025|||MANAGUA|Managua|1
1541|pdf|49825|||JINOTEPE|Carazo|1
1541|pdf|39541|||MASAYA|Masaya|1
1541|pdf|16715|||LEON|Leon|1
1541|pdf|50707|||MANAGUA|Managua|1
1541|pdf|46746|||MANAGUA|Managua|1
1544|pdf|18270|||CHINANDEGA|Chinandega|1
1544|pdf|14057|||ESTELI|Esteli|1
1544|pdf|44394|||JINOTEGA|Jinotega|1
1544|pdf|34825|||LEON|Leon|1
1545|pdf|12783|||MANAGUA|Managua|1
1545|pdf|40768|||MANAGUA|Managua|1
1545|pdf|13142|||MANAGUA|Managua|1
1545|pdf|14650|||JUIGALPA|Chontales|1
1545|pdf|39610|||GRANADA|Granada|1
1546|pdf|18563|||GRANADA|Granada|1
1546|pdf|08519|||MANAGUA|Managua|1
1546|pdf|14831|||MANAGUA|Managua|1
1546|pdf|20288|||MANAGUA|Managua|1
1546|pdf|28450|||MANAGUA|Managua|1
1548|pdf|20332|||MANAGUA|Managua|0
1548|pdf|30690|||JUIGALPA|Chontales|0
1548|pdf|36175|||CHINANDEGA|Chinandega|1
1548|pdf|38990|||MANAGUA|Managua|1
1548|pdf|18834|||RIVAS|Rivas|1
1549|pdf|40930|||MANAGUA|Managua|1
1549|pdf|29229|||MATAGALPA|Matagalpa|1
1549|pdf|15146|||MANAGUA|Managua|1
1549|pdf|25222|||GRANADA|Granada|1
1549|pdf|22040|||MANAGUA|Managua|1
1550|pdf|45652|||MANAGUA|Managua|1
1550|pdf|35175|||MANAGUA|Managua|1
1550|pdf|01742|||MATAGALPA|Matagalpa|1
1550|pdf|21057|||MATAGALPA|Matagalpa|1
1550|pdf|21200|||OCOTAL|Nueva Segovia|1
1550|pdf|04760|||BLUEFIELDS|RACCS|1
1551|pdf|07138|||CHINANDEGA|Chinandega|1
1551|pdf|24338|||MANAGUA|Managua|1
1551|pdf|36352|||MANAGUA|Managua|1
1551|pdf|42267|||RIVAS|Rivas|1
1552|pdf|44981|||MANAGUA|Managua|1
1552|pdf|21540|||MANAGUA|Managua|1
1552|pdf|27973|||MANAGUA|Managua|1
1552|pdf|43207|||LEON|Leon|1
1552|pdf|32576|||ESTELI|Esteli|1
1554|pdf|18842|||JINOTEGA|Jinotega|1
1554|pdf|16443|||OCOTAL|Nueva Segovia|1
1554|pdf|50740|||MANAGUA|Managua|1
1554|pdf|45953|||MANAGUA|Managua|1
1554|pdf|17995|||MANAGUA|Managua|1
1554|pdf|06770|||MANAGUA|Managua|1
1555|pdf|41849|||MANAGUA|Managua|1
1555|pdf|36472|||MANAGUA|Managua|1
1555|pdf|28119|||MATAGALPA|Matagalpa|1
1555|pdf|11425|||CHINANDEGA|Chinandega|1
1555|pdf|29146|||MANAGUA|Managua|1
1564|pdf|45079|||MANAGUA|Managua|1
1564|pdf|36694|||MANAGUA|Managua|1
1564|pdf|15902|||MANAGUA|Managua|1
1564|pdf|37333|||MANAGUA|Managua|1
1564|pdf|34355|||MANAGUA|Managua|1
1564|pdf|44584|||JINOTEPE|Carazo|1
1565|pdf|30592|||MANAGUA|Managua|1
1565|pdf|30609|||OCOTAL|Nueva Segovia|1
1565|pdf|03725|||MANAGUA|Managua|1
1565|pdf|20350|||CHINANDEGA|Chinandega|1
1565|pdf|46394|||MANAGUA|Managua|1
1566|pdf|37877|||MANAGUA|Managua|1
1566|pdf|43706|||MATAGALPA|Matagalpa|1
1566|pdf|39549|||JINOTEPE|Carazo|1
1566|pdf|41145|||MANAGUA|Managua|1
1566|pdf|45472|||CHINANDEGA|Chinandega|1
1566|pdf|31548|||JINOTEPE|Carazo|1
1567|pdf|19291|||JUIGALPA|Chontales|1
1567|pdf|40995|||MANAGUA|Managua|1
1567|pdf|08125|||LEON|Leon|1
1567|pdf|30164|||MANAGUA|Managua|1
1567|pdf|50951|||GRANADA|Granada|1
1568|pdf|25342|||BLUEFIELDS|RACCS|1
1568|pdf|38383|||ESTELI|Esteli|1
1568|pdf|27707|||MATAGALPA|Matagalpa|1
1568|pdf|45046|||MANAGUA|Managua|1
1569|pdf|26458|||CHINANDEGA|Chinandega|1
1569|pdf|48434|||JUIGALPA|Chontales|1
1569|pdf|28500|||MANAGUA|Managua|1
1569|pdf|44299|||OCOTAL|Nueva Segovia|1
1570|pdf|12826|||JUIGALPA|Chontales|1
1570|pdf|26855|||ESTELI|Esteli|1
1570|pdf|37425|||MANAGUA|Managua|1
1570|pdf|03259|||MANAGUA|Managua|1
1570|pdf|42597|||GRANADA|Granada|1
1570|pdf|10761|||ESTELI|Esteli|1
1571|pdf|46599|||MANAGUA|Managua|1
1571|pdf|42747|||GRANADA|Granada|1
1571|pdf|15506|||MANAGUA|Managua|1
1571|pdf|43084|||LEON|Leon|1
1571|pdf|20964|||SAN CARLOS|Rio San Juan|1
1572|pdf|47913|||LEON|Leon|1
1572|pdf|20827|||CHINANDEGA|Chinandega|1
1572|pdf|41983|||MANAGUA|Managua|1
1572|pdf|09022|||MATAGALPA|Matagalpa|1
1572|pdf|38970|||MATAGALPA|Matagalpa|1
1572|pdf|27185|||MASAYA|Masaya|1
1573|pdf|08013|||MANAGUA|Managua|1
1573|pdf|15344|||MANAGUA|Managua|1
1573|pdf|42821|||ESTELI|Esteli|1
1573|pdf|27251|||MANAGUA|Managua|1
1574|pdf|18914|||MANAGUA|Managua|1
1574|pdf|45397|||MANAGUA|Managua|1
1574|pdf|27301|||OCOTAL|Nueva Segovia|1
1574|pdf|11580|||GRANADA|Granada|1
1574|pdf|32631|||JINOTEPE|Carazo|1
1575|pdf|40119|||SAN CARLOS|Rio San Juan|1
1575|pdf|40659|||MATAGALPA|Matagalpa|1
1575|pdf|12714|||MASAYA|Masaya|1
1575|pdf|21191|||MANAGUA|Managua|1
1575|pdf|39926|||MANAGUA|Managua|1
1576|pdf|11996|||JUIGALPA|Chontales|1
1576|pdf|40029|||MANAGUA|Managua|1
1576|pdf|16232|||MANAGUA|Managua|1
1576|pdf|13242|||JUIGALPA|Chontales|1
1576|pdf|10036|||OCOTAL|Nueva Segovia|1
1576|pdf|24527|||CHINANDEGA|Chinandega|1
1577|pdf|12259|||MASAYA|Masaya|1
1577|pdf|29103|||JINOTEGA|Jinotega|1
1577|pdf|36612|||MATAGALPA|Matagalpa|1
1577|pdf|12616|||MANAGUA|Managua|1
1577|pdf|38031|||MANAGUA|Managua|1
1577|pdf|14914|||RIVAS|Rivas|1
1578|pdf|47502|||GRANADA|Granada|1
1578|pdf|14946|||LEON|Leon|1
1578|pdf|27030|||GRANADA|Granada|1
1578|pdf|03830|||MANAGUA|Managua|1
1578|pdf|48709|||MATAGALPA|Matagalpa|0
1578|pdf|46643|||MANAGUA|Managua|0
1580|pdf|22149|||RIVAS|Rivas|1
1580|pdf|39209|||MANAGUA|Managua|1
1580|pdf|18125|||MATAGALPA|Matagalpa|1
1580|pdf|39746|||ESTELI|Esteli|1
1580|pdf|50693|||MANAGUA|Managua|1
1580|pdf|45016|||MANAGUA|Managua|1
1582|pdf|12812|||MASAYA|Masaya|1
1582|pdf|36940|||CHINANDEGA|Chinandega|1
1582|pdf|38157|||JINOTEGA|Jinotega|1
1582|pdf|49664|||MASAYA|Masaya|1
1582|pdf|31235|||ESTELI|Esteli|1
1584|pdf|18986|||CHINANDEGA|Chinandega|1
1584|pdf|35797|||CHINANDEGA|Chinandega|1
1584|pdf|20854|||MANAGUA|Managua|1
1584|pdf|11922|||MATAGALPA|Matagalpa|1
1584|pdf|28388|||MANAGUA|Managua|1
1587|pdf|12958|||OCOTAL|Nueva Segovia|1
1587|pdf|48117|||LEON|Leon|1
1587|pdf|06193|||CHINANDEGA|Chinandega|1
1587|pdf|21222|||JINOTEPE|Carazo|1
1587|pdf|50965|||GRANADA|Granada|1
1588|pdf|46423|||MANAGUA|Managua|1
1588|pdf|17937|||MANAGUA|Managua|1
1588|pdf|03372|||MASAYA|Masaya|1
1588|pdf|32280|||MANAGUA|Managua|1
1588|pdf|10615|||JINOTEPE|Carazo|1
1592|pdf|25640|||MANAGUA|Managua|1
1592|pdf|35258|||MANAGUA|Managua|1
1592|pdf|31680|||MANAGUA|Managua|1
1592|pdf|19105|||GRANADA|Granada|1
1592|pdf|28646|||ESTELI|Esteli|1
1593|pdf|39769|||GRANADA|Granada|1
1593|pdf|35257|||MANAGUA|Managua|1
1593|pdf|41494|||MANAGUA|Managua|1
1593|pdf|25741|||MANAGUA|Managua|1
1593|pdf|17569|||GRANADA|Granada|1
1593|pdf|22560|||ESTELI|Esteli|1
1594|pdf|05959|||GRANADA|Granada|1
1594|pdf|15856|||MATAGALPA|Matagalpa|1
1594|pdf|11689|||MANAGUA|Managua|1
1594|pdf|12820|||JINOTEPE|Carazo|1
1595|pdf|18689|||MANAGUA|Managua|1
1595|pdf|48153|||LEON|Leon|1
1595|pdf|43133|||LEON|Leon|1
1595|pdf|41141|||MANAGUA|Managua|1
1596|pdf|12872|||RIVAS|Rivas|1
1596|pdf|47549|||ESTELI|Esteli|1
1596|pdf|47759|||MATAGALPA|Matagalpa|1
1596|pdf|15529|||MANAGUA|Managua|1
1596|pdf|29359|||MANAGUA|Managua|1
1597|pdf|43230|||LEON|Leon|1
1597|pdf|16562|||MANAGUA|Managua|1
1597|pdf|49939|||JINOTEPE|Carazo|1
1597|pdf|35711|||LEON|Leon|1
1597|pdf|41625|||MANAGUA|Managua|1
1597|pdf|41991|||MANAGUA|Managua|1
1597|pdf|50384|||MANAGUA|Managua|1
1598|pdf|27548|||MANAGUA|Managua|1
1598|pdf|18538|||MANAGUA|Managua|1
1598|pdf|24475|||JINOTEPE|Carazo|1
1598|pdf|48092|||ESTELI|Esteli|1
1599|pdf|40244|||MANAGUA|Managua|1
1599|pdf|10780|||GRANADA|Granada|1
1599|pdf|02503|||JINOTEGA|Jinotega|1
1599|pdf|43526|||ESTELI|Esteli|1
1599|pdf|39481|||ESTELI|Esteli|1
1600|pdf|33997|||LEON|Leon|1
1600|pdf|07475|||BLUEFIELDS|RACCS|1
1600|pdf|22965|||MANAGUA|Managua|1
1600|pdf|40474|||MATAGALPA|Matagalpa|1
1600|pdf|12984|||MANAGUA|Managua|1
1601|pdf|12156|||MATAGALPA|Matagalpa|1
1601|pdf|37950|||MATAGALPA|Matagalpa|1
1601|pdf|20611|||MANAGUA|Managua|1
1601|pdf|32994|||RIVAS|Rivas|1
1601|pdf|38093|||MANAGUA|Managua|1
1602|pdf|20583|||JINOTEPE|Carazo|1
1602|pdf|28711|||MANAGUA|Managua|1
1602|pdf|43568|||ESTELI|Esteli|1
1602|pdf|23873|||GRANADA|Granada|1
1602|pdf|40648|||MATAGALPA|Matagalpa|1
1602|pdf|05967|||MASAYA|Masaya|1
1603|pdf|34166|||JUIGALPA|Chontales|1
1603|pdf|08593|||MANAGUA|Managua|1
1603|pdf|04112|||GRANADA|Granada|1
1603|pdf|19890|||SIUNA|RACCN|1
1603|pdf|20064|||JINOTEPE|Carazo|1
1604|pdf|06846|||RIVAS|Rivas|1
1604|pdf|30213|||LEON|Leon|1
1604|pdf|28719|||MANAGUA|Managua|1
1604|pdf|38983|||MANAGUA|Managua|1
1604|pdf|24596|||CHINANDEGA|Chinandega|1
1604|pdf|06379|||MANAGUA|Managua|1
1605|pdf|40201|||MANAGUA|Managua|1
1605|pdf|35769|||OCOTAL|Nueva Segovia|1
1605|pdf|31927|||GRANADA|Granada|1
1605|pdf|27151|||MANAGUA|Managua|1
1605|pdf|38744|||LEON|Leon|1
1605|pdf|23794|||MANAGUA|Managua|1
1606|pdf|13143|||ESTELI|Esteli|1
1606|pdf|34295|||JINOTEGA|Jinotega|1
1606|pdf|21227|||MATAGALPA|Matagalpa|1
1606|pdf|06702|||MANAGUA|Managua|1
1606|pdf|36306|||MASAYA|Masaya|1
1607|pdf|46626|||JINOTEGA|Jinotega|1
1607|pdf|27542|||LEON|Leon|1
1607|pdf|22399|||MANAGUA|Managua|1
1607|pdf|38514|||JINOTEGA|Jinotega|1
1607|pdf|19693|||MASAYA|Masaya|1
1607|pdf|29479|||BLUEFIELDS|RACCS|1
1609|pdf|23870|||MANAGUA|Managua|1
1609|pdf|10760|||MANAGUA|Managua|1
1609|pdf|21221|||MASAYA|Masaya|1
1609|pdf|37491|||CHINANDEGA|Chinandega|1
1610|pdf|40165|||MANAGUA|Managua|1
1610|pdf|25859|||MANAGUA|Managua|1
1610|pdf|14275|||GRANADA|Granada|1
1610|pdf|27522|||LEON|Leon|1
1610|pdf|25786|||JINOTEPE|Carazo|1
1611|pdf|01961|||MASAYA|Masaya|1
1611|pdf|31925|||CHINANDEGA|Chinandega|1
1611|pdf|43224|||LEON|Leon|1
1611|pdf|16771|||MASAYA|Masaya|1
1611|pdf|50067|||MANAGUA|Managua|1
1612|pdf|34431|||MANAGUA|Managua|1
1612|pdf|13813|||LEON|Leon|1
1612|pdf|22523|||MANAGUA|Managua|1
1612|pdf|14297|||LEON|Leon|1
1612|pdf|05382|||ESTELI|Esteli|1
1612|pdf|38983|||MANAGUA|Managua|1
1613|pdf|39828|||MANAGUA|Managua|1
1613|pdf|29394|||MANAGUA|Managua|1
1613|pdf|42316|||CHINANDEGA|Chinandega|1
1613|pdf|10998|||JUIGALPA|Chontales|0
1613|pdf|38434|||MANAGUA|Managua|1
1614|pdf|23410|||MANAGUA|Managua|1
1614|pdf|13099|||GRANADA|Granada|1
1614|pdf|35575|||JUIGALPA|Chontales|1
1614|pdf|06719|||GRANADA|Granada|1
1614|pdf|33617|||JUIGALPA|Chontales|1
1615|pdf|19232|||RIVAS|Rivas|1
1615|pdf|46776|||MANAGUA|Managua|1
1615|pdf|24592|||CHINANDEGA|Chinandega|1
1615|pdf|47846|||GRANADA|Granada|1
1615|pdf|21237|||OCOTAL|Nueva Segovia|1
1616|pdf|25538|||MANAGUA|Managua|1
1616|pdf|10080|||JINOTEPE|Carazo|1
1616|pdf|45872|||MANAGUA|Managua|1
1616|pdf|50192|||MANAGUA|Managua|1
1616|pdf|41159|||MANAGUA|Managua|1
1617|pdf|34154|||JUIGALPA|Chontales|1
1617|pdf|40592|||MANAGUA|Managua|1
1617|pdf|13571|||MASAYA|Masaya|1
1617|pdf|21609|||MANAGUA|Managua|1
1617|pdf|44398|||JINOTEGA|Jinotega|1
1617|pdf|05778|||BLUEFIELDS|RACCS|1
1618|pdf|18209|||MATAGALPA|Matagalpa|1
1618|pdf|18986|||CHINANDEGA|Chinandega|1
1618|pdf|46660|||MANAGUA|Managua|1
1618|pdf|02720|||MANAGUA|Managua|1
1619|pdf|01988|||GRANADA|Granada|1
1619|pdf|21262|||MANAGUA|Managua|1
1619|pdf|43761|||MATAGALPA|Matagalpa|1
1619|pdf|10537|||MANAGUA|Managua|1
1619|pdf|45369|||MANAGUA|Managua|1
1620|pdf|38797|||MATAGALPA|Matagalpa|1
1620|pdf|14845|||GRANADA|Granada|1
1620|pdf|20518|||MANAGUA|Managua|1
1620|pdf|12630|||MANAGUA|Managua|1
1620|pdf|22679|||MANAGUA|Managua|1
1621|pdf|36289|||MANAGUA|Managua|1
1621|pdf|32592|||JINOTEGA|Jinotega|1
1621|pdf|38292|||MANAGUA|Managua|1
1622|pdf|47317|||MATAGALPA|Matagalpa|1
1622|pdf|20597|||MATAGALPA|Matagalpa|1
1622|pdf|48097|||BLUEFIELDS|RACCS|1
1622|pdf|39911|||GRANADA|Granada|1
1622|pdf|11954|||MANAGUA|Managua|1
1623|pdf|39269|||MANAGUA|Managua|1
1623|pdf|49982|||JINOTEPE|Carazo|1
1623|pdf|45496|||CHINANDEGA|Chinandega|1
1623|pdf|40626|||GRANADA|Granada|1
1624|pdf|27978|||MANAGUA|Managua|1
1624|pdf|22719|||CHINANDEGA|Chinandega|1
1624|pdf|16748|||LEON|Leon|1
1624|pdf|42677|||GRANADA|Granada|1
1624|pdf|17556|||MANAGUA|Managua|1
1624|pdf|33029|||RIVAS|Rivas|1
1625|pdf|01288|||MASAYA|Masaya|1
1625|pdf|40367|||MANAGUA|Managua|1
1625|pdf|29312|||JINOTEGA|Jinotega|1
1625|pdf|21698|||MANAGUA|Managua|1
1625|pdf|03822|||MANAGUA|Managua|1
1626|pdf|06034|||MANAGUA|Managua|1
1626|pdf|37108|||MATAGALPA|Matagalpa|1
1626|pdf|48429|||JUIGALPA|Chontales|1
1626|pdf|37533|||MANAGUA|Managua|1
1626|pdf|08411|||JINOTEPE|Carazo|1
1626|pdf|20959|||ESTELI|Esteli|1
1626|pdf|04086|||MASAYA|Masaya|1
1626|pdf|45359|||MANAGUA|Managua|1
1627|pdf|18962|||MANAGUA|Managua|1
1627|pdf|46249|||MANAGUA|Managua|1
1627|pdf|31586|||MASAYA|Masaya|1
1627|pdf|37909|||MASAYA|Masaya|1
1627|pdf|45745|||MANAGUA|Managua|1
1630|pdf|45813|||MANAGUA|Managua|1
1630|pdf|32495|||MANAGUA|Managua|1
1630|pdf|37849|||MANAGUA|Managua|0
1630|pdf|03434|||JINOTEGA|Jinotega|1
1630|pdf|08757|||ESTELI|Esteli|1
1630|pdf|04262|||MATAGALPA|Matagalpa|1
1630|pdf|39478|||ESTELI|Esteli|1
1636|pdf|35749|||CHINANDEGA|Chinandega|1
1636|pdf|14302|||JINOTEPE|Carazo|1
1636|pdf|21122|||GRANADA|Granada|1
1636|pdf|38863|||JINOTEPE|Carazo|1
1636|pdf|28885|||JINOTEPE|Carazo|1
1636|pdf|23010|||MANAGUA|Managua|1
1637|pdf|01222|||MANAGUA|Managua|1
1637|pdf|48234|||LEON|Leon|1
1637|pdf|28044|||MASAYA|Masaya|1
1637|pdf|34524|||JINOTEGA|Jinotega|1
1637|pdf|38625|||MANAGUA|Managua|1
1637|pdf|50251|||MANAGUA|Managua|1
1637|pdf|25063|||MANAGUA|Managua|1
1639|pdf|14973|||MANAGUA|Managua|1
1639|pdf|35964|||MASAYA|Masaya|1
1639|pdf|04503|||MANAGUA|Managua|1
1639|pdf|36892|||MANAGUA|Managua|1
1639|pdf|16283|||MASAYA|Masaya|1
1639|pdf|21707|||BLUEFIELDS|RACCS|1
1639|pdf|27649|||JINOTEGA|Jinotega|1
1639|pdf|49980|||JINOTEPE|Carazo|1
1640|pdf|17342|||MANAGUA|Managua|1
1640|pdf|30871|||BLUEFIELDS|RACCS|1
1640|pdf|14273|||CHINANDEGA|Chinandega|1
1640|pdf|40979|||SIUNA|RACCN|1
1640|pdf|03991|||RIVAS|Rivas|1
1640|pdf|04523|||ESTELI|Esteli|1
1640|pdf|33077|||RIVAS|Rivas|1
1640|pdf|29297|||JINOTEGA|Jinotega|1
1641|pdf|01611|||JUIGALPA|Chontales|1
1641|pdf|18894|||MANAGUA|Managua|1
1641|pdf|37476|||MANAGUA|Managua|1
1641|pdf|33888|||MANAGUA|Managua|1
1641|pdf|04948|||CHINANDEGA|Chinandega|1
1643|pdf|13894|||BLUEFIELDS|RACCS|1
1643|pdf|39356|||OCOTAL|Nueva Segovia|1
1643|pdf|04757|||MASAYA|Masaya|1
1643|pdf|49181|||SIUNA|RACCN|1
1643|pdf|16964|||MANAGUA|Managua|1
1643|pdf|45629|||MANAGUA|Managua|1
1644|pdf|44923|||MANAGUA|Managua|1
1644|pdf|01548|||MASAYA|Masaya|1
1644|pdf|35565|||MANAGUA|Managua|1
1644|pdf|03969|||GRANADA|Granada|1
1644|pdf|19169|||MANAGUA|Managua|1
1648|pdf|31789|||JINOTEPE|Carazo|1
1648|pdf|47171|||RIVAS|Rivas|1
1648|pdf|39469|||ESTELI|Esteli|1
1648|pdf|36183|||CHINANDEGA|Chinandega|1
1648|pdf|06277|||MANAGUA|Managua|1
1649|pdf|13472|||MANAGUA|Managua|1
1649|pdf|24919|||JUIGALPA|Chontales|1
1649|pdf|08137|||JUIGALPA|Chontales|1
1649|pdf|34945|||RIVAS|Rivas|1
1649|pdf|32446|||MANAGUA|Managua|1
1650|pdf|43892|||MASAYA|Masaya|1
1650|pdf|39811|||GRANADA|Granada|1
1650|pdf|25919|||MANAGUA|Managua|1
1650|pdf|34735|||MANAGUA|Managua|1
1650|pdf|05653|||MANAGUA|Managua|1
1652|pdf|22247|||RIVAS|Rivas|1
1652|pdf|42679|||GRANADA|Granada|1
1652|pdf|10026|||MASAYA|Masaya|1
1652|pdf|15203|||CHINANDEGA|Chinandega|1
1652|pdf|49388|||JUIGALPA|Chontales|1
1654|pdf|32597|||BLUEFIELDS|RACCS|1
1654|pdf|03176|||CHINANDEGA|Chinandega|1
1654|pdf|40401|||MANAGUA|Managua|0
1654|pdf|45437|||JINOTEGA|Jinotega|0
1655|pdf|30732|||LEON|Leon|1
1655|pdf|21181|||CHINANDEGA|Chinandega|1
1655|pdf|43191|||LEON|Leon|1
1655|pdf|28394|||CHINANDEGA|Chinandega|1
1655|pdf|10780|||GRANADA|Granada|1
1655|pdf|44681|||JINOTEPE|Carazo|1
1656|pdf|16430|||MANAGUA|Managua|1
1656|pdf|06261|||CHINANDEGA|Chinandega|1
1656|pdf|34453|||MANAGUA|Managua|1
1656|pdf|36657|||MASAYA|Masaya|1
1656|pdf|21790|||ESTELI|Esteli|1
1657|pdf|48497|||ESTELI|Esteli|1
1657|pdf|03368|||JINOTEPE|Carazo|1
1657|pdf|48871|||MATAGALPA|Matagalpa|1
1657|pdf|45129|||MANAGUA|Managua|1
1657|pdf|05298|||MANAGUA|Managua|1
1658|pdf|15437|||MANAGUA|Managua|1
1658|pdf|28587|||ESTELI|Esteli|1
1658|pdf|12695|||MANAGUA|Managua|1
1658|pdf|30477|||CHINANDEGA|Chinandega|1
1658|pdf|38196|||MASAYA|Masaya|1
1658|pdf|04998|||JINOTEPE|Carazo|1
1658|pdf|50708|||MANAGUA|Managua|1
1659|pdf|47027|||MANAGUA|Managua|1
1659|pdf|26139|||MANAGUA|Managua|1
1659|pdf|26264|||JINOTEPE|Carazo|1
1659|pdf|30959|||MANAGUA|Managua|1
1659|pdf|46037|||ESTELI|Esteli|1
1659|pdf|13408|||JINOTEPE|Carazo|1
1660|pdf|41066|||MANAGUA|Managua|1
1660|pdf|35529|||LEON|Leon|1
1660|pdf|20733|||ESTELI|Esteli|1
1660|pdf|04334|||MANAGUA|Managua|1
1661|pdf|17388|||GRANADA|Granada|1
1661|pdf|13945|||MATAGALPA|Matagalpa|1
1661|pdf|31158|||JINOTEPE|Carazo|1
1661|pdf|04746|||MASAYA|Masaya|1
1661|pdf|21059|||MANAGUA|Managua|1
1661|pdf|10975|||MANAGUA|Managua|1
1661|pdf|27689|||JINOTEPE|Carazo|1
1662|pdf|08829|||JINOTEGA|Jinotega|0
1662|pdf|15286|||MANAGUA|Managua|1
1662|pdf|37137|||MANAGUA|Managua|1
1662|pdf|43174|||LEON|Leon|1
1662|pdf|34349|||MANAGUA|Managua|1
1662|pdf|23498|||ESTELI|Esteli|1
1663|pdf|18293|||JUIGALPA|Chontales|1
1663|pdf|39592|||GRANADA|Granada|1
1663|pdf|13419|||MANAGUA|Managua|1
1663|pdf|25991|||JINOTEPE|Carazo|1
1663|pdf|17509|||MANAGUA|Managua|1
1663|pdf|50393|||MANAGUA|Managua|1
1664|pdf|22199|||RIVAS|Rivas|1
1664|pdf|35959|||MASAYA|Masaya|1
1664|pdf|42364|||CHINANDEGA|Chinandega|1
1664|pdf|05015|||MANAGUA|Managua|1
1665|pdf|37399|||MANAGUA|Managua|1
1665|pdf|32657|||RIVAS|Rivas|1
1665|pdf|42573|||GRANADA|Granada|1
1665|pdf|18749|||MANAGUA|Managua|1
1665|pdf|31633|||GRANADA|Granada|1
1665|pdf|26976|||SIUNA|RACCN|1
1665|pdf|15293|||MASAYA|Masaya|1
1665|pdf|01282|||MANAGUA|Managua|1
1666|pdf|41210|||MANAGUA|Managua|1
1666|pdf|21239|||MANAGUA|Managua|1
1666|pdf|21773|||MANAGUA|Managua|1
1666|pdf|44661|||JINOTEGA|Jinotega|1
1666|pdf|40209|||MANAGUA|Managua|1
1666|pdf|28887|||MASAYA|Masaya|1
1667|pdf|01143|||MANAGUA|Managua|1
1667|pdf|06782|||JINOTEGA|Jinotega|1
1667|pdf|23844|||MANAGUA|Managua|1
1667|pdf|40939|||ESTELI|Esteli|1
1667|pdf|07859|||JUIGALPA|Chontales|1
1667|pdf|08925|||MANAGUA|Managua|1
1668|pdf|21186|||CHINANDEGA|Chinandega|1
1668|pdf|27419|||MATAGALPA|Matagalpa|1
1668|pdf|31996|||SIUNA|RACCN|1
1668|pdf|28259|||MASAYA|Masaya|1
1668|pdf|44241|||MASAYA|Masaya|1
1669|pdf|29976|||RIVAS|Rivas|1
1669|pdf|25428|||MANAGUA|Managua|1
1669|pdf|49867|||MATAGALPA|Matagalpa|1
1669|pdf|13404|||ESTELI|Esteli|1
1669|pdf|50967|||GRANADA|Granada|1
1670|pdf|07721|||MANAGUA|Managua|1
1670|pdf|29979|||MANAGUA|Managua|1
1670|pdf|25996|||LEON|Leon|1
1670|pdf|41292|||MANAGUA|Managua|1
1670|pdf|10866|||MANAGUA|Managua|1
1671|pdf|39344|||ESTELI|Esteli|1
1671|pdf|34048|||LEON|Leon|1
1671|pdf|26049|||MANAGUA|Managua|1
1671|pdf|17141|||JUIGALPA|Chontales|1
1671|pdf|27313|||OCOTAL|Nueva Segovia|1
1673|pdf|40115|||MANAGUA|Managua|1
1673|pdf|02804|||MANAGUA|Managua|1
1673|pdf|07959|||MANAGUA|Managua|1
1673|pdf|18885|||MANAGUA|Managua|1
1673|pdf|38096|||MANAGUA|Managua|1
1673|pdf|38565|||MATAGALPA|Matagalpa|1
1674|pdf|20596|||MANAGUA|Managua|1
1674|pdf|39297|||ESTELI|Esteli|1
1674|pdf|10959|||MANAGUA|Managua|1
1674|pdf|41906|||MANAGUA|Managua|1
1674|pdf|49402|||JUIGALPA|Chontales|1
1674|pdf|38880|||MANAGUA|Managua|1
1674|pdf|46716|||MANAGUA|Managua|1
1675|pdf|25604|||MANAGUA|Managua|1
1675|pdf|35497|||JINOTEGA|Jinotega|1
1675|pdf|24239|||MANAGUA|Managua|1
1675|pdf|44277|||OCOTAL|Nueva Segovia|1
1675|pdf|28552|||OCOTAL|Nueva Segovia|1
1677|pdf|22518|||MATAGALPA|Matagalpa|1
1677|pdf|19779|||MANAGUA|Managua|1
1677|pdf|04129|||MANAGUA|Managua|1
1677|pdf|35808|||MANAGUA|Managua|1
1677|pdf|15249|||ESTELI|Esteli|1
1677|pdf|31888|||MASAYA|Masaya|1
1679|pdf|46221|||JINOTEPE|Carazo|1
1679|pdf|11890|||MANAGUA|Managua|1
1679|pdf|24041|||MANAGUA|Managua|1
1679|pdf|18926|||MANAGUA|Managua|1
1679|pdf|34923|||LEON|Leon|1
1679|pdf|29000|||MATAGALPA|Matagalpa|1
1679|pdf|11092|||MANAGUA|Managua|1
1679|pdf|06956|||MANAGUA|Managua|1
1680|pdf|46388|||MANAGUA|Managua|1
1680|pdf|13928|||MANAGUA|Managua|1
1680|pdf|26660|||JUIGALPA|Chontales|1
1680|pdf|14341|||MANAGUA|Managua|1
1680|pdf|48589|||ESTELI|Esteli|1
1681|pdf|01079|||OCOTAL|Nueva Segovia|1
1681|pdf|48398|||JUIGALPA|Chontales|1
1681|pdf|01563|||JUIGALPA|Chontales|1
1681|pdf|19923|||MANAGUA|Managua|1
1681|pdf|44229|||MASAYA|Masaya|1
1681|pdf|02924|||MANAGUA|Managua|1
1682|pdf|47697|||GRANADA|Granada|1
1682|pdf|28592|||ESTELI|Esteli|1
1682|pdf|03458|||MANAGUA|Managua|0
1682|pdf|45360|||MANAGUA|Managua|1
1682|pdf|40211|||MANAGUA|Managua|1
1682|pdf|30099|||MATAGALPA|Matagalpa|1
1683|pdf|30821|||MANAGUA|Managua|1
1683|pdf|09743|||MANAGUA|Managua|1
1683|pdf|03516|||CHINANDEGA|Chinandega|1
1683|pdf|27591|||MANAGUA|Managua|1
1683|pdf|22364|||JINOTEPE|Carazo|1
1683|pdf|34966|||MANAGUA|Managua|1
1683|pdf|18222|||MANAGUA|Managua|1
1683|pdf|04217|||JINOTEGA|Jinotega|1
1684|pdf|33319|||MANAGUA|Managua|1
1684|pdf|12182|||MANAGUA|Managua|1
1684|pdf|24386|||MANAGUA|Managua|1
1684|pdf|34498|||MANAGUA|Managua|1
1684|pdf|21700|||JINOTEPE|Carazo|1
1685|pdf|46153|||MANAGUA|Managua|1
1685|pdf|36542|||LEON|Leon|1
1685|pdf|26606|||MASAYA|Masaya|1
1685|pdf|37493|||JINOTEPE|Carazo|1
1685|pdf|27502|||MANAGUA|Managua|1
1686|pdf|14923|||GRANADA|Granada|1
1686|pdf|30436|||MANAGUA|Managua|1
1686|pdf|21109|||RIVAS|Rivas|1
1686|pdf|40796|||JINOTEPE|Carazo|1
1686|pdf|50795|||MANAGUA|Managua|1
1686|pdf|29155|||MANAGUA|Managua|1
1686|pdf|45845|||MANAGUA|Managua|1
1687|pdf|40652|||MANAGUA|Managua|1
1687|pdf|02296|||MANAGUA|Managua|1
1687|pdf|32215|||GRANADA|Granada|1
1687|pdf|37735|||JUIGALPA|Chontales|1
1687|pdf|48687|||MATAGALPA|Matagalpa|1
1687|pdf|05706|||MANAGUA|Managua|1
1687|pdf|18300|||MANAGUA|Managua|1
1687|pdf|30327|||MASAYA|Masaya|1
1688|pdf|13180|||MANAGUA|Managua|1
1688|pdf|13313|||JINOTEPE|Carazo|1
1688|pdf|13783|||JINOTEPE|Carazo|1
1688|pdf|19654|||MANAGUA|Managua|1
1688|pdf|19862|||LEON|Leon|1
1688|pdf|50149|||MANAGUA|Managua|1
1689|pdf|42804|||ESTELI|Esteli|1
1689|pdf|15922|||CHINANDEGA|Chinandega|1
1690|pdf|46605|||MANAGUA|Managua|1
1690|pdf|16935|||MANAGUA|Managua|1
1690|pdf|30332|||MATAGALPA|Matagalpa|1
1690|pdf|44592|||JINOTEPE|Carazo|1
1690|pdf|15884|||MATAGALPA|Matagalpa|1
1691|pdf|01394|||CHINANDEGA|Chinandega|1
1691|pdf|24323|||MANAGUA|Managua|1
1691|pdf|36981|||MANAGUA|Managua|1
1691|pdf|20496|||JUIGALPA|Chontales|1
1691|pdf|41990|||MANAGUA|Managua|1
1691|pdf|48683|||GRANADA|Granada|1
1692|pdf|37932|||MANAGUA|Managua|1
1692|pdf|09695|||MANAGUA|Managua|1
1692|pdf|38656|||MANAGUA|Managua|1
1692|pdf|49117|||JINOTEGA|Jinotega|1
1692|pdf|36144|||CHINANDEGA|Chinandega|1
1692|pdf|05964|||LEON|Leon|1
1693|pdf|35278|||GRANADA|Granada|1
1693|pdf|26169|||MANAGUA|Managua|1
1693|pdf|30995|||JUIGALPA|Chontales|1
1693|pdf|04096|||MASAYA|Masaya|1
1693|pdf|29877|||MANAGUA|Managua|1
1694|pdf|14548|||MANAGUA|Managua|1
1694|pdf|18359|||GRANADA|Granada|1
1694|pdf|25893|||JUIGALPA|Chontales|1
1694|pdf|45127|||MANAGUA|Managua|1
1695|pdf|34348|||MANAGUA|Managua|1
1695|pdf|19055|||RIVAS|Rivas|1
1695|pdf|27435|||JINOTEGA|Jinotega|1
1695|pdf|04884|||MANAGUA|Managua|1
1695|pdf|44777|||SAN CARLOS|Rio San Juan|1
1696|pdf|12984|||MANAGUA|Managua|1
1696|pdf|34436|||MANAGUA|Managua|1
1696|pdf|10074|||MANAGUA|Managua|1
1696|pdf|19624|||RIVAS|Rivas|1
1696|pdf|41282|||MANAGUA|Managua|1
1696|pdf|10926|||JUIGALPA|Chontales|1
1698|pdf|22244|||OCOTAL|Nueva Segovia|1
1698|pdf|27103|||MANAGUA|Managua|1
1698|pdf|09298|||GRANADA|Granada|1
1698|pdf|20199|||LEON|Leon|1
1698|pdf|15883|||RIVAS|Rivas|1
1698|pdf|44167|||MASAYA|Masaya|1
1699|pdf|45421|||MANAGUA|Managua|1
1699|pdf|40132|||MANAGUA|Managua|1
1699|pdf|01315|||MANAGUA|Managua|1
1699|pdf|48852|||MATAGALPA|Matagalpa|1
1699|pdf|38696|||JUIGALPA|Chontales|1
1699|pdf|16162|||MANAGUA|Managua|1
1700|pdf|24955|||ESTELI|Esteli|1
1700|pdf|27221|||MANAGUA|Managua|1
1700|pdf|44393|||JINOTEGA|Jinotega|1
1703|pdf|17877|||MANAGUA|Managua|1
1703|pdf|27067|||MANAGUA|Managua|1
1703|pdf|39751|||MASAYA|Masaya|1
1703|pdf|14675|||MASAYA|Masaya|1
1703|pdf|50912|||GRANADA|Granada|1
1704|pdf|39956|||GRANADA|Granada|1
1704|pdf|11076|||MANAGUA|Managua|1
1704|pdf|01930|||GRANADA|Granada|1
1704|pdf|36832|||OCOTAL|Nueva Segovia|1
1704|pdf|03870|||LEON|Leon|1
1704|pdf|13673|||MANAGUA|Managua|1
1705|pdf|17072|||OCOTAL|Nueva Segovia|1
1705|pdf|14834|||MANAGUA|Managua|1
1705|pdf|03248|||JUIGALPA|Chontales|1
1705|pdf|42552|||GRANADA|Granada|1
1705|pdf|49124|||JINOTEGA|Jinotega|1
1705|pdf|14951|||MANAGUA|Managua|1
1706|pdf|26789|||MANAGUA|Managua|1
1706|pdf|50046|||JINOTEPE|Carazo|1
1706|pdf|45259|||SIUNA|RACCN|1
1706|pdf|16698|||MANAGUA|Managua|1
1706|pdf|50209|||MANAGUA|Managua|1
1706|pdf|41727|||MANAGUA|Managua|1
1706|pdf|47968|||LEON|Leon|1
1707|pdf|11916|||MANAGUA|Managua|1
1707|pdf|34016|||LEON|Leon|1
1707|pdf|23399|||MANAGUA|Managua|1
1707|pdf|21985|||MASAYA|Masaya|1
1707|pdf|16585|||MANAGUA|Managua|1
1708|pdf|26629|||MANAGUA|Managua|1
1708|pdf|03975|||MANAGUA|Managua|1
1708|pdf|18289|||MANAGUA|Managua|1
1708|pdf|23902|||ESTELI|Esteli|1
1709|pdf|17593|||RIVAS|Rivas|1
1709|pdf|44240|||MASAYA|Masaya|1
1709|pdf|34591|||OCOTAL|Nueva Segovia|1
1709|pdf|18502|||MANAGUA|Managua|1
1709|pdf|17524|||MATAGALPA|Matagalpa|1
1709|pdf|36945|||MANAGUA|Managua|1
1710|pdf|46097|||MANAGUA|Managua|1
1710|pdf|33394|||MANAGUA|Managua|1
1710|pdf|22435|||MANAGUA|Managua|1
1710|pdf|12729|||JUIGALPA|Chontales|1
1710|pdf|02180|||OCOTAL|Nueva Segovia|1
1710|pdf|49101|||JINOTEGA|Jinotega|1
1711|pdf|23213|||ESTELI|Esteli|1
1711|pdf|13861|||MANAGUA|Managua|1
1711|pdf|46763|||MANAGUA|Managua|1
1711|pdf|02589|||MATAGALPA|Matagalpa|1
1711|pdf|21170|||MASAYA|Masaya|1
1711|pdf|04017|||JINOTEGA|Jinotega|1
1712|pdf|06526|||GRANADA|Granada|1
1712|pdf|21849|||OCOTAL|Nueva Segovia|1
1712|pdf|34836|||MANAGUA|Managua|1
1712|pdf|19847|||JINOTEGA|Jinotega|1
1712|pdf|06399|||MANAGUA|Managua|1
1712|pdf|26012|||MANAGUA|Managua|1
1713|pdf|22013|||JINOTEPE|Carazo|1
1713|pdf|46020|||MANAGUA|Managua|1
1713|pdf|43317|||JUIGALPA|Chontales|1
1713|pdf|04779|||JUIGALPA|Chontales|1
1713|pdf|15765|||MANAGUA|Managua|1
1713|pdf|26686|||MASAYA|Masaya|1
1714|pdf|44938|||MANAGUA|Managua|1
1714|pdf|24209|||MANAGUA|Managua|1
1714|pdf|35013|||LEON|Leon|1
1714|pdf|09945|||CHINANDEGA|Chinandega|1
1714|pdf|21871|||JUIGALPA|Chontales|1
1714|pdf|33198|||MANAGUA|Managua|1
1714|pdf|17741|||MANAGUA|Managua|1
1715|pdf|09307|||GRANADA|Granada|1
1715|pdf|42453|||CHINANDEGA|Chinandega|1
1715|pdf|21465|||MANAGUA|Managua|1
1715|pdf|49794|||JINOTEPE|Carazo|1
1715|pdf|24096|||ESTELI|Esteli|1
1716|pdf|30659|||BLUEFIELDS|RACCS|1
1716|pdf|47387|||MATAGALPA|Matagalpa|1
1716|pdf|15465|||MANAGUA|Managua|1
1716|pdf|27639|||LEON|Leon|1
1716|pdf|45746|||MANAGUA|Managua|1
1717|pdf|36164|||MANAGUA|Managua|1
1717|pdf|09167|||GRANADA|Granada|1
1717|pdf|22975|||MASAYA|Masaya|1
1717|pdf|17018|||GRANADA|Granada|1
1717|pdf|30221|||MANAGUA|Managua|1
1718|pdf|34002|||JUIGALPA|Chontales|1
1718|pdf|20001|||JINOTEGA|Jinotega|1
1718|pdf|34966|||MANAGUA|Managua|1
1718|pdf|26111|||MANAGUA|Managua|1
1718|pdf|10887|||MANAGUA|Managua|1
1718|pdf|49776|||JINOTEGA|Jinotega|1
1718|pdf|22222|||JINOTEPE|Carazo|1
1719|pdf|19834|||MATAGALPA|Matagalpa|1
1719|pdf|49450|||JUIGALPA|Chontales|1
1719|pdf|04001|||MANAGUA|Managua|1
1719|pdf|39896|||GRANADA|Granada|1
1719|pdf|11598|||MANAGUA|Managua|1
1719|pdf|35970|||JUIGALPA|Chontales|1
1720|pdf|07806|||MANAGUA|Managua|1
1720|pdf|40632|||MANAGUA|Managua|1
1720|pdf|15319|||MANAGUA|Managua|1
1720|pdf|11592|||MANAGUA|Managua|1
1721|pdf|07284|||MANAGUA|Managua|1
1721|pdf|27249|||MANAGUA|Managua|1
1721|pdf|42429|||CHINANDEGA|Chinandega|1
1721|pdf|43339|||JUIGALPA|Chontales|1
1721|pdf|39096|||RIVAS|Rivas|1
1721|pdf|29469|||MATAGALPA|Matagalpa|1
1722|pdf|13420|||MANAGUA|Managua|1
1722|pdf|48779|||MATAGALPA|Matagalpa|1
1722|pdf|37930|||MANAGUA|Managua|1
1722|pdf|49468|||JUIGALPA|Chontales|1
1722|pdf|28073|||JINOTEGA|Jinotega|1
1722|pdf|04631|||MASAYA|Masaya|1
1722|pdf|47203|||RIVAS|Rivas|1
1722|pdf|50837|||OCOTAL|Nueva Segovia|1
1725|pdf|57052|||LEON|Leon|1
1725|pdf|16014|||CHINANDEGA|Chinandega|0
1725|pdf|53482|||MANAGUA|Managua|1
1725|pdf|34628|||MANAGUA|Managua|1
1725|pdf|59390|||MASAYA|Masaya|1
1726|pdf|26155|||MANAGUA|Managua|1
1726|pdf|14559|||MATAGALPA|Matagalpa|1
1726|pdf|55438|||RIVAS|Rivas|1
1726|pdf|10572|||MANAGUA|Managua|1
1726|pdf|35678|||CHINANDEGA|Chinandega|1
1726|pdf|08180|||JUIGALPA|Chontales|1
1727|pdf|28622|||MATAGALPA|Matagalpa|1
1727|pdf|41356|||MANAGUA|Managua|1
1727|pdf|23893|||MANAGUA|Managua|1
1727|pdf|38343|||MATAGALPA|Matagalpa|1
1727|pdf|42985|||LEON|Leon|1
1727|pdf|40614|||LEON|Leon|1
1727|pdf|07811|||GRANADA|Granada|1
1728|pdf|40905|||MANAGUA|Managua|1
1728|pdf|22624|||MANAGUA|Managua|1
1728|pdf|59317|||MASAYA|Masaya|1
1728|pdf|13888|||MANAGUA|Managua|1
1728|pdf|14281|||MANAGUA|Managua|1
1728|pdf|20652|||ESTELI|Esteli|1
1729|pdf|56800|||LEON|Leon|1
1729|pdf|21845|||MANAGUA|Managua|1
1729|pdf|36746|||CHINANDEGA|Chinandega|1
1729|pdf|12046|||MANAGUA|Managua|1
1729|pdf|46764|||MANAGUA|Managua|1
1730|pdf|54944|||BLUEFIELDS|RACCS|1
1730|pdf|49402|||JUIGALPA|Chontales|1
1730|pdf|56638|||LEON|Leon|1
1730|pdf|05855|||LEON|Leon|1
1730|pdf|40490|||MANAGUA|Managua|1
1731|pdf|21249|||MANAGUA|Managua|1
1731|pdf|03440|||MANAGUA|Managua|1
1731|pdf|41963|||MANAGUA|Managua|1
1731|pdf|36653|||MANAGUA|Managua|1
1731|pdf|43918|||MASAYA|Masaya|1
1731|pdf|20659|||MANAGUA|Managua|1
1731|pdf|60315|||JINOTEPE|Carazo|1
1733|pdf|01152|||MANAGUA|Managua|1
1733|pdf|48914|||GRANADA|Granada|1
1733|pdf|19144|||MATAGALPA|Matagalpa|1
1733|pdf|12709|||ESTELI|Esteli|1
1733|pdf|56162|||GRANADA|Granada|1
1733|pdf|04337|||RIVAS|Rivas|1
1734|pdf|13101|||MANAGUA|Managua|1
1734|pdf|42476|||CHINANDEGA|Chinandega|1
1734|pdf|13507|||MANAGUA|Managua|1
1734|pdf|05075|||CHINANDEGA|Chinandega|1
1734|pdf|45459|||JUIGALPA|Chontales|1
1735|pdf|13604|||JUIGALPA|Chontales|1
1735|pdf|47723|||GRANADA|Granada|1
1735|pdf|41821|||MANAGUA|Managua|1
1735|pdf|20212|||MATAGALPA|Matagalpa|1
1735|pdf|15415|||MANAGUA|Managua|1
1735|pdf|03650|||MANAGUA|Managua|1
1735|pdf|30398|||GRANADA|Granada|1
1735|pdf|51213|||MANAGUA|Managua|1
1736|pdf|17383|||MASAYA|Masaya|1
1736|pdf|28790|||LEON|Leon|1
1736|pdf|23193|||MANAGUA|Managua|1
1736|pdf|56984|||LEON|Leon|1
1736|pdf|20149|||MATAGALPA|Matagalpa|1
1736|pdf|40617|||MANAGUA|Managua|1
1736|pdf|49486|||MASAYA|Masaya|1
1737|pdf|06405|||MANAGUA|Managua|1
1737|pdf|02557|||RIVAS|Rivas|1
1737|pdf|58384|||MATAGALPA|Matagalpa|1
1737|pdf|06155|||MANAGUA|Managua|1
1738|pdf|27244|||GRANADA|Granada|1
1738|pdf|58210|||ESTELI|Esteli|1
1738|pdf|25569|||MANAGUA|Managua|1
1738|pdf|59136|||MATAGALPA|Matagalpa|1
1738|pdf|44919|||MANAGUA|Managua|1
1739|pdf|46175|||MANAGUA|Managua|1
1739|pdf|16324|||ESTELI|Esteli|1
1739|pdf|35899|||RIVAS|Rivas|1
1739|pdf|33283|||JUIGALPA|Chontales|1
1739|pdf|20639|||MANAGUA|Managua|1
1740|pdf|55321|||GRANADA|Granada|0
1740|pdf|43537|||ESTELI|Esteli|1
1740|pdf|11657|||JUIGALPA|Chontales|1
1740|pdf|23608|||CHINANDEGA|Chinandega|1
1740|pdf|23676|||MANAGUA|Managua|1
1740|pdf|48306|||JUIGALPA|Chontales|1
1741|pdf|31291|||MASAYA|Masaya|1
1741|pdf|50350|||MANAGUA|Managua|1
1741|pdf|20040|||JINOTEPE|Carazo|0
1741|pdf|39128|||ESTELI|Esteli|1
1742|pdf|01492|||MANAGUA|Managua|1
1742|pdf|49196|||MASAYA|Masaya|1
1742|pdf|16042|||MANAGUA|Managua|1
1742|pdf|33594|||JINOTEPE|Carazo|1
1742|pdf|23980|||JINOTEPE|Carazo|1
1742|pdf|51853|||MANAGUA|Managua|1
1742|pdf|60233|||JINOTEGA|Jinotega|1
1742|pdf|24373|||ESTELI|Esteli|1
1743|pdf|12569|||MATAGALPA|Matagalpa|1
1743|pdf|46717|||MANAGUA|Managua|1
1743|pdf|20862|||MANAGUA|Managua|1
1743|pdf|35083|||LEON|Leon|1
1743|pdf|05212|||MANAGUA|Managua|1
1743|pdf|05802|||ESTELI|Esteli|1
1744|pdf|20365|||GRANADA|Granada|1
1744|pdf|21399|||MANAGUA|Managua|1
1744|pdf|16061|||CHINANDEGA|Chinandega|1
1744|pdf|04489|||MANAGUA|Managua|1
1744|pdf|45729|||MANAGUA|Managua|1
1744|pdf|52697|||MANAGUA|Managua|1
1745|pdf|44236|||MASAYA|Masaya|1
1745|pdf|17193|||MANAGUA|Managua|1
1745|pdf|51595|||MANAGUA|Managua|1
1745|pdf|24411|||MASAYA|Masaya|1
1745|pdf|53150|||MANAGUA|Managua|1
1745|pdf|36809|||MASAYA|Masaya|1
1749|pdf|22253|||MASAYA|Masaya|1
1749|pdf|05244|||MANAGUA|Managua|1
1749|pdf|52612|||MANAGUA|Managua|1
1749|pdf|25055|||RIVAS|Rivas|1
1749|pdf|20595|||ESTELI|Esteli|1
1750|pdf|11959|||JINOTEGA|Jinotega|1
1750|pdf|06487|||MANAGUA|Managua|1
1750|pdf|37118|||MASAYA|Masaya|1
1750|pdf|37949|||MATAGALPA|Matagalpa|1
1751|pdf|55393|||RIVAS|Rivas|1
1751|pdf|38480|||LEON|Leon|1
1751|pdf|53607|||MANAGUA|Managua|1
1751|pdf|13627|||CHINANDEGA|Chinandega|1
1751|pdf|07080|||OCOTAL|Nueva Segovia|1
1752|pdf|02701|||MANAGUA|Managua|1
1752|pdf|23533|||MANAGUA|Managua|1
1752|pdf|06283|||ESTELI|Esteli|1
1752|pdf|25315|||LEON|Leon|1
1752|pdf|39962|||GRANADA|Granada|1
1753|pdf|15831|||ESTELI|Esteli|1
1753|pdf|41199|||MANAGUA|Managua|1
1753|pdf|35220|||MANAGUA|Managua|1
1753|pdf|27555|||MANAGUA|Managua|1
1753|pdf|39388|||ESTELI|Esteli|1
1754|pdf|21664|||MASAYA|Masaya|1
1754|pdf|29674|||MANAGUA|Managua|1
1754|pdf|18906|||ESTELI|Esteli|1
1754|pdf|12801|||MATAGALPA|Matagalpa|1
1754|pdf|30558|||CHINANDEGA|Chinandega|1
1754|pdf|36483|||SAN CARLOS|Rio San Juan|1
1754|pdf|26280|||JINOTEGA|Jinotega|1
1755|pdf|44749|||MANAGUA|Managua|1
1755|pdf|47502|||GRANADA|Granada|1
1755|pdf|51467|||MANAGUA|Managua|1
1755|pdf|36989|||CHINANDEGA|Chinandega|1
1755|pdf|47916|||LEON|Leon|1
1755|pdf|53008|||MANAGUA|Managua|1
1756|pdf|43382|||JUIGALPA|Chontales|1
1756|pdf|51641|||MANAGUA|Managua|1
1756|pdf|51712|||MANAGUA|Managua|1
1756|pdf|24295|||JINOTEGA|Jinotega|1
1756|pdf|39959|||GRANADA|Granada|1
1756|pdf|60351|||JINOTEPE|Carazo|1
1757|pdf|18659|||JINOTEGA|Jinotega|1
1757|pdf|40405|||CHINANDEGA|Chinandega|1
1757|pdf|26039|||GRANADA|Granada|1
1757|pdf|58563|||ESTELI|Esteli|1
1757|pdf|54004|||MANAGUA|Managua|1
1757|pdf|54216|||JINOTEGA|Jinotega|1
1758|pdf|36962|||BLUEFIELDS|RACCS|1
1758|pdf|57246|||GRANADA|Granada|0
1758|pdf|32029|||MANAGUA|Managua|1
1758|pdf|57678|||ESTELI|Esteli|1
1758|pdf|46799|||MANAGUA|Managua|1
1758|pdf|30295|||GRANADA|Granada|1
1759|pdf|18715|||MANAGUA|Managua|1
1759|pdf|07657|||MANAGUA|Managua|1
1759|pdf|14444|||MANAGUA|Managua|1
1759|pdf|12736|||MANAGUA|Managua|1
1760|pdf|41118|||MANAGUA|Managua|1
1760|pdf|36409|||MASAYA|Masaya|1
1760|pdf|16588|||MANAGUA|Managua|1
1760|pdf|46295|||MANAGUA|Managua|1
1761|pdf|44401|||JINOTEGA|Jinotega|1
1761|pdf|37238|||CHINANDEGA|Chinandega|1
1761|pdf|02857|||MATAGALPA|Matagalpa|1
1761|pdf|50093|||MANAGUA|Managua|1
1761|pdf|25344|||BLUEFIELDS|RACCS|1
1761|pdf|06480|||BLUEFIELDS|RACCS|1
1763|pdf|25554|||LEON|Leon|1
1763|pdf|01408|||RIVAS|Rivas|1
1763|pdf|23179|||MANAGUA|Managua|1
1763|pdf|17409|||GRANADA|Granada|1
1763|pdf|23568|||PUERTO CABEZAS|RACCN|1
1765|pdf|32040|||GRANADA|Granada|1
1765|pdf|45389|||MANAGUA|Managua|1
1767|pdf|50176|||MANAGUA|Managua|1
1767|pdf|30899|||MANAGUA|Managua|1
1767|pdf|17174|||MATAGALPA|Matagalpa|1
1767|pdf|38100|||MATAGALPA|Matagalpa|1
1767|pdf|53885|||SAN CARLOS|Rio San Juan|1
1768|pdf|55395|||MANAGUA|Managua|1
1768|pdf|22990|||CHINANDEGA|Chinandega|1
1768|pdf|30175|||MANAGUA|Managua|1
1768|pdf|06983|||GRANADA|Granada|1
1769|pdf|08458|||MANAGUA|Managua|1
1769|pdf|43598|||ESTELI|Esteli|1
1769|pdf|44796|||SAN CARLOS|Rio San Juan|1
1769|pdf|06777|||CHINANDEGA|Chinandega|1
1770|pdf|13150|||MANAGUA|Managua|1
1770|pdf|49719|||MASAYA|Masaya|1
1770|pdf|59108|||MASAYA|Masaya|0
1770|pdf|52279|||MANAGUA|Managua|0
1770|pdf|11764|||CHINANDEGA|Chinandega|1
1770|pdf|05981|||MANAGUA|Managua|1
1771|pdf|32914|||RIVAS|Rivas|1
1771|pdf|46553|||MANAGUA|Managua|1
1771|pdf|06349|||MANAGUA|Managua|1
1771|pdf|21352|||MANAGUA|Managua|1
1771|pdf|60093|||OCOTAL|Nueva Segovia|1
1771|pdf|46674|||MANAGUA|Managua|1
1772|pdf|10754|||MANAGUA|Managua|1
1772|pdf|46810|||MANAGUA|Managua|1
1772|pdf|09386|||MANAGUA|Managua|1
1772|pdf|21424|||CHINANDEGA|Chinandega|1
1772|pdf|59764|||OCOTAL|Nueva Segovia|1
1773|pdf|21209|||MATAGALPA|Matagalpa|1
1773|pdf|26704|||MATAGALPA|Matagalpa|1
1773|pdf|48915|||MATAGALPA|Matagalpa|1
1773|pdf|17805|||MANAGUA|Managua|1
1773|pdf|22424|||MANAGUA|Managua|1
1774|pdf|55788|||CHINANDEGA|Chinandega|1
1774|pdf|52127|||MANAGUA|Managua|1
1774|pdf|33315|||GRANADA|Granada|1
1775|pdf|19094|||CHINANDEGA|Chinandega|1
1775|pdf|04939|||JINOTEPE|Carazo|1
1775|pdf|51437|||MANAGUA|Managua|1
1775|pdf|52992|||MANAGUA|Managua|1
1775|pdf|34199|||GRANADA|Granada|1
1776|pdf|02298|||JINOTEGA|Jinotega|1
1776|pdf|07636|||MANAGUA|Managua|1
1776|pdf|48305|||JUIGALPA|Chontales|1
1776|pdf|43024|||LEON|Leon|1
1776|pdf|05178|||CHINANDEGA|Chinandega|1
1777|pdf|28995|||MATAGALPA|Matagalpa|1
1777|pdf|17287|||MANAGUA|Managua|1
1777|pdf|32857|||RIVAS|Rivas|1
1777|pdf|07834|||BLUEFIELDS|RACCS|1
1778|pdf|44551|||JINOTEGA|Jinotega|1
1778|pdf|35725|||CHINANDEGA|Chinandega|1
1778|pdf|35782|||CHINANDEGA|Chinandega|1
1778|pdf|46185|||MANAGUA|Managua|1
1778|pdf|60386|||JINOTEPE|Carazo|1
1778|pdf|46514|||MANAGUA|Managua|1
1779|pdf|37026|||CHINANDEGA|Chinandega|1
1779|pdf|17755|||CHINANDEGA|Chinandega|1
1779|pdf|03935|||JINOTEPE|Carazo|1
1779|pdf|24793|||JINOTEGA|Jinotega|1
1779|pdf|18361|||MANAGUA|Managua|1
1779|pdf|46420|||MANAGUA|Managua|1
1779|pdf|54137|||MANAGUA|Managua|1
1780|pdf|18722|||ESTELI|Esteli|1
1780|pdf|30074|||JINOTEPE|Carazo|1
1780|pdf|25870|||MANAGUA|Managua|1
1780|pdf|49929|||JINOTEPE|Carazo|1
1780|pdf|47412|||CHINANDEGA|Chinandega|1
1781|pdf|45604|||MANAGUA|Managua|1
1781|pdf|38134|||MANAGUA|Managua|1
1781|pdf|52002|||MANAGUA|Managua|1
1781|pdf|03975|||MANAGUA|Managua|1
1781|pdf|47490|||CHINANDEGA|Chinandega|1
1781|pdf|52843|||MANAGUA|Managua|1
1781|pdf|19740|||JINOTEGA|Jinotega|1
1782|pdf|56546|||CHINANDEGA|Chinandega|1
1782|pdf|51028|||MANAGUA|Managua|1
1782|pdf|06137|||MANAGUA|Managua|1
1782|pdf|33911|||MANAGUA|Managua|1
1782|pdf|47329|||CHINANDEGA|Chinandega|1
1783|pdf|07090|||RIVAS|Rivas|1
1783|pdf|14459|||MANAGUA|Managua|1
1783|pdf|22271|||MANAGUA|Managua|1
1783|pdf|41936|||MANAGUA|Managua|1
1783|pdf|29788|||MANAGUA|Managua|1
1783|pdf|05288|||MATAGALPA|Matagalpa|1
1783|pdf|36413|||MANAGUA|Managua|1
1783|pdf|25476|||MATAGALPA|Matagalpa|1
1784|pdf|14376|||RIVAS|Rivas|1
1784|pdf|11048|||MANAGUA|Managua|1
1784|pdf|25013|||MANAGUA|Managua|1
1784|pdf|11099|||MANAGUA|Managua|1
1784|pdf|38110|||ESTELI|Esteli|1
1784|pdf|53117|||MANAGUA|Managua|1
1784|pdf|28513|||ESTELI|Esteli|1
1785|pdf|16165|||MANAGUA|Managua|1
1785|pdf|36264|||CHINANDEGA|Chinandega|1
1785|pdf|22847|||MANAGUA|Managua|1
1785|pdf|18828|||MANAGUA|Managua|1
1785|pdf|53315|||MANAGUA|Managua|1
1785|pdf|07697|||MANAGUA|Managua|1
1786|pdf|26819|||JINOTEPE|Carazo|1
1786|pdf|08583|||MANAGUA|Managua|0
1786|pdf|56126|||CHINANDEGA|Chinandega|1
1786|pdf|37025|||CHINANDEGA|Chinandega|1
1786|pdf|46482|||MANAGUA|Managua|1
1787|pdf|52942|||MANAGUA|Managua|1
1787|pdf|26930|||MANAGUA|Managua|1
1787|pdf|59625|||MASAYA|Masaya|1
1787|pdf|54820|||RIVAS|Rivas|1
1787|pdf|35603|||MANAGUA|Managua|1
1787|pdf|51393|||MANAGUA|Managua|1
1788|pdf|14454|||MANAGUA|Managua|1
1788|pdf|01993|||OCOTAL|Nueva Segovia|1
1788|pdf|37124|||TIPITAPA|Managua|1
1788|pdf|58603|||ESTELI|Esteli|1
1788|pdf|46225|||MANAGUA|Managua|1
1788|pdf|40109|||MANAGUA|Managua|1
1789|pdf|08018|||BLUEFIELDS|RACCS|1
1789|pdf|37815|||MANAGUA|Managua|1
1789|pdf|04579|||MANAGUA|Managua|1
1789|pdf|45922|||MANAGUA|Managua|1
1789|pdf|52260|||MANAGUA|Managua|1
1790|pdf|37243|||MASAYA|Masaya|1
1790|pdf|02130|||GRANADA|Granada|1
1790|pdf|57069|||GRANADA|Granada|1
1790|pdf|45934|||MANAGUA|Managua|1
1790|pdf|04500|||MATAGALPA|Matagalpa|1
1790|pdf|58397|||JUIGALPA|Chontales|1
1790|pdf|46973|||MANAGUA|Managua|1
1790|pdf|55622|||CHINANDEGA|Chinandega|1
1791|pdf|21447|||CHINANDEGA|Chinandega|1
1791|pdf|54302|||MANAGUA|Managua|1
1791|pdf|09476|||MANAGUA|Managua|1
1791|pdf|36344|||CHINANDEGA|Chinandega|1
1791|pdf|36548|||MANAGUA|Managua|1
1791|pdf|05494|||JINOTEGA|Jinotega|1
1792|pdf|11232|||MASAYA|Masaya|1
1792|pdf|01477|||JINOTEGA|Jinotega|1
1792|pdf|49752|||JINOTEGA|Jinotega|1
1792|pdf|34849|||MANAGUA|Managua|1
1792|pdf|02793|||JINOTEGA|Jinotega|1
1792|pdf|22937|||MANAGUA|Managua|1
1793|pdf|19911|||JUIGALPA|Chontales|1
1793|pdf|34116|||MASAYA|Masaya|1
1793|pdf|56816|||GRANADA|Granada|1
1793|pdf|03128|||ESTELI|Esteli|1
1793|pdf|16013|||MANAGUA|Managua|1
1793|pdf|04550|||MANAGUA|Managua|1
1794|pdf|15646|||MANAGUA|Managua|1
1794|pdf|21647|||ESTELI|Esteli|1
1794|pdf|42351|||CHINANDEGA|Chinandega|1
1794|pdf|50867|||ESTELI|Esteli|1
1794|pdf|06502|||MANAGUA|Managua|1
1794|pdf|52669|||MANAGUA|Managua|1
1795|pdf|32668|||RIVAS|Rivas|1
1795|pdf|29702|||MATAGALPA|Matagalpa|1
1795|pdf|29798|||MANAGUA|Managua|1
1795|pdf|33611|||JUIGALPA|Chontales|1
1795|pdf|05518|||TIPITAPA|Managua|1
1795|pdf|51066|||MANAGUA|Managua|1
1795|pdf|18971|||MANAGUA|Managua|1
1796|pdf|43068|||LEON|Leon|1
1796|pdf|37414|||GRANADA|Granada|1
1796|pdf|03511|||MANAGUA|Managua|1
1796|pdf|26762|||MANAGUA|Managua|1
1796|pdf|34624|||MANAGUA|Managua|1
1797|pdf|22359|||GRANADA|Granada|1
1797|pdf|01989|||GRANADA|Granada|1
1797|pdf|50792|||MANAGUA|Managua|1
1797|pdf|31399|||GRANADA|Granada|1
1797|pdf|45696|||MANAGUA|Managua|1
1797|pdf|32625|||MANAGUA|Managua|1
1798|pdf|02377|||MANAGUA|Managua|1
1798|pdf|58655|||ESTELI|Esteli|1
1798|pdf|17086|||MANAGUA|Managua|1
1798|pdf|48562|||ESTELI|Esteli|1
1798|pdf|34667|||LEON|Leon|1
1798|pdf|54573|||MANAGUA|Managua|1
1798|pdf|13014|||ESTELI|Esteli|1
1799|pdf|44432|||JINOTEGA|Jinotega|1
1799|pdf|18749|||MANAGUA|Managua|1
1799|pdf|14729|||CHINANDEGA|Chinandega|1
1799|pdf|27432|||MANAGUA|Managua|1
1799|pdf|59393|||MASAYA|Masaya|1
1799|pdf|46333|||MANAGUA|Managua|1
1800|pdf|28866|||MATAGALPA|Matagalpa|1
1800|pdf|55768|||CHINANDEGA|Chinandega|1
1800|pdf|36996|||CHINANDEGA|Chinandega|1
1800|pdf|58175|||ESTELI|Esteli|1
1800|pdf|27211|||OCOTAL|Nueva Segovia|1
1801|pdf|21945|||MANAGUA|Managua|1
1801|pdf|28145|||MATAGALPA|Matagalpa|1
1801|pdf|47439|||CHINANDEGA|Chinandega|1
1801|pdf|18332|||JUIGALPA|Chontales|1
1801|pdf|57893|||JUIGALPA|Chontales|1
1802|pdf|55949|||CHINANDEGA|Chinandega|1
1802|pdf|45940|||MANAGUA|Managua|1
1802|pdf|09765|||CHINANDEGA|Chinandega|1
1802|pdf|47601|||ESTELI|Esteli|1
1802|pdf|48905|||MATAGALPA|Matagalpa|1
1803|pdf|22654|||MANAGUA|Managua|1
1803|pdf|48728|||MATAGALPA|Matagalpa|1
1803|pdf|18395|||GRANADA|Granada|1
1803|pdf|57192|||JUIGALPA|Chontales|1
1803|pdf|38729|||JINOTEPE|Carazo|1
1803|pdf|05009|||JINOTEGA|Jinotega|1
1803|pdf|05887|||CHINANDEGA|Chinandega|1
1804|pdf|29063|||MANAGUA|Managua|1
1804|pdf|55639|||RIVAS|Rivas|1
1804|pdf|51261|||MANAGUA|Managua|1
1804|pdf|20703|||LEON|Leon|1
1804|pdf|05923|||OCOTAL|Nueva Segovia|1
1805|pdf|53671|||RIVAS|Rivas|1
1805|pdf|07760|||MANAGUA|Managua|1
1805|pdf|01278|||MANAGUA|Managua|1
1805|pdf|11583|||ESTELI|Esteli|1
1806|pdf|17752|||BLUEFIELDS|RACCS|0
1806|pdf|48279|||JUIGALPA|Chontales|1
1806|pdf|23574|||MANAGUA|Managua|1
1806|pdf|49469|||JUIGALPA|Chontales|1
1806|pdf|45875|||MANAGUA|Managua|1
1807|pdf|53835|||MANAGUA|Managua|1
1807|pdf|16202|||GRANADA|Granada|1
1807|pdf|49857|||MATAGALPA|Matagalpa|1
1807|pdf|03094|||MANAGUA|Managua|1
1807|pdf|39292|||ESTELI|Esteli|1
1807|pdf|52273|||MANAGUA|Managua|1
1808|pdf|50146|||MANAGUA|Managua|1
1808|pdf|31206|||JINOTEPE|Carazo|1
1808|pdf|58166|||LEON|Leon|1
1808|pdf|13184|||MANAGUA|Managua|0
1808|pdf|33953|||MANAGUA|Managua|1
1808|pdf|48584|||ESTELI|Esteli|1
1809|pdf|05614|||MASAYA|Masaya|1
1809|pdf|29769|||JUIGALPA|Chontales|1
1809|pdf|59587|||MASAYA|Masaya|1
1809|pdf|25027|||JUIGALPA|Chontales|1
1810|pdf|54798|||MANAGUA|Managua|1
1810|pdf|28460|||MANAGUA|Managua|1
1810|pdf|51001|||MANAGUA|Managua|1
1810|pdf|26219|||CHINANDEGA|Chinandega|1
1810|pdf|13471|||MATAGALPA|Matagalpa|1
1810|pdf|52519|||MANAGUA|Managua|1
1810|pdf|48889|||MATAGALPA|Matagalpa|1
1810|pdf|26753|||LEON|Leon|1
1811|pdf|55336|||MANAGUA|Managua|1
1811|pdf|05750|||MASAYA|Masaya|1
1811|pdf|18757|||JUIGALPA|Chontales|1
1811|pdf|44982|||MANAGUA|Managua|1
1811|pdf|27089|||JINOTEPE|Carazo|1
1811|pdf|40995|||MANAGUA|Managua|1
1812|pdf|33124|||LEON|Leon|1
1812|pdf|14444|||MANAGUA|Managua|1
1812|pdf|46741|||MANAGUA|Managua|1
1812|pdf|10046|||MASAYA|Masaya|1
1812|pdf|04842|||JUIGALPA|Chontales|1
1813|pdf|43441|||JUIGALPA|Chontales|1
1813|pdf|43667|||MATAGALPA|Matagalpa|1
1813|pdf|13961|||CHINANDEGA|Chinandega|1
1813|pdf|25675|||MANAGUA|Managua|1
1813|pdf|31608|||OCOTAL|Nueva Segovia|1
1813|pdf|60536|||JINOTEPE|Carazo|1
1814|pdf|01268|||BLUEFIELDS|RACCS|1
1814|pdf|23002|||MASAYA|Masaya|1
1814|pdf|03199|||GRANADA|Granada|1
1814|pdf|44250|||MASAYA|Masaya|1
1814|pdf|20139|||MANAGUA|Managua|1
1814|pdf|33291|||MANAGUA|Managua|1
1815|pdf|34700|||ESTELI|Esteli|1
1815|pdf|15269|||MANAGUA|Managua|1
1815|pdf|21249|||MANAGUA|Managua|1
1815|pdf|51487|||MANAGUA|Managua|1
1815|pdf|58036|||LEON|Leon|1
1815|pdf|32719|||MASAYA|Masaya|1
1816|pdf|29926|||MANAGUA|Managua|1
1816|pdf|45768|||MANAGUA|Managua|1
1816|pdf|41255|||CHINANDEGA|Chinandega|1
1816|pdf|21539|||MANAGUA|Managua|1
1816|pdf|35797|||MANAGUA|Managua|1
1817|pdf|48700|||MATAGALPA|Matagalpa|1
1817|pdf|23859|||SAN CARLOS|Rio San Juan|1
1817|pdf|50466|||MANAGUA|Managua|1
1817|pdf|11037|||RIVAS|Rivas|1
1817|pdf|38523|||GRANADA|Granada|1
1817|pdf|06083|||MANAGUA|Managua|1
1818|pdf|45588|||MANAGUA|Managua|1
1818|pdf|16678|||MANAGUA|Managua|1
1818|pdf|34312|||MANAGUA|Managua|1
1818|pdf|18732|||JUIGALPA|Chontales|1
1818|pdf|13534|||MANAGUA|Managua|1
1819|pdf|21053|||MATAGALPA|Matagalpa|1
1819|pdf|47514|||GRANADA|Granada|1
1819|pdf|35039|||CHINANDEGA|Chinandega|1
1819|pdf|30099|||MATAGALPA|Matagalpa|1
1819|pdf|19866|||MANAGUA|Managua|1
1819|pdf|44136|||TIPITAPA|Managua|1
1819|pdf|26531|||SAN CARLOS|Rio San Juan|1
1819|pdf|32600|||BLUEFIELDS|RACCS|1
1820|pdf|16762|||MANAGUA|Managua|1
1820|pdf|46316|||MANAGUA|Managua|0
1820|pdf|19720|||MANAGUA|Managua|1
1820|pdf|27341|||MANAGUA|Managua|1
1820|pdf|60786|||PUERTO CABEZAS|RACCN|1
1821|pdf|41055|||MANAGUA|Managua|1
1821|pdf|14705|||JUIGALPA|Chontales|0
1821|pdf|28476|||MANAGUA|Managua|1
1821|pdf|23893|||MANAGUA|Managua|1
1821|pdf|30400|||MATAGALPA|Matagalpa|1
1821|pdf|45852|||MANAGUA|Managua|1
1822|pdf|07929|||MANAGUA|Managua|1
1822|pdf|14503|||LEON|Leon|1
1822|pdf|52799|||MANAGUA|Managua|1
1822|pdf|47478|||CHINANDEGA|Chinandega|1
1822|pdf|59898|||JINOTEGA|Jinotega|1
1822|pdf|35022|||LEON|Leon|1
1823|pdf|13836|||MANAGUA|Managua|1
1823|pdf|47470|||CHINANDEGA|Chinandega|1
1823|pdf|55454|||RIVAS|Rivas|1
1823|pdf|44010|||MASAYA|Masaya|1
1823|pdf|24984|||CHINANDEGA|Chinandega|1
1823|pdf|30949|||LEON|Leon|1
1823|pdf|60089|||OCOTAL|Nueva Segovia|1
1824|pdf|15694|||MANAGUA|Managua|1
1824|pdf|43850|||MATAGALPA|Matagalpa|1
1824|pdf|50388|||MANAGUA|Managua|1
1824|pdf|23271|||MANAGUA|Managua|1
1825|pdf|55120|||CHINANDEGA|Chinandega|1
1825|pdf|01397|||CHINANDEGA|Chinandega|1
1825|pdf|02472|||RIVAS|Rivas|1
1825|pdf|24341|||MANAGUA|Managua|1
1825|pdf|03723|||MATAGALPA|Matagalpa|1
1826|pdf|08695|||MANAGUA|Managua|1
1826|pdf|22826|||JINOTEGA|Jinotega|0
1826|pdf|56572|||GRANADA|Granada|1
1826|pdf|58030|||ESTELI|Esteli|1
1826|pdf|13975|||MANAGUA|Managua|1
1826|pdf|56224|||GRANADA|Granada|1
1827|pdf|16095|||MANAGUA|Managua|1
1827|pdf|55163|||BLUEFIELDS|RACCS|1
1827|pdf|55423|||RIVAS|Rivas|1
1827|pdf|30769|||BLUEFIELDS|RACCS|1
1827|pdf|25113|||MATAGALPA|Matagalpa|1
1827|pdf|46682|||MANAGUA|Managua|1
1827|pdf|42565|||GRANADA|Granada|1
1827|pdf|47512|||MANAGUA|Managua|1
1828|pdf|21928|||MATAGALPA|Matagalpa|1
1828|pdf|56724|||LEON|Leon|1
1828|pdf|01227|||MANAGUA|Managua|1
1828|pdf|22505|||MANAGUA|Managua|1
1828|pdf|57747|||GRANADA|Granada|1
1828|pdf|54850|||RIVAS|Rivas|1
1829|pdf|54107|||MANAGUA|Managua|1
1829|pdf|42019|||LEON|Leon|1
1829|pdf|50515|||MANAGUA|Managua|1
1829|pdf|03392|||MANAGUA|Managua|1
1829|pdf|51937|||MANAGUA|Managua|1
1829|pdf|28500|||MANAGUA|Managua|1
1830|pdf|54632|||MANAGUA|Managua|1
1830|pdf|18288|||MANAGUA|Managua|1
1830|pdf|24441|||MANAGUA|Managua|1
1830|pdf|52042|||MANAGUA|Managua|1
1830|pdf|33292|||JUIGALPA|Chontales|1
1830|pdf|28117|||MANAGUA|Managua|1
1830|pdf|45726|||MANAGUA|Managua|1
1830|pdf|60797|||SAN CARLOS|Rio San Juan|1
1831|pdf|01793|||GRANADA|Granada|1
1831|pdf|46756|||MANAGUA|Managua|1
1831|pdf|26643|||MANAGUA|Managua|1
1831|pdf|15948|||MATAGALPA|Matagalpa|1
1831|pdf|41577|||MANAGUA|Managua|1
1831|pdf|22276|||MANAGUA|Managua|1
1831|pdf|13524|||LEON|Leon|1
1831|pdf|18244|||GRANADA|Granada|1
1832|pdf|10323|||MANAGUA|Managua|1
1832|pdf|02373|||GRANADA|Granada|1
1832|pdf|42959|||LEON|Leon|1
1832|pdf|15075|||MANAGUA|Managua|1
1833|pdf|06069|||MANAGUA|Managua|1
1833|pdf|31955|||MANAGUA|Managua|1
1833|pdf|01504|||GRANADA|Granada|1
1833|pdf|11439|||MASAYA|Masaya|1
1833|pdf|12600|||MANAGUA|Managua|1
1834|pdf|48026|||LEON|Leon|1
1834|pdf|49362|||JUIGALPA|Chontales|1
1834|pdf|03536|||MANAGUA|Managua|0
1834|pdf|31225|||TIPITAPA|Managua|1
1834|pdf|49696|||MASAYA|Masaya|1
1835|pdf|13629|||CHINANDEGA|Chinandega|1
1835|pdf|26852|||MASAYA|Masaya|1
1835|pdf|55192|||CHINANDEGA|Chinandega|1
1835|pdf|50681|||MANAGUA|Managua|1
1835|pdf|14224|||MANAGUA|Managua|1
1835|pdf|11578|||MANAGUA|Managua|1
1836|pdf|19497|||JINOTEGA|Jinotega|1
1836|pdf|14475|||MANAGUA|Managua|1
1836|pdf|54228|||MANAGUA|Managua|1
1836|pdf|21553|||MANAGUA|Managua|1
1836|pdf|30709|||ESTELI|Esteli|1
1836|pdf|06904|||MANAGUA|Managua|1
1837|pdf|15902|||MANAGUA|Managua|1
1837|pdf|44700|||JINOTEPE|Carazo|1
1837|pdf|34839|||MANAGUA|Managua|1
1837|pdf|40722|||MANAGUA|Managua|1
1837|pdf|35692|||JUIGALPA|Chontales|1
1837|pdf|45608|||MANAGUA|Managua|1
1838|pdf|01028|||JINOTEPE|Carazo|1
1838|pdf|47122|||BLUEFIELDS|RACCS|1
1838|pdf|15937|||TIPITAPA|Managua|1
1838|pdf|21422|||CHINANDEGA|Chinandega|1
1838|pdf|34929|||MANAGUA|Managua|1
1838|pdf|55042|||RIVAS|Rivas|1
1838|pdf|16884|||MANAGUA|Managua|1
1838|pdf|04119|||LEON|Leon|1
1839|pdf|01055|||JUIGALPA|Chontales|1
1839|pdf|20429|||MASAYA|Masaya|1
1839|pdf|02225|||MATAGALPA|Matagalpa|1
1839|pdf|29296|||JINOTEGA|Jinotega|1
1839|pdf|35869|||CHINANDEGA|Chinandega|1
1839|pdf|03904|||MANAGUA|Managua|1
1840|pdf|40871|||MANAGUA|Managua|1
1840|pdf|15874|||MANAGUA|Managua|1
1840|pdf|36860|||MANAGUA|Managua|1
1840|pdf|19255|||LEON|Leon|1
1840|pdf|26790|||JINOTEPE|Carazo|1
1840|pdf|60779|||JINOTEPE|Carazo|1
1841|pdf|43699|||MATAGALPA|Matagalpa|1
1841|pdf|58215|||ESTELI|Esteli|1
1841|pdf|60649|||JINOTEPE|Carazo|1
1841|pdf|07190|||JINOTEGA|Jinotega|1
1841|pdf|21623|||JINOTEPE|Carazo|1
1841|pdf|60746|||JINOTEPE|Carazo|1
1842|pdf|19048|||MANAGUA|Managua|1
1842|pdf|46567|||ESTELI|Esteli|1
1842|pdf|27248|||JINOTEPE|Carazo|1
1842|pdf|59233|||MATAGALPA|Matagalpa|1
1842|pdf|32329|||GRANADA|Granada|1
1843|pdf|22789|||MANAGUA|Managua|1
1843|pdf|30643|||MANAGUA|Managua|1
1843|pdf|48476|||ESTELI|Esteli|1
1843|pdf|32155|||TIPITAPA|Managua|1
1843|pdf|57339|||LEON|Leon|1
1843|pdf|32773|||RIVAS|Rivas|1
1843|pdf|45247|||MANAGUA|Managua|1
1843|pdf|05238|||MANAGUA|Managua|1
1844|pdf|57084|||LEON|Leon|1
1844|pdf|31121|||GRANADA|Granada|1
1844|pdf|57111|||JUIGALPA|Chontales|1
1844|pdf|25869|||TIPITAPA|Managua|1
1844|pdf|14146|||LEON|Leon|1
1845|pdf|42758|||GRANADA|Granada|1
1845|pdf|58075|||JUIGALPA|Chontales|1
1845|pdf|27266|||MANAGUA|Managua|1
1845|pdf|27492|||JUIGALPA|Chontales|1
1845|pdf|28485|||MANAGUA|Managua|1
1846|pdf|01110|||MANAGUA|Managua|1
1846|pdf|20899|||JINOTEPE|Carazo|1
1846|pdf|14987|||MANAGUA|Managua|1
1846|pdf|33224|||LEON|Leon|1
1846|pdf|10296|||GRANADA|Granada|1
1847|pdf|40335|||GRANADA|Granada|1
1847|pdf|01763|||LEON|Leon|1
1847|pdf|12711|||MASAYA|Masaya|1
1847|pdf|21787|||ESTELI|Esteli|1
1847|pdf|04700|||MANAGUA|Managua|1
1847|pdf|10720|||MANAGUA|Managua|1
1848|pdf|15729|||MATAGALPA|Matagalpa|1
1848|pdf|58275|||ESTELI|Esteli|1
1848|pdf|44896|||JINOTEGA|Jinotega|1
1848|pdf|33463|||MANAGUA|Managua|1
1848|pdf|40520|||MANAGUA|Managua|1
1849|pdf|24909|||GRANADA|Granada|1
1849|pdf|55407|||MANAGUA|Managua|1
1849|pdf|02493|||MATAGALPA|Matagalpa|1
1849|pdf|22952|||GRANADA|Granada|1
1849|pdf|45343|||MANAGUA|Managua|1
1849|pdf|54539|||MANAGUA|Managua|1
1850|pdf|54598|||MANAGUA|Managua|1
1850|pdf|15694|||MANAGUA|Managua|1
1850|pdf|15974|||MANAGUA|Managua|1
1850|pdf|19942|||OCOTAL|Nueva Segovia|1
1850|pdf|12696|||MANAGUA|Managua|1
1851|pdf|40754|||MATAGALPA|Matagalpa|1
1851|pdf|14295|||MANAGUA|Managua|1
1851|pdf|27736|||MANAGUA|Managua|1
1851|pdf|11198|||MANAGUA|Managua|1
1851|pdf|59037|||MATAGALPA|Matagalpa|1
1851|pdf|39995|||MANAGUA|Managua|1
1851|pdf|19474|||ESTELI|Esteli|1
1852|pdf|55864|||GRANADA|Granada|1
1852|pdf|35630|||MATAGALPA|Matagalpa|1
1852|pdf|42701|||GRANADA|Granada|1
1852|pdf|03813|||CHINANDEGA|Chinandega|1
1852|pdf|58683|||MATAGALPA|Matagalpa|1
1852|pdf|26302|||MANAGUA|Managua|1
1853|pdf|34904|||MANAGUA|Managua|1
1853|pdf|24684|||ESTELI|Esteli|1
1853|pdf|34353|||MANAGUA|Managua|1
1853|pdf|23944|||MANAGUA|Managua|1
1853|pdf|46540|||MANAGUA|Managua|1
1854|pdf|54829|||MANAGUA|Managua|1
1854|pdf|47729|||GRANADA|Granada|1
1854|pdf|45653|||MANAGUA|Managua|1
1854|pdf|51342|||MANAGUA|Managua|1
1854|pdf|14951|||MANAGUA|Managua|1
1854|pdf|47013|||MANAGUA|Managua|1
1855|pdf|33161|||MANAGUA|Managua|1
1855|pdf|02944|||MANAGUA|Managua|1
1855|pdf|34396|||TIPITAPA|Managua|1
1855|pdf|44177|||MASAYA|Masaya|1
1855|pdf|23558|||MANAGUA|Managua|1
1856|pdf|01139|||JINOTEPE|Carazo|1
1856|pdf|22003|||MANAGUA|Managua|1
1856|pdf|58022|||ESTELI|Esteli|1
1856|pdf|23136|||GRANADA|Granada|1
1856|pdf|60874|||TIPITAPA|Managua|1
1857|pdf|40781|||MANAGUA|Managua|1
1857|pdf|22202|||ESTELI|Esteli|1
1857|pdf|20412|||MANAGUA|Managua|1
1857|pdf|23893|||MANAGUA|Managua|1
1857|pdf|43581|||ESTELI|Esteli|1
1857|pdf|21850|||MANAGUA|Managua|1
1858|pdf|07737|||JINOTEGA|Jinotega|1
1858|pdf|20734|||MANAGUA|Managua|1
1858|pdf|15276|||GRANADA|Granada|1
1858|pdf|29727|||JINOTEGA|Jinotega|1
1858|pdf|07077|||MASAYA|Masaya|1
1858|pdf|55309|||BLUEFIELDS|RACCS|1
1860|pdf|43429|||JUIGALPA|Chontales|1
1860|pdf|24672|||OCOTAL|Nueva Segovia|1
1860|pdf|27649|||JINOTEGA|Jinotega|1
1860|pdf|22518|||MATAGALPA|Matagalpa|1
1860|pdf|42554|||GRANADA|Granada|1
1860|pdf|51794|||MANAGUA|Managua|1
1861|pdf|09649|||MASAYA|Masaya|1
1861|pdf|49123|||JINOTEGA|Jinotega|1
1861|pdf|11392|||MANAGUA|Managua|1
1861|pdf|44479|||JINOTEPE|Carazo|1
1861|pdf|17505|||MANAGUA|Managua|1
1861|pdf|13275|||GRANADA|Granada|1
1862|pdf|18527|||GRANADA|Granada|1
1862|pdf|48154|||LEON|Leon|1
1862|pdf|42117|||RIVAS|Rivas|1
1862|pdf|39439|||ESTELI|Esteli|1
1862|pdf|50082|||MANAGUA|Managua|1
1862|pdf|15884|||MATAGALPA|Matagalpa|1
1862|pdf|40051|||MANAGUA|Managua|1
1862|pdf|30042|||MATAGALPA|Matagalpa|1
1863|pdf|55431|||GRANADA|Granada|1
1863|pdf|49561|||JUIGALPA|Chontales|1
1863|pdf|10277|||RIVAS|Rivas|1
1863|pdf|18432|||MANAGUA|Managua|1
1863|pdf|19987|||MANAGUA|Managua|1
1864|pdf|19766|||LEON|Leon|1
1864|pdf|01887|||GRANADA|Granada|1
1864|pdf|28871|||JINOTEGA|Jinotega|1
1864|pdf|29939|||MANAGUA|Managua|1
1864|pdf|03368|||JINOTEPE|Carazo|1
1865|pdf|15558|||RIVAS|Rivas|1
1865|pdf|10909|||MANAGUA|Managua|1
1865|pdf|49382|||JUIGALPA|Chontales|1
1865|pdf|33644|||LEON|Leon|1
1865|pdf|28217|||JINOTEGA|Jinotega|1
1865|pdf|60122|||OCOTAL|Nueva Segovia|1
1865|pdf|34680|||MANAGUA|Managua|1
1866|pdf|38355|||MATAGALPA|Matagalpa|1
1866|pdf|15251|||MANAGUA|Managua|1
1866|pdf|33673|||MANAGUA|Managua|1
1866|pdf|29438|||JINOTEGA|Jinotega|1
1866|pdf|11875|||MASAYA|Masaya|1
1866|pdf|36438|||MANAGUA|Managua|1
1867|pdf|14260|||CHINANDEGA|Chinandega|1
1867|pdf|02991|||MANAGUA|Managua|1
1867|pdf|14573|||LEON|Leon|1
1867|pdf|21928|||MATAGALPA|Matagalpa|1
1867|pdf|43715|||MATAGALPA|Matagalpa|1
1867|pdf|51899|||MANAGUA|Managua|1
1867|pdf|04953|||JINOTEGA|Jinotega|1
1868|pdf|51730|||MANAGUA|Managua|1
1868|pdf|29789|||SIUNA|RACCN|1
1868|pdf|34995|||LEON|Leon|1
1868|pdf|09939|||MASAYA|Masaya|0
1868|pdf|30210|||MANAGUA|Managua|1
1868|pdf|60218|||JINOTEGA|Jinotega|1
1869|pdf|49575|||JUIGALPA|Chontales|1
1869|pdf|09223|||JUIGALPA|Chontales|1
1869|pdf|46257|||TIPITAPA|Managua|1
1869|pdf|04524|||RIVAS|Rivas|1
1869|pdf|50435|||MANAGUA|Managua|1
1869|pdf|40687|||MANAGUA|Managua|1
1869|pdf|59682|||MASAYA|Masaya|1
1870|pdf|42449|||CHINANDEGA|Chinandega|1
1870|pdf|26099|||MANAGUA|Managua|1
1870|pdf|59534|||MASAYA|Masaya|1
1870|pdf|40155|||MANAGUA|Managua|1
1870|pdf|54918|||MATAGALPA|Matagalpa|1
1870|pdf|28702|||JINOTEGA|Jinotega|1
1871|pdf|10062|||CHINANDEGA|Chinandega|1
1871|pdf|01088|||RIVAS|Rivas|1
1871|pdf|57942|||ESTELI|Esteli|1
1871|pdf|52006|||MANAGUA|Managua|1
1871|pdf|59807|||JINOTEGA|Jinotega|1
1871|pdf|03102|||JUIGALPA|Chontales|1
1871|pdf|03205|||MANAGUA|Managua|1
1872|pdf|01082|||MATAGALPA|Matagalpa|1
1872|pdf|27810|||MATAGALPA|Matagalpa|1
1872|pdf|42959|||LEON|Leon|1
1872|pdf|10905|||JUIGALPA|Chontales|1
1872|pdf|24908|||GRANADA|Granada|1
1872|pdf|20915|||MASAYA|Masaya|1
1873|pdf|08092|||MANAGUA|Managua|1
1873|pdf|03345|||ESTELI|Esteli|1
1873|pdf|10013|||MANAGUA|Managua|1
1873|pdf|42976|||MATAGALPA|Matagalpa|1
1873|pdf|20829|||MASAYA|Masaya|1
1873|pdf|28489|||MANAGUA|Managua|1
1874|pdf|55643|||RIVAS|Rivas|1
1874|pdf|25961|||ESTELI|Esteli|1
1874|pdf|34014|||MANAGUA|Managua|1
1874|pdf|07059|||MANAGUA|Managua|1
1875|pdf|47716|||GRANADA|Granada|1
1875|pdf|29922|||MANAGUA|Managua|1
1875|pdf|43339|||JUIGALPA|Chontales|1
1875|pdf|17709|||MASAYA|Masaya|1
1875|pdf|37466|||MANAGUA|Managua|1
1875|pdf|33771|||MANAGUA|Managua|1
1876|pdf|26415|||MATAGALPA|Matagalpa|1
1876|pdf|53283|||MANAGUA|Managua|1
1876|pdf|58713|||MATAGALPA|Matagalpa|1
1876|pdf|49534|||JUIGALPA|Chontales|1
1876|pdf|14742|||GRANADA|Granada|1
1876|pdf|51265|||MANAGUA|Managua|1
1877|pdf|50042|||JINOTEPE|Carazo|1
1877|pdf|55167|||MANAGUA|Managua|1
1877|pdf|09453|||JINOTEGA|Jinotega|0
1877|pdf|29287|||GRANADA|Granada|1
1877|pdf|04375|||LEON|Leon|1
1877|pdf|48402|||JUIGALPA|Chontales|1
1877|pdf|19519|||CHINANDEGA|Chinandega|1
1878|pdf|17139|||GRANADA|Granada|1
1878|pdf|55946|||RIVAS|Rivas|1
1878|pdf|43428|||JUIGALPA|Chontales|1
1878|pdf|27563|||MANAGUA|Managua|1
1878|pdf|43931|||MASAYA|Masaya|1
1878|pdf|39346|||BLUEFIELDS|RACCS|1
1878|pdf|60956|||SIUNA|RACCN|1
1879|pdf|20436|||MANAGUA|Managua|1
1879|pdf|15377|||MANAGUA|Managua|1
1879|pdf|54694|||MANAGUA|Managua|1
1879|pdf|47755|||ESTELI|Esteli|1
1879|pdf|17125|||MANAGUA|Managua|1
1879|pdf|24659|||GRANADA|Granada|1
1879|pdf|36804|||MANAGUA|Managua|1
1879|pdf|37568|||CHINANDEGA|Chinandega|1
1880|pdf|14271|||MANAGUA|Managua|1
1880|pdf|27519|||RIVAS|Rivas|1
1880|pdf|48312|||JUIGALPA|Chontales|1
1880|pdf|54575|||MANAGUA|Managua|1
1880|pdf|23503|||BLUEFIELDS|RACCS|1
1880|pdf|13511|||TIPITAPA|Managua|1
1880|pdf|31740|||CHINANDEGA|Chinandega|1
1880|pdf|46543|||CHINANDEGA|Chinandega|1
1881|pdf|07325|||MASAYA|Masaya|1
1881|pdf|17418|||BLUEFIELDS|RACCS|1
1881|pdf|26186|||ESTELI|Esteli|1
1881|pdf|32552|||RIVAS|Rivas|1
1881|pdf|26203|||MANAGUA|Managua|1
1881|pdf|06284|||MANAGUA|Managua|1
1882|pdf|15352|||MANAGUA|Managua|1
1882|pdf|23116|||JINOTEGA|Jinotega|1
1882|pdf|37709|||JUIGALPA|Chontales|1
1882|pdf|53301|||BLUEFIELDS|RACCS|1
1882|pdf|53973|||MANAGUA|Managua|1
1883|pdf|47709|||ESTELI|Esteli|1
1883|pdf|08569|||MATAGALPA|Matagalpa|1
1883|pdf|49286|||MASAYA|Masaya|1
1883|pdf|17090|||MANAGUA|Managua|1
1883|pdf|17772|||LEON|Leon|1
1883|pdf|32688|||RIVAS|Rivas|1
1883|pdf|08210|||GRANADA|Granada|1
1884|pdf|01087|||JINOTEPE|Carazo|1
1884|pdf|17626|||MASAYA|Masaya|1
1884|pdf|43913|||MASAYA|Masaya|1
1884|pdf|26200|||ESTELI|Esteli|1
1884|pdf|57497|||TIPITAPA|Managua|1
1885|pdf|39607|||GRANADA|Granada|1
1885|pdf|34704|||ESTELI|Esteli|1
1885|pdf|14430|||MANAGUA|Managua|1
1885|pdf|54593|||MANAGUA|Managua|1
1885|pdf|28624|||ESTELI|Esteli|1
1885|pdf|15092|||CHINANDEGA|Chinandega|1
1886|pdf|12608|||MATAGALPA|Matagalpa|1
1886|pdf|26991|||JINOTEPE|Carazo|1
1886|pdf|02524|||GRANADA|Granada|1
1886|pdf|29900|||MANAGUA|Managua|1
1886|pdf|17832|||MANAGUA|Managua|1
1887|pdf|17938|||JINOTEGA|Jinotega|1
1887|pdf|46858|||MANAGUA|Managua|1
1887|pdf|55530|||CHINANDEGA|Chinandega|1
1887|pdf|18594|||MANAGUA|Managua|1
1887|pdf|44225|||TIPITAPA|Managua|1
1888|pdf|45233|||MANAGUA|Managua|1
1888|pdf|50351|||MANAGUA|Managua|1
1888|pdf|46967|||MANAGUA|Managua|1
1888|pdf|44677|||JINOTEPE|Carazo|1
1888|pdf|39000|||MANAGUA|Managua|1
1889|pdf|29562|||MATAGALPA|Matagalpa|1
1889|pdf|26920|||ESTELI|Esteli|1
1889|pdf|32542|||RIVAS|Rivas|1
1889|pdf|37913|||MATAGALPA|Matagalpa|1
1889|pdf|27288|||MANAGUA|Managua|1
1889|pdf|43753|||RIVAS|Rivas|1
1889|pdf|27925|||LEON|Leon|1
1889|pdf|60976|||SIUNA|RACCN|1
1890|pdf|56216|||CHINANDEGA|Chinandega|1
1890|pdf|49631|||ESTELI|Esteli|1
1890|pdf|08767|||MANAGUA|Managua|1
1890|pdf|53316|||MANAGUA|Managua|1
1890|pdf|17461|||GRANADA|Granada|1
1891|pdf|20980|||MANAGUA|Managua|1
1891|pdf|03128|||ESTELI|Esteli|1
1891|pdf|30820|||LEON|Leon|1
1891|pdf|32216|||GRANADA|Granada|1
1892|pdf|39001|||TIPITAPA|Managua|1
1892|pdf|27174|||MANAGUA|Managua|1
1892|pdf|44233|||TIPITAPA|Managua|1
1892|pdf|28615|||MANAGUA|Managua|1
1892|pdf|46994|||MANAGUA|Managua|1
1892|pdf|60093|||OCOTAL|Nueva Segovia|1
1892|pdf|32044|||GRANADA|Granada|1
1892|pdf|54556|||MANAGUA|Managua|1
1893|pdf|27490|||JINOTEGA|Jinotega|1
1893|pdf|23541|||MANAGUA|Managua|1
1893|pdf|01395|||LEON|Leon|1
1893|pdf|18901|||GRANADA|Granada|1
1893|pdf|23566|||MANAGUA|Managua|1
1893|pdf|53672|||JINOTEGA|Jinotega|1
1893|pdf|32115|||JINOTEPE|Carazo|1
1894|pdf|20477|||MANAGUA|Managua|1
1894|pdf|34219|||MANAGUA|Managua|1
1894|pdf|15294|||JINOTEPE|Carazo|1
1894|pdf|09468|||JUIGALPA|Chontales|1
1894|pdf|57828|||ESTELI|Esteli|1
1894|pdf|43882|||TIPITAPA|Managua|1
1894|pdf|58939|||MATAGALPA|Matagalpa|1
1895|pdf|56402|||GRANADA|Granada|1
1895|pdf|22035|||MANAGUA|Managua|1
1895|pdf|08250|||JUIGALPA|Chontales|1
1895|pdf|30581|||MANAGUA|Managua|1
1895|pdf|06953|||MANAGUA|Managua|1
1896|pdf|13991|||MANAGUA|Managua|1
1896|pdf|40579|||MANAGUA|Managua|1
1896|pdf|28263|||MANAGUA|Managua|1
1896|pdf|56930|||LEON|Leon|1
1896|pdf|09669|||GRANADA|Granada|1
1896|pdf|43028|||LEON|Leon|1
1896|pdf|36796|||CHINANDEGA|Chinandega|1
1897|pdf|37862|||MANAGUA|Managua|1
1897|pdf|57546|||LEON|Leon|1
1897|pdf|06154|||CHINANDEGA|Chinandega|1
1897|pdf|35227|||ESTELI|Esteli|1
1897|pdf|48724|||GRANADA|Granada|1
1897|pdf|22283|||OCOTAL|Nueva Segovia|1
1898|pdf|55090|||CHINANDEGA|Chinandega|1
1898|pdf|44273|||OCOTAL|Nueva Segovia|1
1898|pdf|29254|||ESTELI|Esteli|1
1898|pdf|38602|||MANAGUA|Managua|1
1898|pdf|51343|||MANAGUA|Managua|1
1898|pdf|10737|||MANAGUA|Managua|1
1898|pdf|47709|||ESTELI|Esteli|1
1899|pdf|40122|||MANAGUA|Managua|1
1899|pdf|14349|||TIPITAPA|Managua|1
1899|pdf|34647|||JUIGALPA|Chontales|1
1899|pdf|01534|||TIPITAPA|Managua|1
1899|pdf|54018|||TIPITAPA|Managua|1
1899|pdf|22196|||JUIGALPA|Chontales|1
1900|pdf|54286|||MANAGUA|Managua|1
1900|pdf|28777|||JINOTEPE|Carazo|1
1900|pdf|02288|||JUIGALPA|Chontales|1
1900|pdf|23931|||MANAGUA|Managua|1
1900|pdf|25860|||MANAGUA|Managua|1
1900|pdf|52163|||MANAGUA|Managua|1
1900|pdf|14835|||RIVAS|Rivas|1
1901|pdf|58909|||MATAGALPA|Matagalpa|1
1901|pdf|17792|||MASAYA|Masaya|1
1901|pdf|59472|||MASAYA|Masaya|0
1901|pdf|48099|||BLUEFIELDS|RACCS|1
1901|pdf|34274|||MANAGUA|Managua|1
1901|pdf|20561|||MANAGUA|Managua|1
1901|pdf|14883|||JINOTEGA|Jinotega|1
1902|pdf|24932|||JUIGALPA|Chontales|1
1902|pdf|53952|||TIPITAPA|Managua|1
1902|pdf|13601|||MANAGUA|Managua|1
1902|pdf|03106|||TIPITAPA|Managua|1
1902|pdf|36522|||MANAGUA|Managua|1
1902|pdf|29956|||JINOTEGA|Jinotega|1
1902|pdf|06571|||MASAYA|Masaya|1
1903|pdf|15614|||GRANADA|Granada|1
1903|pdf|21526|||MANAGUA|Managua|0
1903|pdf|28457|||MANAGUA|Managua|1
1903|pdf|22052|||MANAGUA|Managua|1
1903|pdf|05917|||CHINANDEGA|Chinandega|1
1904|pdf|18473|||MANAGUA|Managua|1
1904|pdf|56137|||MANAGUA|Managua|1
1904|pdf|26342|||JUIGALPA|Chontales|1
1904|pdf|19867|||CHINANDEGA|Chinandega|1
1904|pdf|08965|||MANAGUA|Managua|1
1904|pdf|21140|||MANAGUA|Managua|1
1904|pdf|17606|||MANAGUA|Managua|1
1905|pdf|02044|||MANAGUA|Managua|1
1905|pdf|27182|||SIUNA|RACCN|1
1905|pdf|50194|||MANAGUA|Managua|1
1905|pdf|04067|||SIUNA|RACCN|1
1905|pdf|59893|||MASAYA|Masaya|1
1905|pdf|31722|||GRANADA|Granada|0
1906|pdf|28103|||MANAGUA|Managua|1
1906|pdf|22052|||MANAGUA|Managua|1
1906|pdf|56708|||LEON|Leon|1
1906|pdf|51551|||MANAGUA|Managua|1
1906|pdf|18660|||MASAYA|Masaya|0
1906|pdf|30992|||LEON|Leon|1
1907|pdf|27672|||MANAGUA|Managua|0
1907|pdf|47311|||CHINANDEGA|Chinandega|1
1907|pdf|55600|||CHINANDEGA|Chinandega|1
1907|pdf|42447|||MATAGALPA|Matagalpa|1
1907|pdf|04624|||GRANADA|Granada|1
1907|pdf|20401|||LEON|Leon|1
1908|pdf|29474|||MATAGALPA|Matagalpa|1
1908|pdf|07971|||MANAGUA|Managua|1
1908|pdf|24475|||JINOTEPE|Carazo|1
1908|pdf|51892|||MANAGUA|Managua|1
1908|pdf|60256|||MANAGUA|Managua|1
1909|pdf|22995|||MANAGUA|Managua|1
1909|pdf|44938|||MANAGUA|Managua|1
1909|pdf|17104|||MANAGUA|Managua|1
1909|pdf|51583|||MATAGALPA|Matagalpa|1
1909|pdf|46597|||TIPITAPA|Managua|1
1909|pdf|25758|||MANAGUA|Managua|1
1910|pdf|58079|||JUIGALPA|Chontales|1
1910|pdf|46058|||MANAGUA|Managua|1
1910|pdf|59098|||MASAYA|Masaya|1
1910|pdf|19919|||CHINANDEGA|Chinandega|0
1910|pdf|36524|||MASAYA|Masaya|1
1910|pdf|30126|||LEON|Leon|1
1910|pdf|60856|||PUERTO CABEZAS|RACCN|1
1911|pdf|20499|||MANAGUA|Managua|1
1911|pdf|53683|||MANAGUA|Managua|1
1911|pdf|02650|||MANAGUA|Managua|1
1911|pdf|32647|||RIVAS|Rivas|1
1911|pdf|38673|||ESTELI|Esteli|1
1911|pdf|45008|||MANAGUA|Managua|1
1911|pdf|33858|||MANAGUA|Managua|1
1926|pdf|19384|||MANAGUA|Managua|1
1926|pdf|16314|||MANAGUA|Managua|1
1926|pdf|56495|||CHINANDEGA|Chinandega|1
1926|pdf|20183|||MANAGUA|Managua|1
1926|pdf|53186|||MANAGUA|Managua|1
1926|pdf|16989|||MANAGUA|Managua|1
1926|pdf|53766|||MATAGALPA|Matagalpa|1
1927|pdf|56081|||LEON|Leon|1
1927|pdf|22302|||MANAGUA|Managua|1
1927|pdf|31354|||GRANADA|Granada|1
1927|pdf|45129|||MANAGUA|Managua|1
1927|pdf|04772|||MANAGUA|Managua|1
1927|pdf|31737|||GRANADA|Granada|1
1927|pdf|45359|||TIPITAPA|Managua|1
1928|pdf|23691|||MANAGUA|Managua|1
1928|pdf|28234|||MATAGALPA|Matagalpa|1
1928|pdf|11294|||MANAGUA|Managua|1
1928|pdf|52256|||MANAGUA|Managua|1
1928|pdf|38427|||GRANADA|Granada|1
1929|pdf|54861|||TIPITAPA|Managua|1
1929|pdf|44628|||JINOTEPE|Carazo|1
1929|pdf|21492|||MANAGUA|Managua|1
1929|pdf|27659|||MANAGUA|Managua|1
1929|pdf|47059|||MANAGUA|Managua|1
1929|pdf|07922|||LEON|Leon|1
1930|pdf|48795|||ESTELI|Esteli|1
1930|pdf|30555|||BLUEFIELDS|RACCS|1
1930|pdf|23562|||MATAGALPA|Matagalpa|1
1930|pdf|57171|||JUIGALPA|Chontales|1
1930|pdf|46085|||MANAGUA|Managua|1
1930|pdf|21499|||MANAGUA|Managua|1
1931|pdf|02465|||MANAGUA|Managua|1
1931|pdf|45529|||MANAGUA|Managua|1
1931|pdf|53894|||MANAGUA|Managua|1
1931|pdf|17291|||MANAGUA|Managua|1
1931|pdf|06123|||MANAGUA|Managua|1
1931|pdf|13195|||GRANADA|Granada|1
1932|pdf|28157|||ESTELI|Esteli|1
1932|pdf|21448|||LEON|Leon|1
1932|pdf|40969|||MANAGUA|Managua|1
1932|pdf|03049|||MANAGUA|Managua|1
1932|pdf|38979|||MATAGALPA|Matagalpa|1
1932|pdf|13444|||JINOTEPE|Carazo|1
1932|pdf|20120|||MATAGALPA|Matagalpa|1
1933|pdf|08309|||OCOTAL|Nueva Segovia|1
1933|pdf|27544|||LEON|Leon|1
1933|pdf|51598|||MATAGALPA|Matagalpa|1
1933|pdf|24364|||MANAGUA|Managua|1
1933|pdf|11880|||JINOTEGA|Jinotega|1
1933|pdf|48386|||JUIGALPA|Chontales|1
1933|pdf|20416|||MATAGALPA|Matagalpa|1
1934|pdf|23562|||MATAGALPA|Matagalpa|1
1934|pdf|13012|||CHINANDEGA|Chinandega|1
1934|pdf|43612|||ESTELI|Esteli|1
1934|pdf|18543|||JINOTEGA|Jinotega|1
1934|pdf|58135|||ESTELI|Esteli|1
1935|pdf|01606|||TIPITAPA|Managua|1
1935|pdf|15675|||TIPITAPA|Managua|1
1935|pdf|43304|||JUIGALPA|Chontales|1
1935|pdf|16261|||MANAGUA|Managua|1
1935|pdf|43899|||MASAYA|Masaya|1
1935|pdf|22980|||TIPITAPA|Managua|1
1935|pdf|17653|||MANAGUA|Managua|1
1936|pdf|15824|||MANAGUA|Managua|1
1936|pdf|28395|||CHINANDEGA|Chinandega|1
1936|pdf|40221|||MANAGUA|Managua|1
1936|pdf|16357|||MATAGALPA|Matagalpa|1
1936|pdf|49647|||TIPITAPA|Managua|1
1936|pdf|30179|||MANAGUA|Managua|1
1937|pdf|25975|||MANAGUA|Managua|1
1937|pdf|21990|||OCOTAL|Nueva Segovia|1
1937|pdf|35054|||ESTELI|Esteli|1
1937|pdf|04949|||ESTELI|Esteli|1
1937|pdf|16706|||MANAGUA|Managua|1
1937|pdf|52209|||CHINANDEGA|Chinandega|1
1937|pdf|11004|||MANAGUA|Managua|1
1938|pdf|50129|||MANAGUA|Managua|1
1938|pdf|31410|||GRANADA|Granada|1
1938|pdf|04919|||ESTELI|Esteli|1
1938|pdf|21002|||GRANADA|Granada|1
1938|pdf|26727|||CHINANDEGA|Chinandega|1
1938|pdf|21615|||MANAGUA|Managua|1
1938|pdf|33839|||MANAGUA|Managua|1
1939|pdf|02429|||GRANADA|Granada|1
1939|pdf|36512|||MANAGUA|Managua|1
1939|pdf|06163|||MANAGUA|Managua|1
1939|pdf|16520|||LEON|Leon|1
1939|pdf|04522|||TIPITAPA|Managua|1
1939|pdf|48359|||JUIGALPA|Chontales|1
1940|pdf|40062|||MANAGUA|Managua|1
1940|pdf|43961|||MASAYA|Masaya|1
1940|pdf|24294|||MATAGALPA|Matagalpa|1
1940|pdf|24355|||MASAYA|Masaya|1
1940|pdf|19997|||MANAGUA|Managua|1
1940|pdf|40047|||MANAGUA|Managua|1
1941|pdf|50362|||MANAGUA|Managua|1
1941|pdf|51386|||MANAGUA|Managua|1
1941|pdf|51533|||MANAGUA|Managua|1
1941|pdf|05161|||CHINANDEGA|Chinandega|1
1941|pdf|26709|||MANAGUA|Managua|1
1942|pdf|01612|||MANAGUA|Managua|1
1942|pdf|28580|||ESTELI|Esteli|1
1942|pdf|15281|||MANAGUA|Managua|1
1942|pdf|22627|||MASAYA|Masaya|1
1942|pdf|09960|||MANAGUA|Managua|1
1942|pdf|53270|||MANAGUA|Managua|1
1942|pdf|60128|||JINOTEGA|Jinotega|1
1943|pdf|41138|||MANAGUA|Managua|1
1943|pdf|49545|||JUIGALPA|Chontales|1
1943|pdf|23618|||OCOTAL|Nueva Segovia|1
1943|pdf|20023|||OCOTAL|Nueva Segovia|1
1943|pdf|52085|||MANAGUA|Managua|1
1943|pdf|20573|||JINOTEGA|Jinotega|1
1944|pdf|35751|||OCOTAL|Nueva Segovia|1
1944|pdf|09296|||MANAGUA|Managua|1
1944|pdf|40136|||MANAGUA|Managua|1
1944|pdf|34299|||OCOTAL|Nueva Segovia|1
1944|pdf|28508|||ESTELI|Esteli|1
1944|pdf|21806|||MANAGUA|Managua|1
1945|pdf|34757|||JINOTEPE|Carazo|1
1945|pdf|09227|||JUIGALPA|Chontales|1
1945|pdf|51333|||MANAGUA|Managua|1
1945|pdf|16920|||MANAGUA|Managua|1
1945|pdf|45177|||JINOTEGA|Jinotega|1
1977|pdf|08299|||TIPITAPA|Managua|1
1977|pdf|21773|||MANAGUA|Managua|1
1977|pdf|23275|||LEON|Leon|1
1977|pdf|51972|||JINOTEGA|Jinotega|1
1978|pdf|37809|||MANAGUA|Managua|1
1978|pdf|54427|||MANAGUA|Managua|1
1978|pdf|24823|||MATAGALPA|Matagalpa|1
1978|pdf|43739|||MATAGALPA|Matagalpa|1
1978|pdf|03148|||JUIGALPA|Chontales|1
1978|pdf|50869|||GRANADA|Granada|1
1978|pdf|20928|||JUIGALPA|Chontales|1
1979|pdf|24490|||MANAGUA|Managua|1
1979|pdf|45258|||CHINANDEGA|Chinandega|1
1979|pdf|57674|||ESTELI|Esteli|1
1979|pdf|39906|||GRANADA|Granada|1
1979|pdf|28725|||RIVAS|Rivas|1
1979|pdf|49100|||JINOTEGA|Jinotega|1
1980|pdf|42228|||RIVAS|Rivas|1
1980|pdf|35487|||LEON|Leon|1
1980|pdf|53096|||MANAGUA|Managua|1
1980|pdf|59951|||JINOTEGA|Jinotega|1
1980|pdf|27693|||MANAGUA|Managua|1
1980|pdf|53846|||MANAGUA|Managua|1
1980|pdf|49001|||OCOTAL|Nueva Segovia|1
1981|pdf|24654|||GRANADA|Granada|1
1981|pdf|24690|||MANAGUA|Managua|1
1981|pdf|37428|||CHINANDEGA|Chinandega|1
1981|pdf|50899|||MATAGALPA|Matagalpa|1
1981|pdf|13141|||JINOTEPE|Carazo|1
1981|pdf|58672|||MATAGALPA|Matagalpa|1
1981|pdf|26825|||LEON|Leon|1
1981|pdf|26905|||MANAGUA|Managua|1
1982|pdf|58664|||MATAGALPA|Matagalpa|1
1982|pdf|33662|||MANAGUA|Managua|1
1982|pdf|59427|||MASAYA|Masaya|1
1982|pdf|40530|||BLUEFIELDS|RACCS|1
1982|pdf|34690|||MANAGUA|Managua|1
1982|pdf|59870|||OCOTAL|Nueva Segovia|1
1983|pdf|30276|||MATAGALPA|Matagalpa|1
1983|pdf|42163|||RIVAS|Rivas|1
1983|pdf|37737|||JUIGALPA|Chontales|1
1983|pdf|47913|||LEON|Leon|1
1983|pdf|32092|||MASAYA|Masaya|1
1983|pdf|05901|||OCOTAL|Nueva Segovia|1
1983|pdf|06006|||MANAGUA|Managua|1
1984|pdf|36657|||MASAYA|Masaya|1
1984|pdf|32058|||GRANADA|Granada|1
1984|pdf|37840|||ESTELI|Esteli|1
1984|pdf|04086|||MASAYA|Masaya|1
1984|pdf|47938|||LEON|Leon|1
1984|pdf|53223|||MANAGUA|Managua|1
1985|pdf|43937|||MASAYA|Masaya|1
1985|pdf|58510|||MATAGALPA|Matagalpa|1
1985|pdf|10321|||MATAGALPA|Matagalpa|1
1985|pdf|33350|||GRANADA|Granada|1
1985|pdf|60504|||JINOTEPE|Carazo|1
1986|pdf|47982|||LEON|Leon|1
1986|pdf|22559|||OCOTAL|Nueva Segovia|1
1986|pdf|02727|||RIVAS|Rivas|1
1986|pdf|17949|||TIPITAPA|Managua|1
1986|pdf|51374|||MANAGUA|Managua|1
1987|pdf|22060|||MANAGUA|Managua|1
1987|pdf|50586|||OCOTAL|Nueva Segovia|1
1987|pdf|20398|||MATAGALPA|Matagalpa|1
1987|pdf|27682|||CHINANDEGA|Chinandega|1
1988|pdf|22879|||MANAGUA|Managua|1
1988|pdf|18106|||MASAYA|Masaya|1
1988|pdf|45670|||MANAGUA|Managua|1
1988|pdf|27496|||JUIGALPA|Chontales|1
1988|pdf|17067|||MANAGUA|Managua|1
1989|pdf|56204|||ESTELI|Esteli|1
1989|pdf|51026|||CHINANDEGA|Chinandega|1
1989|pdf|16400|||CHINANDEGA|Chinandega|1
1989|pdf|54496|||TIPITAPA|Managua|1
1989|pdf|18412|||MANAGUA|Managua|1
1990|pdf|42128|||RIVAS|Rivas|1
1990|pdf|01780|||MANAGUA|Managua|1
1990|pdf|15127|||MANAGUA|Managua|1
1990|pdf|58684|||MATAGALPA|Matagalpa|1
1990|pdf|44693|||JINOTEPE|Carazo|1
1991|pdf|37489|||MANAGUA|Managua|1
1991|pdf|37532|||CHINANDEGA|Chinandega|1
1991|pdf|37850|||MASAYA|Masaya|1
1991|pdf|34503|||JUIGALPA|Chontales|1
1991|pdf|38199|||TIPITAPA|Managua|1
1991|pdf|14726|||MANAGUA|Managua|1
1992|pdf|09761|||LEON|Leon|1
1992|pdf|54852|||BLUEFIELDS|RACCS|1
1992|pdf|29342|||MATAGALPA|Matagalpa|1
1992|pdf|37715|||CHINANDEGA|Chinandega|1
1992|pdf|51430|||MANAGUA|Managua|1
1992|pdf|46126|||GRANADA|Granada|1
1992|pdf|21593|||MATAGALPA|Matagalpa|1
2000|pdf|16031|||MANAGUA|Managua|1
2000|pdf|48346|||CHINANDEGA|Chinandega|1
2000|pdf|18297|||MANAGUA|Managua|1
2005|pdf|49949|||JINOTEPE|Carazo|1
2005|pdf|29997|||JUIGALPA|Chontales|1
2005|pdf|39450|||ESTELI|Esteli|1
2005|pdf|28854|||GRANADA|Granada|1
2005|pdf|49570|||JUIGALPA|Chontales|1
2006|pdf|55322|||CHINANDEGA|Chinandega|1
2006|pdf|08593|||MASAYA|Masaya|0
2006|pdf|01911|||MANAGUA|Managua|0
2006|pdf|52582|||MANAGUA|Managua|1
2006|pdf|34343|||MANAGUA|Managua|1
2006|pdf|26961|||JUIGALPA|Chontales|1
2007|pdf|40954|||TIPITAPA|Managua|1
2007|pdf|26529|||CHINANDEGA|Chinandega|1
2007|pdf|33411|||MANAGUA|Managua|1
2007|pdf|33424|||JINOTEPE|Carazo|1
2008|pdf|17209|||BLUEFIELDS|RACCS|1
2008|pdf|17471|||MATAGALPA|Matagalpa|1
2008|pdf|23711|||MANAGUA|Managua|1
2008|pdf|13548|||RIVAS|Rivas|1
2008|pdf|08096|||MANAGUA|Managua|1
2009|pdf|55476|||BLUEFIELDS|RACCS|1
2009|pdf|08650|||JINOTEPE|Carazo|1
2009|pdf|27342|||CHINANDEGA|Chinandega|1
2009|pdf|52911|||MANAGUA|Managua|1
2009|pdf|26707|||MATAGALPA|Matagalpa|1
2009|pdf|60583|||JINOTEPE|Carazo|1
2010|pdf|08966|||MANAGUA|Managua|1
2010|pdf|50910|||GRANADA|Granada|1
2010|pdf|24015|||MANAGUA|Managua|1
2010|pdf|30223|||MANAGUA|Managua|1
2010|pdf|58728|||TIPITAPA|Managua|1
2010|pdf|18209|||MATAGALPA|Matagalpa|1
2011|pdf|34859|||LEON|Leon|1
2011|pdf|55496|||BLUEFIELDS|RACCS|1
2011|pdf|57281|||JUIGALPA|Chontales|1
2011|pdf|44575|||JINOTEPE|Carazo|1
2011|pdf|28201|||MANAGUA|Managua|0
2011|pdf|34858|||LEON|Leon|1
2012|pdf|48018|||BLUEFIELDS|RACCS|1
2012|pdf|23671|||MANAGUA|Managua|1
2012|pdf|56164|||CHINANDEGA|Chinandega|1
2012|pdf|45730|||MANAGUA|Managua|1
2012|pdf|43296|||JUIGALPA|Chontales|1
2013|pdf|10228|||NUEVA GUINEA|RACCS|1
2013|pdf|16209|||MASAYA|Masaya|1
2013|pdf|10717|||CHINANDEGA|Chinandega|1
2013|pdf|25241|||MANAGUA|Managua|1
2014|pdf|44815|||MANAGUA|Managua|1
2014|pdf|57641|||ESTELI|Esteli|1
2014|pdf|34349|||MANAGUA|Managua|1
2014|pdf|51739|||MANAGUA|Managua|1
2014|pdf|45344|||MANAGUA|Managua|1
2015|pdf|40152|||MANAGUA|Managua|1
2015|pdf|19730|||MANAGUA|Managua|1
2015|pdf|13629|||CHINANDEGA|Chinandega|0
2015|pdf|09665|||MANAGUA|Managua|0
2015|pdf|05372|||ESTELI|Esteli|0
2015|pdf|21976|||SIUNA|RACCN|1
2015|pdf|06282|||MANAGUA|Managua|1
2016|pdf|49871|||MATAGALPA|Matagalpa|1
2016|pdf|09098|||MATAGALPA|Matagalpa|1
2016|pdf|16352|||JINOTEGA|Jinotega|1
2016|pdf|50062|||MANAGUA|Managua|1
2016|pdf|30330|||MATAGALPA|Matagalpa|1
2016|pdf|07158|||MANAGUA|Managua|1
2017|pdf|56008|||MANAGUA|Managua|1
2017|pdf|23394|||MANAGUA|Managua|1
2017|pdf|18343|||MASAYA|Masaya|1
2017|pdf|58403|||ESTELI|Esteli|1
2017|pdf|54178|||MANAGUA|Managua|1
2017|pdf|48798|||MATAGALPA|Matagalpa|1
2018|pdf|19291|||JUIGALPA|Chontales|1
2018|pdf|42740|||GRANADA|Granada|1
2018|pdf|03990|||MANAGUA|Managua|1
2018|pdf|23721|||MASAYA|Masaya|1
2018|pdf|10798|||MANAGUA|Managua|1
2018|pdf|31655|||JINOTEPE|Carazo|1
2019|pdf|39048|||BLUEFIELDS|RACCS|1
2019|pdf|11240|||TIPITAPA|Managua|1
2019|pdf|39463|||JINOTEGA|Jinotega|1
2019|pdf|34456|||MANAGUA|Managua|1
2019|pdf|52196|||MANAGUA|Managua|1
2019|pdf|58970|||MATAGALPA|Matagalpa|1
2019|pdf|52764|||MANAGUA|Managua|1
2020|pdf|01194|||RIVAS|Rivas|1
2020|pdf|38009|||MATAGALPA|Matagalpa|1
2020|pdf|46139|||MANAGUA|Managua|1
2021|pdf|44467|||JINOTEGA|Jinotega|1
2021|pdf|49919|||JINOTEPE|Carazo|1
2021|pdf|09287|||MASAYA|Masaya|1
2021|pdf|33562|||LEON|Leon|1
2021|pdf|59646|||TIPITAPA|Managua|1
2021|pdf|06166|||MATAGALPA|Matagalpa|1
2021|pdf|34661|||LEON|Leon|1
2022|pdf|29429|||MASAYA|Masaya|1
2022|pdf|23697|||MANAGUA|Managua|1
2022|pdf|24602|||CHINANDEGA|Chinandega|1
2022|pdf|20310|||MANAGUA|Managua|1
2022|pdf|58755|||MATAGALPA|Matagalpa|1
2022|pdf|39565|||TIPITAPA|Managua|1
2022|pdf|32531|||RIVAS|Rivas|1
2023|pdf|02181|||CHINANDEGA|Chinandega|1
2023|pdf|12245|||MANAGUA|Managua|1
2023|pdf|57099|||GRANADA|Granada|1
2023|pdf|42375|||CHINANDEGA|Chinandega|1
2023|pdf|04760|||CHINANDEGA|Chinandega|1
2023|pdf|22386|||MANAGUA|Managua|1
2024|pdf|46453|||MANAGUA|Managua|1
2024|pdf|06274|||MANAGUA|Managua|1
2024|pdf|33016|||MANAGUA|Managua|1
2024|pdf|19808|||MATAGALPA|Matagalpa|1
2024|pdf|06026|||MANAGUA|Managua|0
2024|pdf|31538|||GRANADA|Granada|1
2025|pdf|22090|||MANAGUA|Managua|1
2025|pdf|11503|||MANAGUA|Managua|1
2025|pdf|36298|||CHINANDEGA|Chinandega|1
2025|pdf|59600|||MASAYA|Masaya|1
2025|pdf|45959|||MANAGUA|Managua|1
2025|pdf|08416|||JINOTEPE|Carazo|1
2026|pdf|53844|||MANAGUA|Managua|1
2026|pdf|20553|||LEON|Leon|1
2026|pdf|26308|||SIUNA|RACCN|1
2026|pdf|59837|||JINOTEGA|Jinotega|1
2026|pdf|55654|||CHINANDEGA|Chinandega|1
2026|pdf|23319|||CHINANDEGA|Chinandega|1
2027|pdf|09471|||TIPITAPA|Managua|1
2027|pdf|57466|||LEON|Leon|1
2027|pdf|38179|||MATAGALPA|Matagalpa|1
2027|pdf|46568|||JINOTEGA|Jinotega|1
2027|pdf|54616|||MANAGUA|Managua|1
2027|pdf|47793|||MANAGUA|Managua|1
2027|pdf|35951|||MANAGUA|Managua|1
2028|pdf|25148|||MANAGUA|Managua|1
2028|pdf|55942|||GRANADA|Granada|1
2028|pdf|44346|||JINOTEGA|Jinotega|1
2028|pdf|49851|||JINOTEPE|Carazo|1
2028|pdf|40335|||GRANADA|Granada|1
2028|pdf|27780|||MANAGUA|Managua|1
2028|pdf|47150|||RIVAS|Rivas|1
2029|pdf|50395|||MANAGUA|Managua|1
2029|pdf|04443|||BLUEFIELDS|RACCS|1
2029|pdf|26895|||MANAGUA|Managua|1
2029|pdf|32628|||MANAGUA|Managua|1
2029|pdf|51703|||MANAGUA|Managua|1
2030|pdf|42115|||RIVAS|Rivas|1
2030|pdf|23602|||MANAGUA|Managua|1
2030|pdf|58324|||ESTELI|Esteli|1
2030|pdf|40479|||JINOTEPE|Carazo|1
2030|pdf|20710|||MANAGUA|Managua|1
2030|pdf|26348|||MANAGUA|Managua|1
2031|pdf|35419|||JUIGALPA|Chontales|1
2031|pdf|22054|||CHINANDEGA|Chinandega|1
2031|pdf|29392|||MANAGUA|Managua|1
2031|pdf|50119|||MANAGUA|Managua|1
2031|pdf|17048|||JINOTEGA|Jinotega|1
2031|pdf|58550|||MATAGALPA|Matagalpa|1
2031|pdf|60895|||SIUNA|RACCN|1
2032|pdf|23138|||MATAGALPA|Matagalpa|1
2032|pdf|16576|||MANAGUA|Managua|1
2032|pdf|58641|||MATAGALPA|Matagalpa|1
2032|pdf|52837|||MANAGUA|Managua|1
2032|pdf|41636|||MANAGUA|Managua|1
2032|pdf|48390|||JUIGALPA|Chontales|1
2032|pdf|53142|||TIPITAPA|Managua|1
2033|pdf|16183|||MATAGALPA|Matagalpa|1
2033|pdf|28696|||ESTELI|Esteli|1
2033|pdf|35528|||MASAYA|Masaya|1
2033|pdf|49490|||JUIGALPA|Chontales|1
2033|pdf|43716|||MATAGALPA|Matagalpa|1
2033|pdf|50078|||MANAGUA|Managua|1
2033|pdf|17563|||MANAGUA|Managua|1
2034|pdf|29782|||JINOTEGA|Jinotega|1
2034|pdf|56570|||LEON|Leon|1
2034|pdf|52640|||MANAGUA|Managua|1
2034|pdf|54452|||TIPITAPA|Managua|1
2034|pdf|06028|||SAN CARLOS|Rio San Juan|1
2034|pdf|29215|||MATAGALPA|Matagalpa|1
2034|pdf|54648|||MANAGUA|Managua|1
2034|pdf|06150|||OCOTAL|Nueva Segovia|1
2035|pdf|47162|||RIVAS|Rivas|1
2035|pdf|12814|||MANAGUA|Managua|0
2035|pdf|11285|||MANAGUA|Managua|1
2035|pdf|45715|||MANAGUA|Managua|1
2035|pdf|59196|||JINOTEGA|Jinotega|1
2035|pdf|12407|||TIPITAPA|Managua|1
2036|pdf|55710|||GRANADA|Granada|1
2036|pdf|20874|||OCOTAL|Nueva Segovia|1
2036|pdf|08568|||MATAGALPA|Matagalpa|1
2036|pdf|16367|||BLUEFIELDS|RACCS|1
2036|pdf|31497|||JUIGALPA|Chontales|1
2036|pdf|10611|||MANAGUA|Managua|1
2037|pdf|42011|||MANAGUA|Managua|1
2037|pdf|42489|||CHINANDEGA|Chinandega|1
2037|pdf|33083|||BLUEFIELDS|RACCS|1
2037|pdf|20524|||MANAGUA|Managua|1
2037|pdf|59163|||MATAGALPA|Matagalpa|1
2037|pdf|52656|||MANAGUA|Managua|1
2038|pdf|01092|||LEON|Leon|1
2038|pdf|41751|||JINOTEGA|Jinotega|1
2038|pdf|55498|||RIVAS|Rivas|1
2038|pdf|48029|||LEON|Leon|1
2038|pdf|31954|||GRANADA|Granada|1
2038|pdf|06694|||TIPITAPA|Managua|1
2038|pdf|32917|||RIVAS|Rivas|1
2039|pdf|53101|||MANAGUA|Managua|1
2039|pdf|27191|||LEON|Leon|1
2039|pdf|07039|||JINOTEPE|Carazo|1
2039|pdf|49983|||JINOTEPE|Carazo|1
2039|pdf|44181|||TIPITAPA|Managua|1
2040|pdf|13999|||MANAGUA|Managua|1
2040|pdf|26879|||MANAGUA|Managua|1
2040|pdf|11599|||MANAGUA|Managua|1
2040|pdf|23614|||MATAGALPA|Matagalpa|1
2040|pdf|18874|||MASAYA|Masaya|1
2040|pdf|45379|||MANAGUA|Managua|1
2041|pdf|08435|||MANAGUA|Managua|1
2041|pdf|48302|||JUIGALPA|Chontales|1
2041|pdf|29115|||MATAGALPA|Matagalpa|1
2041|pdf|49241|||MASAYA|Masaya|1
2041|pdf|13459|||MANAGUA|Managua|1
2041|pdf|47555|||GRANADA|Granada|1
2041|pdf|28868|||JINOTEGA|Jinotega|1
2042|pdf|44045|||JINOTEGA|Jinotega|1
2042|pdf|20674|||LEON|Leon|1
2042|pdf|34906|||MANAGUA|Managua|1
2042|pdf|29640|||MATAGALPA|Matagalpa|1
2042|pdf|58500|||MATAGALPA|Matagalpa|1
2042|pdf|35205|||JINOTEGA|Jinotega|1
2043|pdf|35530|||MASAYA|Masaya|1
2043|pdf|09230|||MANAGUA|Managua|0
2043|pdf|29956|||JINOTEGA|Jinotega|1
2043|pdf|36564|||MANAGUA|Managua|1
2043|pdf|57820|||ESTELI|Esteli|1
2043|pdf|12423|||CHINANDEGA|Chinandega|1
2044|pdf|54767|||MATAGALPA|Matagalpa|1
2044|pdf|15673|||MANAGUA|Managua|1
2044|pdf|55243|||BLUEFIELDS|RACCS|1
2044|pdf|41021|||MANAGUA|Managua|1
2044|pdf|27865|||JUIGALPA|Chontales|1
2044|pdf|53904|||SAN CARLOS|Rio San Juan|1
2044|pdf|47977|||MANAGUA|Managua|1
2045|pdf|47448|||CHINANDEGA|Chinandega|1
2045|pdf|27517|||RIVAS|Rivas|1
2045|pdf|02530|||MATAGALPA|Matagalpa|1
2045|pdf|22992|||MANAGUA|Managua|1
2045|pdf|44127|||MANAGUA|Managua|1
2045|pdf|10315|||LEON|Leon|1
2045|pdf|30981|||MANAGUA|Managua|1
2046|pdf|54549|||CHINANDEGA|Chinandega|1
2046|pdf|02169|||JINOTEGA|Jinotega|1
2046|pdf|42547|||MATAGALPA|Matagalpa|1
2046|pdf|13881|||GRANADA|Granada|1
2046|pdf|03935|||JINOTEPE|Carazo|1
2046|pdf|23090|||MANAGUA|Managua|1
2046|pdf|09680|||MANAGUA|Managua|1
2046|pdf|40481|||MANAGUA|Managua|1
2047|pdf|35675|||CHINANDEGA|Chinandega|1
2047|pdf|44304|||OCOTAL|Nueva Segovia|1
2047|pdf|26132|||OCOTAL|Nueva Segovia|1
2047|pdf|33146|||MANAGUA|Managua|1
2047|pdf|46376|||MANAGUA|Managua|0
2047|pdf|52560|||MANAGUA|Managua|1
2047|pdf|06578|||MANAGUA|Managua|1
2048|pdf|29903|||OCOTAL|Nueva Segovia|1
2048|pdf|44259|||OCOTAL|Nueva Segovia|1
2048|pdf|30430|||JINOTEGA|Jinotega|1
2048|pdf|27698|||ESTELI|Esteli|1
2048|pdf|53373|||MANAGUA|Managua|1
2049|pdf|05808|||ESTELI|Esteli|1
2049|pdf|48260|||JUIGALPA|Chontales|1
2049|pdf|24860|||JUIGALPA|Chontales|1
2049|pdf|04070|||MANAGUA|Managua|1
2049|pdf|31194|||JINOTEPE|Carazo|1
2049|pdf|59284|||MANAGUA|Managua|1
2050|pdf|27919|||MASAYA|Masaya|1
2050|pdf|34622|||MANAGUA|Managua|1
2050|pdf|01290|||MANAGUA|Managua|1
2050|pdf|42549|||CHINANDEGA|Chinandega|1
2050|pdf|52462|||TIPITAPA|Managua|1
2050|pdf|27510|||LEON|Leon|1
2051|pdf|15700|||JINOTEGA|Jinotega|1
2051|pdf|12853|||MANAGUA|Managua|1
2051|pdf|21306|||MANAGUA|Managua|1
2051|pdf|28939|||MATAGALPA|Matagalpa|1
2051|pdf|54179|||MANAGUA|Managua|1
2052|pdf|35715|||MANAGUA|Managua|1
2052|pdf|02267|||JINOTEPE|Carazo|0
2052|pdf|56522|||GRANADA|Granada|1
2052|pdf|13926|||MANAGUA|Managua|0
2052|pdf|51033|||TIPITAPA|Managua|1
2052|pdf|26457|||CHINANDEGA|Chinandega|1
2053|pdf|55305|||TIPITAPA|Managua|1
2053|pdf|55649|||RIVAS|Rivas|1
2053|pdf|21628|||MANAGUA|Managua|1
2053|pdf|29504|||MATAGALPA|Matagalpa|1
2053|pdf|30952|||JINOTEPE|Carazo|1
2053|pdf|26300|||MANAGUA|Managua|1
2054|pdf|10094|||ESTELI|Esteli|0
2054|pdf|17057|||MANAGUA|Managua|0
2054|pdf|52095|||MANAGUA|Managua|1
2054|pdf|58970|||MATAGALPA|Matagalpa|1
2054|pdf|53356|||TIPITAPA|Managua|1
2054|pdf|48416|||JUIGALPA|Chontales|1
2054|pdf|15519|||MANAGUA|Managua|1
2055|pdf|10875|||MANAGUA|Managua|1
2055|pdf|14545|||MANAGUA|Managua|1
2055|pdf|43095|||LEON|Leon|1
2055|pdf|58059|||JUIGALPA|Chontales|1
2055|pdf|18899|||TIPITAPA|Managua|1
2055|pdf|12991|||MANAGUA|Managua|1
2056|pdf|02615|||JINOTEGA|Jinotega|1
2056|pdf|41907|||MANAGUA|Managua|1
2056|pdf|11006|||MANAGUA|Managua|1
2056|pdf|23448|||MANAGUA|Managua|1
2056|pdf|42855|||MANAGUA|Managua|1
2056|pdf|31552|||JINOTEPE|Carazo|1
2057|pdf|39893|||GRANADA|Granada|1
2057|pdf|01821|||MANAGUA|Managua|1
2057|pdf|01877|||GRANADA|Granada|1
2057|pdf|14424|||MANAGUA|Managua|1
2057|pdf|42186|||RIVAS|Rivas|1
2057|pdf|32715|||MANAGUA|Managua|1
2058|pdf|22855|||MANAGUA|Managua|1
2058|pdf|44735|||MANAGUA|Managua|1
2058|pdf|19190|||CHINANDEGA|Chinandega|0
2058|pdf|44849|||MANAGUA|Managua|1
2058|pdf|49246|||MASAYA|Masaya|1
2059|pdf|37904|||CHINANDEGA|Chinandega|1
2059|pdf|42817|||GRANADA|Granada|1
2059|pdf|52980|||TIPITAPA|Managua|1
2059|pdf|16417|||MANAGUA|Managua|1
2059|pdf|48203|||LEON|Leon|1
2059|pdf|50906|||GRANADA|Granada|1
2059|pdf|15097|||MANAGUA|Managua|1
2060|pdf|14397|||MANAGUA|Managua|1
2060|pdf|33943|||JUIGALPA|Chontales|1
2060|pdf|54539|||MANAGUA|Managua|1
2060|pdf|49181|||SIUNA|RACCN|1
2060|pdf|11275|||MANAGUA|Managua|1
2060|pdf|22839|||JINOTEGA|Jinotega|1
2060|pdf|45854|||MANAGUA|Managua|1
2061|pdf|43016|||CHINANDEGA|Chinandega|1
2061|pdf|03550|||MATAGALPA|Matagalpa|1
2061|pdf|57793|||JUIGALPA|Chontales|1
2061|pdf|04240|||GRANADA|Granada|1
2061|pdf|60082|||OCOTAL|Nueva Segovia|1
2061|pdf|34751|||MANAGUA|Managua|1
2062|pdf|45317|||MANAGUA|Managua|1
2062|pdf|56490|||LEON|Leon|1
2062|pdf|16029|||JINOTEPE|Carazo|1
2062|pdf|51571|||MANAGUA|Managua|1
2062|pdf|57147|||JINOTEGA|Jinotega|1
2062|pdf|05899|||MATAGALPA|Matagalpa|1
2062|pdf|14349|||MASAYA|Masaya|1
2063|pdf|08091|||MANAGUA|Managua|1
2063|pdf|13933|||MASAYA|Masaya|1
2063|pdf|55515|||MANAGUA|Managua|1
2063|pdf|14355|||GRANADA|Granada|1
2063|pdf|02763|||CHINANDEGA|Chinandega|1
2063|pdf|44338|||JINOTEGA|Jinotega|1
2063|pdf|11445|||MANAGUA|Managua|1
2063|pdf|16260|||MANAGUA|Managua|1
2063|pdf|52538|||MANAGUA|Managua|1
2063|pdf|22632|||LEON|Leon|1
2064|pdf|14259|||JINOTEPE|Carazo|1
2064|pdf|21624|||OCOTAL|Nueva Segovia|1
2064|pdf|41702|||MANAGUA|Managua|1
2064|pdf|22506|||MANAGUA|Managua|1
2064|pdf|59533|||MANAGUA|Managua|1
2064|pdf|23628|||MANAGUA|Managua|1
2064|pdf|30675|||MANAGUA|Managua|1
2065|pdf|20984|||ESTELI|Esteli|1
2065|pdf|28669|||OCOTAL|Nueva Segovia|1
2065|pdf|48652|||MATAGALPA|Matagalpa|1
2065|pdf|36443|||CHINANDEGA|Chinandega|1
2065|pdf|18557|||MATAGALPA|Matagalpa|1
2065|pdf|49529|||MASAYA|Masaya|1
2065|pdf|08130|||MASAYA|Masaya|1
2066|pdf|18077|||MATAGALPA|Matagalpa|1
2066|pdf|31127|||GRANADA|Granada|1
2066|pdf|56045|||BLUEFIELDS|RACCS|1
2066|pdf|25124|||MANAGUA|Managua|1
2066|pdf|44194|||MASAYA|Masaya|1
2066|pdf|52630|||MANAGUA|Managua|1
2066|pdf|33036|||RIVAS|Rivas|1
2067|pdf|55781|||LEON|Leon|1
2067|pdf|20365|||GRANADA|Granada|1
2067|pdf|35526|||MANAGUA|Managua|1
2067|pdf|43395|||JUIGALPA|Chontales|1
2067|pdf|04965|||RIVAS|Rivas|1
2067|pdf|11448|||MANAGUA|Managua|1
2067|pdf|40045|||MANAGUA|Managua|1
2068|pdf|15305|||GRANADA|Granada|1
2068|pdf|50431|||MANAGUA|Managua|1
2068|pdf|15468|||CHINANDEGA|Chinandega|1
2068|pdf|05015|||GRANADA|Granada|1
2069|pdf|39978|||GRANADA|Granada|1
2069|pdf|30784|||LEON|Leon|1
2069|pdf|22692|||ESTELI|Esteli|1
2069|pdf|09479|||MANAGUA|Managua|0
2069|pdf|05463|||MANAGUA|Managua|1
2069|pdf|38539|||JINOTEGA|Jinotega|1
2070|pdf|06599|||MANAGUA|Managua|1
2070|pdf|37439|||CHINANDEGA|Chinandega|1
2070|pdf|21748|||MANAGUA|Managua|1
2070|pdf|56405|||CHINANDEGA|Chinandega|1
2070|pdf|45072|||MANAGUA|Managua|1
2071|pdf|23541|||MANAGUA|Managua|1
2071|pdf|13480|||JINOTEPE|Carazo|1
2071|pdf|59467|||MASAYA|Masaya|1
2071|pdf|13929|||MANAGUA|Managua|1
2071|pdf|14442|||MANAGUA|Managua|1
2071|pdf|34668|||LEON|Leon|1
2071|pdf|41476|||MANAGUA|Managua|1
2072|pdf|08449|||MANAGUA|Managua|1
2072|pdf|09599|||GRANADA|Granada|1
2072|pdf|42993|||LEON|Leon|1
2072|pdf|30376|||MATAGALPA|Matagalpa|1
2072|pdf|10090|||MANAGUA|Managua|1
2072|pdf|30987|||MANAGUA|Managua|1
2073|pdf|14999|||OCOTAL|Nueva Segovia|1
2073|pdf|51122|||MANAGUA|Managua|1
2073|pdf|03944|||MANAGUA|Managua|1
2073|pdf|05464|||MANAGUA|Managua|1
2073|pdf|41630|||MANAGUA|Managua|1
2073|pdf|48751|||MATAGALPA|Matagalpa|1
2073|pdf|60435|||JINOTEPE|Carazo|1
2074|pdf|50593|||OCOTAL|Nueva Segovia|1
2074|pdf|09142|||MATAGALPA|Matagalpa|1
2074|pdf|14527|||TIPITAPA|Managua|1
2074|pdf|05562|||MANAGUA|Managua|1
2074|pdf|38660|||MANAGUA|Managua|1
2074|pdf|59758|||OCOTAL|Nueva Segovia|1
2075|pdf|56079|||CHINANDEGA|Chinandega|1
2075|pdf|36499|||CHINANDEGA|Chinandega|1
2075|pdf|19347|||TIPITAPA|Managua|1
2075|pdf|24064|||GRANADA|Granada|1
2075|pdf|37912|||MANAGUA|Managua|1
2075|pdf|20013|||MANAGUA|Managua|1
2075|pdf|25727|||MANAGUA|Managua|1
2075|pdf|45553|||TIPITAPA|Managua|1
2076|pdf|34336|||MANAGUA|Managua|1
2076|pdf|16572|||MANAGUA|Managua|1
2076|pdf|03548|||MATAGALPA|Matagalpa|1
2076|pdf|07805|||JINOTEGA|Jinotega|1
2076|pdf|20824|||GRANADA|Granada|1
2077|pdf|48030|||LEON|Leon|1
2077|pdf|55404|||RIVAS|Rivas|1
2077|pdf|35855|||BLUEFIELDS|RACCS|1
2077|pdf|11781|||MANAGUA|Managua|1
2077|pdf|32456|||MANAGUA|Managua|1
2077|pdf|33579|||MANAGUA|Managua|1
2077|pdf|07797|||JINOTEGA|Jinotega|1
2078|pdf|24985|||CHINANDEGA|Chinandega|0
2078|pdf|21499|||MANAGUA|Managua|0
2078|pdf|42392|||CHINANDEGA|Chinandega|1
2078|pdf|09659|||ESTELI|Esteli|1
2078|pdf|43546|||ESTELI|Esteli|1
2078|pdf|49664|||MASAYA|Masaya|1
2078|pdf|22958|||JINOTEGA|Jinotega|1
2078|pdf|20542|||MANAGUA|Managua|1
2079|pdf|43320|||JUIGALPA|Chontales|1
2079|pdf|25197|||MANAGUA|Managua|1
2079|pdf|31698|||JINOTEPE|Carazo|1
2079|pdf|02920|||JINOTEPE|Carazo|1
2079|pdf|58755|||MATAGALPA|Matagalpa|1
2079|pdf|12666|||JUIGALPA|Chontales|1
2079|pdf|59125|||MATAGALPA|Matagalpa|1
2080|pdf|39954|||GRANADA|Granada|1
2080|pdf|21054|||MATAGALPA|Matagalpa|1
2080|pdf|22319|||JUIGALPA|Chontales|1
2080|pdf|12804|||MANAGUA|Managua|1
2080|pdf|39945|||JINOTEPE|Carazo|1
2080|pdf|53907|||MANAGUA|Managua|1
2081|pdf|14279|||ESTELI|Esteli|0
2081|pdf|01378|||MANAGUA|Managua|1
2081|pdf|54971|||MANAGUA|Managua|1
2081|pdf|10903|||MANAGUA|Managua|1
2081|pdf|28215|||MANAGUA|Managua|1
2082|pdf|11984|||JINOTEPE|Carazo|1
2082|pdf|18499|||MANAGUA|Managua|1
2082|pdf|08242|||MASAYA|Masaya|1
2082|pdf|05633|||LEON|Leon|1
2082|pdf|23521|||SIUNA|RACCN|1
2082|pdf|11565|||GRANADA|Granada|1
2083|pdf|48591|||ESTELI|Esteli|1
2083|pdf|45750|||MANAGUA|Managua|1
2083|pdf|57689|||LEON|Leon|1
2083|pdf|41311|||MANAGUA|Managua|1
2083|pdf|46953|||MANAGUA|Managua|1
2083|pdf|12407|||TIPITAPA|Managua|1
2083|pdf|06223|||MANAGUA|Managua|1
2084|pdf|02309|||BLUEFIELDS|RACCS|1
2084|pdf|57137|||CHINANDEGA|Chinandega|1
2084|pdf|22610|||MANAGUA|Managua|1
2084|pdf|02742|||TIPITAPA|Managua|1
2084|pdf|18406|||MANAGUA|Managua|1
2084|pdf|19218|||GRANADA|Granada|1
2085|pdf|07778|||MANAGUA|Managua|1
2085|pdf|38991|||JINOTEGA|Jinotega|0
2085|pdf|09226|||MANAGUA|Managua|1
2085|pdf|03672|||JINOTEGA|Jinotega|1
2085|pdf|59299|||MASAYA|Masaya|1
2085|pdf|55004|||MANAGUA|Managua|1
2086|pdf|45875|||MANAGUA|Managua|1
2086|pdf|10539|||TIPITAPA|Managua|0
2086|pdf|19342|||MANAGUA|Managua|0
2086|pdf|51291|||CHINANDEGA|Chinandega|1
2086|pdf|26948|||GRANADA|Granada|1
2086|pdf|58941|||MANAGUA|Managua|1
2086|pdf|41169|||MANAGUA|Managua|1
2086|pdf|60612|||JINOTEPE|Carazo|1
2087|pdf|21935|||JUIGALPA|Chontales|1
2087|pdf|46913|||MANAGUA|Managua|1
2087|pdf|02316|||TIPITAPA|Managua|1
2087|pdf|22541|||MANAGUA|Managua|1
2087|pdf|38334|||MATAGALPA|Matagalpa|1
2087|pdf|58418|||MATAGALPA|Matagalpa|1
2087|pdf|45479|||CHINANDEGA|Chinandega|1
2088|pdf|30690|||MANAGUA|Managua|1
2088|pdf|42996|||LEON|Leon|1
2088|pdf|50292|||TIPITAPA|Managua|1
2088|pdf|39865|||JINOTEPE|Carazo|1
2088|pdf|60542|||JINOTEPE|Carazo|1
2088|pdf|29935|||MANAGUA|Managua|1
2089|pdf|32454|||GRANADA|Granada|1
2089|pdf|56793|||GRANADA|Granada|1
2089|pdf|39863|||GRANADA|Granada|1
2089|pdf|56923|||GRANADA|Granada|1
2089|pdf|07539|||MANAGUA|Managua|1
2090|pdf|29290|||JINOTEPE|Carazo|1
2090|pdf|32543|||RIVAS|Rivas|1
2090|pdf|28390|||MANAGUA|Managua|1
2090|pdf|33117|||LEON|Leon|1
2090|pdf|09649|||MASAYA|Masaya|1
2091|pdf|49155|||MASAYA|Masaya|1
2091|pdf|08725|||OCOTAL|Nueva Segovia|1
2091|pdf|29868|||JINOTEGA|Jinotega|1
2091|pdf|09888|||MANAGUA|Managua|1
2091|pdf|25825|||MASAYA|Masaya|1
2091|pdf|32326|||GRANADA|Granada|1
2091|pdf|53206|||MANAGUA|Managua|1
2092|pdf|54022|||MANAGUA|Managua|1
2092|pdf|01377|||MANAGUA|Managua|1
2092|pdf|27753|||MANAGUA|Managua|1
2092|pdf|15519|||MANAGUA|Managua|1
2092|pdf|40800|||MATAGALPA|Matagalpa|1
2092|pdf|27932|||MANAGUA|Managua|1
2092|pdf|16995|||MANAGUA|Managua|1
2093|pdf|18548|||JUIGALPA|Chontales|1
2093|pdf|39494|||MATAGALPA|Matagalpa|1
2093|pdf|20413|||JINOTEGA|Jinotega|1
2093|pdf|16569|||MANAGUA|Managua|1
2093|pdf|29111|||MATAGALPA|Matagalpa|1
2094|pdf|28947|||MANAGUA|Managua|1
2094|pdf|23059|||LEON|Leon|1
2094|pdf|18319|||BLUEFIELDS|RACCS|1
2094|pdf|56295|||CHINANDEGA|Chinandega|1
2094|pdf|51089|||TIPITAPA|Managua|1
2094|pdf|51918|||MANAGUA|Managua|1
2095|pdf|46575|||MANAGUA|Managua|1
2095|pdf|26913|||ESTELI|Esteli|1
2095|pdf|57271|||JUIGALPA|Chontales|1
2095|pdf|47678|||GRANADA|Granada|1
2095|pdf|36382|||MANAGUA|Managua|1
2095|pdf|48681|||MATAGALPA|Matagalpa|1
2095|pdf|55074|||BLUEFIELDS|RACCS|1
2095|pdf|06549|||JUIGALPA|Chontales|1
2096|pdf|27545|||LEON|Leon|1
2096|pdf|54179|||MANAGUA|Managua|1
2096|pdf|24154|||MANAGUA|Managua|1
2096|pdf|29974|||MANAGUA|Managua|1
2097|pdf|57006|||GRANADA|Granada|1
2097|pdf|03771|||JINOTEGA|Jinotega|0
2097|pdf|15909|||CHINANDEGA|Chinandega|0
2097|pdf|51579|||MANAGUA|Managua|1
2097|pdf|05096|||MASAYA|Masaya|1
2097|pdf|39409|||MANAGUA|Managua|1
2097|pdf|05732|||GRANADA|Granada|1
2098|pdf|43444|||JUIGALPA|Chontales|1
2098|pdf|01721|||MASAYA|Masaya|1
2098|pdf|23195|||TIPITAPA|Managua|1
2098|pdf|39972|||GRANADA|Granada|1
2098|pdf|05769|||JINOTEGA|Jinotega|1
2098|pdf|49259|||SAN CARLOS|Rio San Juan|1
2099|pdf|20528|||MATAGALPA|Matagalpa|1
2099|pdf|09253|||SAN CARLOS|Rio San Juan|1
2099|pdf|04693|||MANAGUA|Managua|1
2099|pdf|49815|||JINOTEPE|Carazo|1
2099|pdf|21929|||MANAGUA|Managua|1
2099|pdf|05749|||MANAGUA|Managua|1
2099|pdf|10995|||GRANADA|Granada|1
2100|pdf|01407|||JINOTEPE|Carazo|1
2100|pdf|16397|||RIVAS|Rivas|1
2100|pdf|39005|||CHINANDEGA|Chinandega|1
2100|pdf|57986|||NUEVA GUINEA|RACCS|1
2100|pdf|29476|||MATAGALPA|Matagalpa|1
2101|pdf|14407|||ESTELI|Esteli|1
2101|pdf|56003|||CHINANDEGA|Chinandega|1
2101|pdf|45972|||MANAGUA|Managua|1
2101|pdf|12918|||MANAGUA|Managua|1
2101|pdf|31722|||GRANADA|Granada|1
2101|pdf|18372|||GRANADA|Granada|1
2102|pdf|21072|||MATAGALPA|Matagalpa|1
2102|pdf|29834|||LEON|Leon|1
2102|pdf|54922|||RIVAS|Rivas|1
2102|pdf|46086|||MANAGUA|Managua|1
2102|pdf|51211|||MANAGUA|Managua|1
2102|pdf|12119|||GRANADA|Granada|1
2102|pdf|47724|||GRANADA|Granada|1
2103|pdf|44928|||MANAGUA|Managua|1
2103|pdf|16450|||MANAGUA|Managua|1
2103|pdf|03943|||CHINANDEGA|Chinandega|1
2103|pdf|57587|||GRANADA|Granada|1
2103|pdf|53139|||MATAGALPA|Matagalpa|1
2103|pdf|42543|||CHINANDEGA|Chinandega|1
2103|pdf|28289|||JUIGALPA|Chontales|1
2104|pdf|42969|||LEON|Leon|1
2104|pdf|29589|||MATAGALPA|Matagalpa|1
2104|pdf|31045|||MANAGUA|Managua|1
2104|pdf|59694|||MASAYA|Masaya|1
2104|pdf|09106|||JUIGALPA|Chontales|1
2104|pdf|54773|||TIPITAPA|Managua|1
2105|pdf|16922|||MATAGALPA|Matagalpa|1
2105|pdf|26972|||TIPITAPA|Managua|1
2105|pdf|33890|||MANAGUA|Managua|1
2105|pdf|48029|||LEON|Leon|1
2105|pdf|18225|||JINOTEPE|Carazo|1
2105|pdf|36538|||JINOTEGA|Jinotega|1
2106|pdf|42273|||RIVAS|Rivas|1
2106|pdf|10409|||GRANADA|Granada|1
2106|pdf|42687|||MATAGALPA|Matagalpa|1
2106|pdf|38961|||MATAGALPA|Matagalpa|1
2106|pdf|34578|||LEON|Leon|1
2106|pdf|41900|||MANAGUA|Managua|1
2107|pdf|37575|||CHINANDEGA|Chinandega|1
2107|pdf|17621|||MATAGALPA|Matagalpa|1
2107|pdf|42064|||TIPITAPA|Managua|1
2107|pdf|33703|||MANAGUA|Managua|1
2107|pdf|28502|||ESTELI|Esteli|1
2107|pdf|28560|||OCOTAL|Nueva Segovia|1
2108|pdf|08857|||LEON|Leon|0
2108|pdf|13927|||MANAGUA|Managua|1
2108|pdf|37299|||CHINANDEGA|Chinandega|1
2108|pdf|57304|||JUIGALPA|Chontales|1
2108|pdf|27665|||TIPITAPA|Managua|1
2109|pdf|16612|||JUIGALPA|Chontales|1
2109|pdf|45999|||MANAGUA|Managua|1
2109|pdf|12065|||MANAGUA|Managua|1
2109|pdf|60115|||JINOTEGA|Jinotega|1
2109|pdf|34140|||CHINANDEGA|Chinandega|1
2109|pdf|34780|||MANAGUA|Managua|1
2112|pdf|49855|||MATAGALPA|Matagalpa|1
2112|pdf|30999|||MANAGUA|Managua|1
2112|pdf|27309|||JINOTEPE|Carazo|1
2112|pdf|44911|||MANAGUA|Managua|1
2112|pdf|12464|||MANAGUA|Managua|1
2112|pdf|27669|||MANAGUA|Managua|1
2112|pdf|33529|||JUIGALPA|Chontales|1
2112|pdf|52362|||MANAGUA|Managua|1
2113|pdf|44620|||JINOTEPE|Carazo|1
2113|pdf|40473|||MANAGUA|Managua|1
2113|pdf|16413|||MANAGUA|Managua|1
2113|pdf|21201|||MANAGUA|Managua|1
2113|pdf|41551|||MANAGUA|Managua|1
2113|pdf|30032|||MATAGALPA|Matagalpa|1
2113|pdf|14247|||CHINANDEGA|Chinandega|1
2114|pdf|08945|||OCOTAL|Nueva Segovia|1
2114|pdf|53664|||CHINANDEGA|Chinandega|1
2114|pdf|28818|||JINOTEGA|Jinotega|1
2114|pdf|27038|||MANAGUA|Managua|0
2114|pdf|38741|||MANAGUA|Managua|1
2114|pdf|27249|||MANAGUA|Managua|1
2114|pdf|52946|||MANAGUA|Managua|1
2115|pdf|22989|||MANAGUA|Managua|1
2115|pdf|17070|||JINOTEGA|Jinotega|1
2115|pdf|47597|||GRANADA|Granada|1
2115|pdf|35159|||MATAGALPA|Matagalpa|1
2115|pdf|05939|||BLUEFIELDS|RACCS|1
2115|pdf|22443|||JUIGALPA|Chontales|1
2116|pdf|27952|||MANAGUA|Managua|1
2116|pdf|05593|||MANAGUA|Managua|1
2116|pdf|51361|||TIPITAPA|Managua|1
2116|pdf|31797|||JINOTEPE|Carazo|1
2116|pdf|60214|||JINOTEGA|Jinotega|1
2117|pdf|07887|||JUIGALPA|Chontales|1
2117|pdf|55820|||GRANADA|Granada|1
2117|pdf|50328|||SIUNA|RACCN|1
2117|pdf|08863|||MATAGALPA|Matagalpa|1
2117|pdf|48230|||LEON|Leon|1
2117|pdf|60530|||JINOTEPE|Carazo|1
2118|pdf|01737|||OCOTAL|Nueva Segovia|1
2118|pdf|38979|||MATAGALPA|Matagalpa|1
2118|pdf|18087|||JINOTEGA|Jinotega|1
2118|pdf|53239|||MANAGUA|Managua|1
2118|pdf|47915|||MANAGUA|Managua|1
2118|pdf|59802|||OCOTAL|Nueva Segovia|1
2118|pdf|18949|||GRANADA|Granada|1
2119|pdf|49889|||JINOTEPE|Carazo|1
2119|pdf|01848|||GRANADA|Granada|1
2119|pdf|38874|||MATAGALPA|Matagalpa|1
2119|pdf|23499|||MATAGALPA|Matagalpa|1
2119|pdf|46562|||JINOTEGA|Jinotega|1
2119|pdf|50861|||GRANADA|Granada|1
2119|pdf|21403|||MANAGUA|Managua|1
2119|pdf|51074|||MANAGUA|Managua|1
2120|pdf|16082|||MANAGUA|Managua|1
2120|pdf|58708|||MASAYA|Masaya|1
2120|pdf|16570|||MANAGUA|Managua|1
2120|pdf|59284|||MANAGUA|Managua|1
2120|pdf|06705|||CHINANDEGA|Chinandega|1
2120|pdf|31973|||MASAYA|Masaya|1
2120|pdf|14784|||MANAGUA|Managua|1
2121|pdf|09128|||MANAGUA|Managua|1
2121|pdf|44638|||JINOTEPE|Carazo|1
2121|pdf|18613|||MANAGUA|Managua|1
2121|pdf|18935|||MANAGUA|Managua|1
2122|pdf|01804|||JINOTEGA|Jinotega|1
2122|pdf|24679|||CHINANDEGA|Chinandega|1
2122|pdf|57867|||GRANADA|Granada|1
2122|pdf|58675|||ESTELI|Esteli|1
2122|pdf|54290|||MANAGUA|Managua|1
2122|pdf|35985|||MASAYA|Masaya|1
2123|pdf|25624|||LEON|Leon|1
2123|pdf|09855|||RIVAS|Rivas|1
2123|pdf|38171|||MANAGUA|Managua|1
2123|pdf|52535|||CHINANDEGA|Chinandega|1
2123|pdf|52940|||MATAGALPA|Matagalpa|1
2124|pdf|10768|||RIVAS|Rivas|1
2124|pdf|24159|||RIVAS|Rivas|1
2124|pdf|57050|||JUIGALPA|Chontales|1
2124|pdf|17899|||MANAGUA|Managua|1
2124|pdf|46086|||MANAGUA|Managua|1
2124|pdf|13559|||MANAGUA|Managua|1
2125|pdf|13135|||OCOTAL|Nueva Segovia|1
2125|pdf|51318|||TIPITAPA|Managua|1
2125|pdf|56782|||LEON|Leon|1
2125|pdf|47296|||RIVAS|Rivas|1
2125|pdf|40144|||MANAGUA|Managua|1
2125|pdf|18092|||MATAGALPA|Matagalpa|1
2125|pdf|53867|||MANAGUA|Managua|1
2126|pdf|22300|||MANAGUA|Managua|1
2126|pdf|44165|||MASAYA|Masaya|1
2126|pdf|16717|||JINOTEGA|Jinotega|1
2126|pdf|57192|||JUIGALPA|Chontales|1
2126|pdf|23559|||MANAGUA|Managua|1
2126|pdf|45125|||MANAGUA|Managua|1
2126|pdf|59965|||JINOTEGA|Jinotega|1
2127|pdf|20441|||MANAGUA|Managua|1
2127|pdf|32566|||MANAGUA|Managua|1
2127|pdf|08140|||LEON|Leon|1
2127|pdf|01876|||JINOTEPE|Carazo|1
2127|pdf|49753|||JINOTEPE|Carazo|1
2127|pdf|34585|||LEON|Leon|1
2127|pdf|04835|||GRANADA|Granada|1
2128|pdf|39900|||GRANADA|Granada|1
2128|pdf|23505|||JINOTEPE|Carazo|1
2128|pdf|16837|||MANAGUA|Managua|1
2128|pdf|30834|||MANAGUA|Managua|1
2128|pdf|42559|||ESTELI|Esteli|1
2128|pdf|59299|||MASAYA|Masaya|1
2128|pdf|31358|||GRANADA|Granada|1
2129|pdf|56580|||MANAGUA|Managua|1
2129|pdf|08695|||MANAGUA|Managua|1
2129|pdf|46458|||MANAGUA|Managua|1
2129|pdf|34282|||MANAGUA|Managua|1
2129|pdf|06579|||SIUNA|RACCN|1
2129|pdf|56153|||CHINANDEGA|Chinandega|1
2129|pdf|60538|||JINOTEPE|Carazo|1
2130|pdf|43126|||LEON|Leon|1
2130|pdf|15847|||MANAGUA|Managua|1
2130|pdf|23918|||JUIGALPA|Chontales|1
2130|pdf|16514|||MANAGUA|Managua|1
2130|pdf|42365|||CHINANDEGA|Chinandega|1
2131|pdf|44429|||JINOTEGA|Jinotega|1
2131|pdf|14492|||MANAGUA|Managua|1
2131|pdf|21465|||MANAGUA|Managua|1
2131|pdf|51759|||MANAGUA|Managua|1
2131|pdf|57551|||ESTELI|Esteli|1
2131|pdf|13003|||OCOTAL|Nueva Segovia|1
2131|pdf|49372|||JUIGALPA|Chontales|1
2132|pdf|29133|||JINOTEGA|Jinotega|1
2132|pdf|23779|||OCOTAL|Nueva Segovia|1
2132|pdf|57356|||LEON|Leon|1
2132|pdf|32229|||MATAGALPA|Matagalpa|1
2132|pdf|55208|||RIVAS|Rivas|1
2132|pdf|06225|||CHINANDEGA|Chinandega|1
2132|pdf|22198|||ESTELI|Esteli|1
2133|pdf|14058|||TIPITAPA|Managua|1
2133|pdf|01294|||CHINANDEGA|Chinandega|1
2133|pdf|31904|||MANAGUA|Managua|1
2133|pdf|56123|||JINOTEGA|Jinotega|1
2133|pdf|27796|||MATAGALPA|Matagalpa|1
2134|pdf|47737|||ESTELI|Esteli|1
2134|pdf|25082|||MATAGALPA|Matagalpa|1
2134|pdf|43031|||LEON|Leon|1
2134|pdf|32991|||RIVAS|Rivas|1
2134|pdf|28596|||ESTELI|Esteli|1
2134|pdf|38433|||MANAGUA|Managua|1
2134|pdf|06623|||JUIGALPA|Chontales|1
2134|pdf|51783|||JINOTEGA|Jinotega|1
2135|pdf|16695|||MANAGUA|Managua|1
2135|pdf|48766|||GRANADA|Granada|1
2135|pdf|01443|||JINOTEPE|Carazo|1
2135|pdf|17020|||MANAGUA|Managua|1
2135|pdf|35699|||JUIGALPA|Chontales|1
2135|pdf|36064|||MASAYA|Masaya|1
2135|pdf|18795|||MANAGUA|Managua|1
2136|pdf|56549|||GRANADA|Granada|1
2136|pdf|28550|||ESTELI|Esteli|1
2136|pdf|19780|||CHINANDEGA|Chinandega|0
2136|pdf|46040|||TIPITAPA|Managua|1
2136|pdf|59147|||MASAYA|Masaya|1
2136|pdf|53680|||MATAGALPA|Matagalpa|1
2137|pdf|15466|||GRANADA|Granada|1
2137|pdf|50124|||MANAGUA|Managua|1
2137|pdf|23338|||MANAGUA|Managua|1
2137|pdf|18905|||MANAGUA|Managua|1
2137|pdf|24752|||ESTELI|Esteli|1
2137|pdf|47467|||CHINANDEGA|Chinandega|1
2138|pdf|53456|||MANAGUA|Managua|1
2138|pdf|16999|||MANAGUA|Managua|1
2138|pdf|10788|||MATAGALPA|Matagalpa|1
2138|pdf|31573|||JINOTEPE|Carazo|1
2138|pdf|18833|||MANAGUA|Managua|1
2139|pdf|56191|||LEON|Leon|1
2139|pdf|43860|||MATAGALPA|Matagalpa|1
2139|pdf|17265|||LEON|Leon|1
2139|pdf|56718|||LEON|Leon|1
2139|pdf|47617|||ESTELI|Esteli|1
2140|pdf|33222|||MASAYA|Masaya|1
2140|pdf|28285|||LEON|Leon|1
2140|pdf|50665|||MANAGUA|Managua|1
2140|pdf|03834|||MANAGUA|Managua|1
2140|pdf|37576|||CHINANDEGA|Chinandega|1
2140|pdf|11060|||NUEVA GUINEA|RACCS|1
2141|pdf|41417|||MANAGUA|Managua|1
2141|pdf|16599|||MANAGUA|Managua|1
2141|pdf|11827|||MATAGALPA|Matagalpa|1
2141|pdf|49608|||MASAYA|Masaya|1
2141|pdf|43931|||MANAGUA|Managua|1
2141|pdf|19030|||MANAGUA|Managua|1
2141|pdf|45562|||JINOTEGA|Jinotega|1
2142|pdf|22657|||OCOTAL|Nueva Segovia|1
2142|pdf|13307|||JINOTEPE|Carazo|1
2142|pdf|31371|||MATAGALPA|Matagalpa|1
2142|pdf|14199|||ESTELI|Esteli|1
2143|pdf|32406|||RIVAS|Rivas|1
2143|pdf|55127|||MANAGUA|Managua|1
2143|pdf|37959|||MATAGALPA|Matagalpa|1
2143|pdf|38424|||GRANADA|Granada|1
2143|pdf|51621|||MANAGUA|Managua|1
2143|pdf|57726|||CHINANDEGA|Chinandega|1
2143|pdf|30939|||MANAGUA|Managua|1
2143|pdf|36463|||MANAGUA|Managua|1
2144|pdf|36857|||MASAYA|Masaya|1
2144|pdf|44797|||SAN CARLOS|Rio San Juan|1
2144|pdf|59831|||OCOTAL|Nueva Segovia|1
2144|pdf|20341|||MANAGUA|Managua|1
2144|pdf|05319|||MANAGUA|Managua|1
2144|pdf|26306|||OCOTAL|Nueva Segovia|1
2144|pdf|26989|||JINOTEGA|Jinotega|1
2145|pdf|56558|||GRANADA|Granada|1
2145|pdf|56907|||RIVAS|Rivas|1
2145|pdf|23330|||GRANADA|Granada|1
2145|pdf|23554|||MANAGUA|Managua|1
2145|pdf|46270|||MANAGUA|Managua|1
2145|pdf|13049|||JUIGALPA|Chontales|1
2146|pdf|17735|||MANAGUA|Managua|1
2146|pdf|46202|||MANAGUA|Managua|1
2146|pdf|33940|||JUIGALPA|Chontales|1
2146|pdf|16991|||JINOTEGA|Jinotega|1
2147|pdf|56335|||CHINANDEGA|Chinandega|1
2147|pdf|08360|||MANAGUA|Managua|1
2147|pdf|23958|||MANAGUA|Managua|1
2147|pdf|03720|||GRANADA|Granada|1
2147|pdf|19288|||JINOTEGA|Jinotega|1
2147|pdf|40059|||MANAGUA|Managua|1
2147|pdf|34992|||MATAGALPA|Matagalpa|1
2147|pdf|48593|||ESTELI|Esteli|1
2148|pdf|55459|||RIVAS|Rivas|1
2148|pdf|40527|||JINOTEPE|Carazo|1
2148|pdf|13317|||JINOTEGA|Jinotega|1
2148|pdf|09603|||GRANADA|Granada|1
2148|pdf|56212|||GRANADA|Granada|1
2148|pdf|50975|||GRANADA|Granada|1
2148|pdf|58530|||MATAGALPA|Matagalpa|1
2149|pdf|53407|||MANAGUA|Managua|1
2149|pdf|35709|||GRANADA|Granada|1
2149|pdf|31723|||MANAGUA|Managua|1
2149|pdf|17479|||MANAGUA|Managua|1
2149|pdf|05940|||MANAGUA|Managua|1
2150|pdf|22866|||CHINANDEGA|Chinandega|1
2150|pdf|53928|||MANAGUA|Managua|1
2150|pdf|33866|||LEON|Leon|1
2150|pdf|23783|||MANAGUA|Managua|1
2150|pdf|35531|||MASAYA|Masaya|1
2150|pdf|14315|||MATAGALPA|Matagalpa|1
2151|pdf|47626|||GRANADA|Granada|1
2151|pdf|02665|||GRANADA|Granada|1
2151|pdf|47148|||RIVAS|Rivas|1
2151|pdf|50612|||OCOTAL|Nueva Segovia|1
2151|pdf|18370|||MANAGUA|Managua|1
2151|pdf|35940|||JUIGALPA|Chontales|1
2151|pdf|51591|||MANAGUA|Managua|1
2151|pdf|47508|||GRANADA|Granada|1
2152|pdf|49668|||MASAYA|Masaya|1
2152|pdf|30195|||LEON|Leon|1
2152|pdf|57777|||GRANADA|Granada|1
2152|pdf|24342|||MANAGUA|Managua|1
2152|pdf|07294|||ESTELI|Esteli|1
2152|pdf|11723|||LEON|Leon|1
2153|pdf|15814|||LEON|Leon|1
2153|pdf|50915|||GRANADA|Granada|1
2153|pdf|46350|||MANAGUA|Managua|1
2153|pdf|44018|||MASAYA|Masaya|1
2154|pdf|18441|||MANAGUA|Managua|1
2154|pdf|43608|||ESTELI|Esteli|1
2154|pdf|32488|||RIVAS|Rivas|1
2154|pdf|33236|||OCOTAL|Nueva Segovia|1
2154|pdf|59684|||MASAYA|Masaya|1
2154|pdf|47127|||BLUEFIELDS|RACCS|1
2155|pdf|41251|||MANAGUA|Managua|1
2155|pdf|55813|||CHINANDEGA|Chinandega|1
2155|pdf|58266|||JUIGALPA|Chontales|1
2155|pdf|16834|||MATAGALPA|Matagalpa|1
2156|pdf|24851|||MASAYA|Masaya|1
2156|pdf|46908|||JINOTEGA|Jinotega|1
2156|pdf|19881|||JINOTEPE|Carazo|1
2156|pdf|42090|||MANAGUA|Managua|1
2156|pdf|26835|||TIPITAPA|Managua|1
2156|pdf|09431|||CHINANDEGA|Chinandega|1
2157|pdf|25317|||LEON|Leon|1
2157|pdf|19968|||OCOTAL|Nueva Segovia|1
2157|pdf|50155|||MANAGUA|Managua|1
2157|pdf|35390|||MANAGUA|Managua|1
2157|pdf|31930|||MANAGUA|Managua|1
2157|pdf|21749|||MANAGUA|Managua|1
2157|pdf|51994|||TIPITAPA|Managua|1
2158|pdf|58691|||MATAGALPA|Matagalpa|1
2158|pdf|52809|||MANAGUA|Managua|1
2158|pdf|41908|||CHINANDEGA|Chinandega|0
2158|pdf|60295|||JINOTEPE|Carazo|1
2158|pdf|51588|||TIPITAPA|Managua|1
2158|pdf|07573|||MANAGUA|Managua|1
2159|pdf|28987|||MATAGALPA|Matagalpa|1
2159|pdf|49958|||JINOTEPE|Carazo|1
2159|pdf|57083|||LEON|Leon|1
2159|pdf|30318|||ESTELI|Esteli|1
2159|pdf|04999|||MANAGUA|Managua|1
2159|pdf|52917|||TIPITAPA|Managua|1
2159|pdf|26090|||MASAYA|Masaya|1
2160|pdf|43520|||ESTELI|Esteli|1
2160|pdf|19993|||MANAGUA|Managua|1
2160|pdf|50166|||MANAGUA|Managua|1
2160|pdf|44655|||JINOTEPE|Carazo|1
2160|pdf|34481|||MANAGUA|Managua|1
2160|pdf|14576|||MANAGUA|Managua|1
2160|pdf|60975|||SIUNA|RACCN|1
2160|pdf|46904|||MANAGUA|Managua|1
2161|pdf|49554|||MANAGUA|Managua|1
2161|pdf|44483|||JINOTEPE|Carazo|1
2161|pdf|50264|||MANAGUA|Managua|1
2161|pdf|51884|||MANAGUA|Managua|1
2161|pdf|06947|||LEON|Leon|1
2162|pdf|55198|||RIVAS|Rivas|1
2162|pdf|46840|||MANAGUA|Managua|1
2162|pdf|47032|||TIPITAPA|Managua|1
2162|pdf|53246|||TIPITAPA|Managua|1
2162|pdf|29870|||MANAGUA|Managua|1
2162|pdf|44442|||JINOTEPE|Carazo|1
2163|pdf|16138|||GRANADA|Granada|1
2163|pdf|46588|||MANAGUA|Managua|1
2163|pdf|03832|||JINOTEPE|Carazo|1
2163|pdf|23909|||ESTELI|Esteli|1
2163|pdf|24648|||CHINANDEGA|Chinandega|1
2163|pdf|06859|||MANAGUA|Managua|1
2163|pdf|21198|||MANAGUA|Managua|1
2164|pdf|20606|||MANAGUA|Managua|1
2164|pdf|26215|||CHINANDEGA|Chinandega|1
2164|pdf|01020|||GRANADA|Granada|1
2164|pdf|41045|||MANAGUA|Managua|1
2164|pdf|26516|||MANAGUA|Managua|1
2164|pdf|23929|||MANAGUA|Managua|1
2164|pdf|04195|||MANAGUA|Managua|1
2165|pdf|08085|||MANAGUA|Managua|1
2165|pdf|59335|||MASAYA|Masaya|1
2165|pdf|48140|||LEON|Leon|1
2165|pdf|03974|||MANAGUA|Managua|1
2165|pdf|28496|||MANAGUA|Managua|1
2165|pdf|60924|||SAN CARLOS|Rio San Juan|1
2166|pdf|55808|||CHINANDEGA|Chinandega|1
2166|pdf|57220|||JUIGALPA|Chontales|1
2166|pdf|04288|||MASAYA|Masaya|1
2166|pdf|58778|||TIPITAPA|Managua|1
2166|pdf|20129|||JINOTEGA|Jinotega|1
2166|pdf|34653|||LEON|Leon|1
2166|pdf|07889|||MATAGALPA|Matagalpa|1
2167|pdf|28190|||CHINANDEGA|Chinandega|1
2167|pdf|22185|||MANAGUA|Managua|1
2167|pdf|16254|||JUIGALPA|Chontales|1
2167|pdf|41966|||MANAGUA|Managua|1
2167|pdf|04017|||MATAGALPA|Matagalpa|1
2167|pdf|22718|||MANAGUA|Managua|1
2168|pdf|35595|||MANAGUA|Managua|0
2168|pdf|01963|||JINOTEPE|Carazo|1
2168|pdf|50796|||MANAGUA|Managua|1
2168|pdf|58423|||ESTELI|Esteli|1
2168|pdf|44972|||MANAGUA|Managua|1
2168|pdf|51866|||MANAGUA|Managua|1
2168|pdf|06599|||MANAGUA|Managua|1
2168|pdf|59487|||MASAYA|Masaya|1
2169|pdf|40594|||MATAGALPA|Matagalpa|1
2169|pdf|48903|||MATAGALPA|Matagalpa|1
2169|pdf|22806|||GRANADA|Granada|1
2169|pdf|24596|||CHINANDEGA|Chinandega|1
2169|pdf|13838|||MANAGUA|Managua|1
2170|pdf|55521|||GRANADA|Granada|1
2170|pdf|14646|||MANAGUA|Managua|1
2170|pdf|23594|||JUIGALPA|Chontales|1
2170|pdf|04206|||JINOTEGA|Jinotega|1
2170|pdf|47825|||GRANADA|Granada|1
2170|pdf|55478|||RIVAS|Rivas|1
2171|pdf|01541|||MATAGALPA|Matagalpa|1
2171|pdf|15923|||RIVAS|Rivas|1
2171|pdf|59207|||MANAGUA|Managua|1
2171|pdf|03100|||MANAGUA|Managua|1
2171|pdf|23505|||JINOTEPE|Carazo|1
2171|pdf|18839|||ESTELI|Esteli|1
2171|pdf|04521|||OCOTAL|Nueva Segovia|1
2171|pdf|49007|||OCOTAL|Nueva Segovia|1
2172|pdf|01045|||MANAGUA|Managua|1
2172|pdf|43714|||MATAGALPA|Matagalpa|1
2172|pdf|56780|||LEON|Leon|1
2172|pdf|02649|||CHINANDEGA|Chinandega|1
2172|pdf|45710|||TIPITAPA|Managua|1
2172|pdf|02819|||MANAGUA|Managua|1
2172|pdf|17950|||MANAGUA|Managua|1
2173|pdf|53558|||MATAGALPA|Matagalpa|1
2173|pdf|47505|||MATAGALPA|Matagalpa|1
2173|pdf|20380|||JINOTEGA|Jinotega|1
2173|pdf|36017|||CHINANDEGA|Chinandega|1
2173|pdf|42190|||RIVAS|Rivas|1
2173|pdf|19939|||JINOTEGA|Jinotega|1
2174|pdf|07306|||JINOTEPE|Carazo|1
2174|pdf|12981|||MANAGUA|Managua|1
2174|pdf|27645|||CHINANDEGA|Chinandega|1
2174|pdf|19796|||MANAGUA|Managua|1
2174|pdf|45724|||MANAGUA|Managua|1
2174|pdf|05292|||MATAGALPA|Matagalpa|1
2175|pdf|49311|||MASAYA|Masaya|1
2175|pdf|24500|||OCOTAL|Nueva Segovia|1
2175|pdf|57555|||LEON|Leon|1
2175|pdf|20483|||MANAGUA|Managua|1
2175|pdf|46116|||MANAGUA|Managua|1
2175|pdf|59098|||MASAYA|Masaya|1
2176|pdf|46575|||MANAGUA|Managua|1
2176|pdf|26275|||CHINANDEGA|Chinandega|1
2176|pdf|32314|||GRANADA|Granada|1
2176|pdf|26638|||LEON|Leon|1
2176|pdf|23165|||JUIGALPA|Chontales|1
2177|pdf|47635|||ESTELI|Esteli|1
2177|pdf|02180|||OCOTAL|Nueva Segovia|1
2177|pdf|42541|||CHINANDEGA|Chinandega|1
2177|pdf|56993|||GRANADA|Granada|1
2177|pdf|25002|||MANAGUA|Managua|1
2177|pdf|30994|||MATAGALPA|Matagalpa|1
2177|pdf|21583|||MANAGUA|Managua|1
2178|pdf|57147|||JINOTEGA|Jinotega|1
2178|pdf|24876|||RIVAS|Rivas|1
2178|pdf|32544|||MANAGUA|Managua|1
2178|pdf|04499|||MANAGUA|Managua|1
2178|pdf|54626|||MANAGUA|Managua|1
2178|pdf|60422|||JINOTEGA|Jinotega|1
2178|pdf|60576|||JINOTEPE|Carazo|1
2178|pdf|55457|||CHINANDEGA|Chinandega|1
2179|pdf|06658|||MANAGUA|Managua|1
2179|pdf|56097|||MANAGUA|Managua|1
2179|pdf|52911|||MANAGUA|Managua|1
2180|pdf|52738|||MANAGUA|Managua|1
2180|pdf|41498|||JINOTEGA|Jinotega|1
2180|pdf|02389|||OCOTAL|Nueva Segovia|1
2180|pdf|31226|||JUIGALPA|Chontales|1
2180|pdf|49709|||MASAYA|Masaya|1
2180|pdf|32759|||RIVAS|Rivas|1
2180|pdf|39838|||ESTELI|Esteli|1
2181|pdf|17630|||MANAGUA|Managua|1
2181|pdf|44984|||MATAGALPA|Matagalpa|1
2181|pdf|26223|||MANAGUA|Managua|1
2181|pdf|02850|||ESTELI|Esteli|1
2181|pdf|53773|||MANAGUA|Managua|1
2181|pdf|59425|||MASAYA|Masaya|1
2181|pdf|53820|||MANAGUA|Managua|1
2182|pdf|35899|||MANAGUA|Managua|1
2182|pdf|56356|||JINOTEGA|Jinotega|1
2182|pdf|56603|||MANAGUA|Managua|1
2182|pdf|26727|||CHINANDEGA|Chinandega|1
2182|pdf|39562|||TIPITAPA|Managua|1
2182|pdf|54900|||RIVAS|Rivas|1
2183|pdf|02769|||MANAGUA|Managua|1
2183|pdf|23632|||RIVAS|Rivas|1
2183|pdf|42739|||GRANADA|Granada|1
2183|pdf|48520|||ESTELI|Esteli|1
2183|pdf|18077|||MATAGALPA|Matagalpa|1
2184|pdf|36210|||CHINANDEGA|Chinandega|1
2184|pdf|55529|||RIVAS|Rivas|1
2184|pdf|51553|||MANAGUA|Managua|1
2184|pdf|03498|||MANAGUA|Managua|0
2184|pdf|47614|||GRANADA|Granada|1
2184|pdf|16728|||MANAGUA|Managua|1
2184|pdf|58059|||JUIGALPA|Chontales|1
2184|pdf|26874|||MANAGUA|Managua|1
2185|pdf|23498|||ESTELI|Esteli|1
2185|pdf|42094|||ESTELI|Esteli|1
2185|pdf|49589|||JUIGALPA|Chontales|1
2185|pdf|13177|||MANAGUA|Managua|1
2185|pdf|19745|||JUIGALPA|Chontales|1
2185|pdf|26138|||JINOTEGA|Jinotega|1
2185|pdf|59894|||OCOTAL|Nueva Segovia|1
2186|pdf|01107|||JINOTEPE|Carazo|1
2186|pdf|56191|||LEON|Leon|1
2186|pdf|20274|||MANAGUA|Managua|1
2186|pdf|35504|||LEON|Leon|1
2186|pdf|59514|||MASAYA|Masaya|1
2186|pdf|03977|||MANAGUA|Managua|1
2187|pdf|15749|||MANAGUA|Managua|1
2187|pdf|43898|||MASAYA|Masaya|1
2187|pdf|10133|||MASAYA|Masaya|1
2187|pdf|31898|||JINOTEPE|Carazo|1
2187|pdf|07574|||OCOTAL|Nueva Segovia|1
2188|pdf|38099|||MATAGALPA|Matagalpa|1
2188|pdf|26451|||CHINANDEGA|Chinandega|1
2188|pdf|03019|||MANAGUA|Managua|1
2188|pdf|46898|||TIPITAPA|Managua|1
2188|pdf|60276|||JINOTEGA|Jinotega|1
2188|pdf|28492|||MANAGUA|Managua|1
2188|pdf|48469|||ESTELI|Esteli|1
2188|pdf|60733|||JINOTEPE|Carazo|1
2189|pdf|08744|||MANAGUA|Managua|1
2189|pdf|02632|||SIUNA|RACCN|1
2189|pdf|53426|||MANAGUA|Managua|1
2189|pdf|17095|||MANAGUA|Managua|1
2189|pdf|32299|||MANAGUA|Managua|1
2189|pdf|48028|||BLUEFIELDS|RACCS|1
2190|pdf|17254|||MANAGUA|Managua|1
2190|pdf|31592|||MASAYA|Masaya|1
2190|pdf|46722|||MANAGUA|Managua|1
2190|pdf|40606|||MANAGUA|Managua|1
2190|pdf|07920|||MANAGUA|Managua|1
2190|pdf|16519|||MANAGUA|Managua|1
2191|pdf|35930|||CHINANDEGA|Chinandega|1
2191|pdf|55028|||TIPITAPA|Managua|1
2191|pdf|24163|||ESTELI|Esteli|1
2191|pdf|09508|||GRANADA|Granada|1
2191|pdf|53764|||MANAGUA|Managua|1
2191|pdf|48146|||LEON|Leon|1
2191|pdf|40809|||SIUNA|RACCN|1
2192|pdf|21025|||MASAYA|Masaya|1
2192|pdf|51016|||MANAGUA|Managua|1
2192|pdf|45937|||MANAGUA|Managua|1
2192|pdf|06277|||MANAGUA|Managua|1
2192|pdf|26786|||MANAGUA|Managua|1
2193|pdf|55183|||TIPITAPA|Managua|1
2193|pdf|01745|||MANAGUA|Managua|1
2193|pdf|44000|||MASAYA|Masaya|1
2193|pdf|51656|||JINOTEGA|Jinotega|1
2193|pdf|31754|||GRANADA|Granada|1
2193|pdf|15946|||MANAGUA|Managua|1
2193|pdf|03111|||MANAGUA|Managua|1
2194|pdf|36541|||MANAGUA|Managua|1
2194|pdf|42984|||LEON|Leon|1
2194|pdf|49431|||JUIGALPA|Chontales|1
2194|pdf|25149|||MANAGUA|Managua|1
2194|pdf|12229|||ESTELI|Esteli|1
2194|pdf|07185|||MATAGALPA|Matagalpa|1
2194|pdf|60822|||JINOTEPE|Carazo|1
2195|pdf|10117|||MANAGUA|Managua|1
2195|pdf|30714|||JUIGALPA|Chontales|1
2195|pdf|19133|||MANAGUA|Managua|1
2195|pdf|08867|||MASAYA|Masaya|1
2196|pdf|31520|||GRANADA|Granada|1
2196|pdf|18911|||MANAGUA|Managua|1
2196|pdf|51289|||MANAGUA|Managua|1
2196|pdf|39113|||OCOTAL|Nueva Segovia|1
2196|pdf|39382|||ESTELI|Esteli|1
2197|pdf|26572|||MANAGUA|Managua|1
2197|pdf|43628|||ESTELI|Esteli|1
2197|pdf|55307|||MANAGUA|Managua|1
2197|pdf|02578|||MANAGUA|Managua|1
2197|pdf|21914|||LEON|Leon|1
2197|pdf|10854|||MANAGUA|Managua|1
2197|pdf|31184|||JINOTEPE|Carazo|1
2197|pdf|54397|||RIVAS|Rivas|1
2198|pdf|46440|||MANAGUA|Managua|1
2198|pdf|31208|||GRANADA|Granada|1
2198|pdf|44456|||JINOTEGA|Jinotega|1
2198|pdf|25765|||JUIGALPA|Chontales|1
2198|pdf|19588|||GRANADA|Granada|1
2199|pdf|01189|||GRANADA|Granada|1
2199|pdf|28103|||MANAGUA|Managua|1
2199|pdf|03888|||MANAGUA|Managua|1
2199|pdf|29478|||MATAGALPA|Matagalpa|1
2199|pdf|44250|||MASAYA|Masaya|1
2200|pdf|23297|||BLUEFIELDS|RACCS|1
2200|pdf|48267|||JUIGALPA|Chontales|1
2200|pdf|33457|||SIUNA|RACCN|1
2200|pdf|49898|||JINOTEPE|Carazo|1
2200|pdf|47159|||RIVAS|Rivas|1
2200|pdf|41549|||MANAGUA|Managua|1
2201|pdf|09213|||MATAGALPA|Matagalpa|1
2201|pdf|35940|||JUIGALPA|Chontales|1
2201|pdf|43037|||MATAGALPA|Matagalpa|1
2201|pdf|48703|||MATAGALPA|Matagalpa|1
2201|pdf|24919|||JUIGALPA|Chontales|1
2201|pdf|44794|||SAN CARLOS|Rio San Juan|1
2202|pdf|41362|||MANAGUA|Managua|1
2202|pdf|25924|||JINOTEPE|Carazo|1
2202|pdf|21697|||MASAYA|Masaya|1
2202|pdf|47213|||RIVAS|Rivas|1
2202|pdf|44675|||JINOTEPE|Carazo|1
2202|pdf|06879|||MANAGUA|Managua|1
2202|pdf|25674|||MANAGUA|Managua|1
2203|pdf|42600|||GRANADA|Granada|1
2203|pdf|56157|||MANAGUA|Managua|1
2203|pdf|44612|||JINOTEPE|Carazo|1
2203|pdf|12933|||MANAGUA|Managua|1
2203|pdf|58216|||JUIGALPA|Chontales|1
2203|pdf|27153|||MANAGUA|Managua|1
2203|pdf|20907|||RIVAS|Rivas|1
2203|pdf|28762|||MASAYA|Masaya|1
2204|pdf|28751|||MATAGALPA|Matagalpa|1
2204|pdf|45455|||CHINANDEGA|Chinandega|1
2204|pdf|57952|||ESTELI|Esteli|1
2204|pdf|39806|||MANAGUA|Managua|1
2204|pdf|52564|||MANAGUA|Managua|1
2204|pdf|47414|||CHINANDEGA|Chinandega|1
2205|pdf|52339|||JINOTEGA|Jinotega|1
2205|pdf|01093|||CHINANDEGA|Chinandega|1
2205|pdf|60143|||JINOTEGA|Jinotega|1
2205|pdf|08888|||MANAGUA|Managua|1
2205|pdf|60404|||JINOTEGA|Jinotega|1
2205|pdf|60556|||JINOTEPE|Carazo|1
2205|pdf|58757|||ESTELI|Esteli|1
2206|pdf|54329|||MANAGUA|Managua|1
2206|pdf|43309|||JUIGALPA|Chontales|1
2206|pdf|47504|||ESTELI|Esteli|1
2206|pdf|23749|||RIVAS|Rivas|1
2206|pdf|46709|||MANAGUA|Managua|1
2207|pdf|01315|||MANAGUA|Managua|1
2207|pdf|03540|||GRANADA|Granada|1
2207|pdf|57545|||LEON|Leon|1
2207|pdf|50416|||MANAGUA|Managua|1
2207|pdf|19206|||MANAGUA|Managua|1
2207|pdf|44524|||JINOTEPE|Carazo|1
2208|pdf|48513|||ESTELI|Esteli|1
2208|pdf|43508|||ESTELI|Esteli|1
2208|pdf|31042|||MANAGUA|Managua|1
2208|pdf|20835|||MANAGUA|Managua|1
2208|pdf|04413|||MANAGUA|Managua|1
2208|pdf|59114|||MANAGUA|Managua|1
2208|pdf|30470|||JINOTEGA|Jinotega|1
2209|pdf|01094|||JINOTEPE|Carazo|1
2209|pdf|06317|||RIVAS|Rivas|1
2209|pdf|32910|||RIVAS|Rivas|1
2209|pdf|03249|||MASAYA|Masaya|1
2209|pdf|59927|||JINOTEGA|Jinotega|1
2209|pdf|47643|||MATAGALPA|Matagalpa|1
2209|pdf|55387|||MANAGUA|Managua|1
2210|pdf|38108|||ESTELI|Esteli|1
2210|pdf|17471|||MATAGALPA|Matagalpa|1
2210|pdf|59995|||JINOTEGA|Jinotega|1
2210|pdf|11154|||MANAGUA|Managua|1
2210|pdf|42889|||ESTELI|Esteli|1
2210|pdf|37243|||MANAGUA|Managua|1
2210|pdf|20273|||MANAGUA|Managua|1
2210|pdf|49605|||MASAYA|Masaya|1
2211|pdf|49805|||JINOTEPE|Carazo|1
2211|pdf|15911|||MANAGUA|Managua|1
2211|pdf|49964|||JINOTEPE|Carazo|1
2211|pdf|55451|||GRANADA|Granada|1
2211|pdf|11622|||JINOTEPE|Carazo|1
2211|pdf|16566|||JINOTEPE|Carazo|1
2211|pdf|05547|||MATAGALPA|Matagalpa|1
2211|pdf|51906|||MANAGUA|Managua|1
2212|pdf|41305|||MANAGUA|Managua|1
2212|pdf|22549|||MANAGUA|Managua|1
2212|pdf|48962|||JINOTEGA|Jinotega|1
2212|pdf|18545|||TIPITAPA|Managua|1
2212|pdf|39091|||MATAGALPA|Matagalpa|1
2212|pdf|21707|||BLUEFIELDS|RACCS|1
2213|pdf|42597|||GRANADA|Granada|1
2213|pdf|03804|||RIVAS|Rivas|1
2213|pdf|10658|||MASAYA|Masaya|1
2213|pdf|18193|||JINOTEPE|Carazo|1
2213|pdf|05793|||JINOTEPE|Carazo|1
2213|pdf|26055|||GRANADA|Granada|1
2213|pdf|51999|||MANAGUA|Managua|1
2214|pdf|22332|||JINOTEPE|Carazo|1
2214|pdf|18897|||MANAGUA|Managua|1
2214|pdf|44119|||MASAYA|Masaya|1
2214|pdf|50897|||MANAGUA|Managua|1
2214|pdf|19276|||OCOTAL|Nueva Segovia|1
2214|pdf|26058|||JINOTEPE|Carazo|1
2214|pdf|40894|||MANAGUA|Managua|1
2215|pdf|56673|||MANAGUA|Managua|1
2215|pdf|22542|||MANAGUA|Managua|1
2215|pdf|30933|||MATAGALPA|Matagalpa|1
2215|pdf|02574|||CHINANDEGA|Chinandega|1
2215|pdf|02887|||TIPITAPA|Managua|1
2215|pdf|60769|||JINOTEPE|Carazo|1
2216|pdf|27090|||JINOTEPE|Carazo|1
2216|pdf|03769|||OCOTAL|Nueva Segovia|1
2216|pdf|29202|||LEON|Leon|1
2216|pdf|25100|||MANAGUA|Managua|1
2216|pdf|20492|||TIPITAPA|Managua|1
2216|pdf|51514|||MANAGUA|Managua|1
2216|pdf|30960|||MANAGUA|Managua|1
2217|pdf|24747|||MANAGUA|Managua|1
2217|pdf|37428|||CHINANDEGA|Chinandega|1
2217|pdf|25795|||MANAGUA|Managua|1
2217|pdf|14487|||TIPITAPA|Managua|1
2217|pdf|43334|||JUIGALPA|Chontales|1
2217|pdf|22107|||LEON|Leon|1
2217|pdf|26932|||JINOTEGA|Jinotega|1
2218|pdf|28983|||MATAGALPA|Matagalpa|1
2218|pdf|38252|||ESTELI|Esteli|1
2218|pdf|44576|||JINOTEPE|Carazo|1
2218|pdf|60508|||JINOTEPE|Carazo|1
2219|pdf|45353|||MANAGUA|Managua|1
2219|pdf|01182|||CHINANDEGA|Chinandega|1
2219|pdf|24678|||ESTELI|Esteli|1
2219|pdf|21069|||JINOTEPE|Carazo|1
2219|pdf|10468|||MANAGUA|Managua|1
2219|pdf|19051|||MATAGALPA|Matagalpa|1
2220|pdf|52459|||MANAGUA|Managua|1
2220|pdf|47814|||GRANADA|Granada|1
2220|pdf|35838|||CHINANDEGA|Chinandega|1
2220|pdf|02525|||MANAGUA|Managua|1
2220|pdf|18474|||CHINANDEGA|Chinandega|1
2220|pdf|05849|||LEON|Leon|1
2220|pdf|19288|||JINOTEGA|Jinotega|1
2221|pdf|54169|||MANAGUA|Managua|1
2221|pdf|43448|||JUIGALPA|Chontales|1
2221|pdf|50218|||MANAGUA|Managua|1
2221|pdf|32737|||RIVAS|Rivas|1
2221|pdf|27215|||TIPITAPA|Managua|1
2221|pdf|50559|||OCOTAL|Nueva Segovia|1
2221|pdf|40704|||MANAGUA|Managua|1
2221|pdf|25053|||RIVAS|Rivas|1
2222|pdf|26863|||RIVAS|Rivas|1
2222|pdf|52744|||MANAGUA|Managua|1
2222|pdf|04775|||MANAGUA|Managua|1
2222|pdf|17440|||MANAGUA|Managua|1
2222|pdf|58554|||MATAGALPA|Matagalpa|1
2222|pdf|53074|||MANAGUA|Managua|1
2223|pdf|26595|||MANAGUA|Managua|1
2223|pdf|52126|||JINOTEGA|Jinotega|1
2223|pdf|04973|||MANAGUA|Managua|1
2223|pdf|47432|||CHINANDEGA|Chinandega|1
2223|pdf|53124|||TIPITAPA|Managua|1
2223|pdf|59752|||OCOTAL|Nueva Segovia|1
2224|pdf|21998|||CHINANDEGA|Chinandega|1
2224|pdf|18515|||LEON|Leon|1
2224|pdf|29293|||JINOTEGA|Jinotega|1
2224|pdf|36815|||JINOTEGA|Jinotega|1
2224|pdf|12333|||JINOTEPE|Carazo|1
2224|pdf|60268|||JINOTEGA|Jinotega|1
2224|pdf|07929|||MANAGUA|Managua|1
2225|pdf|41271|||MANAGUA|Managua|1
2225|pdf|48813|||MATAGALPA|Matagalpa|1
2225|pdf|23725|||MASAYA|Masaya|1
2225|pdf|13010|||MANAGUA|Managua|1
2225|pdf|48870|||MATAGALPA|Matagalpa|1
2225|pdf|33051|||MANAGUA|Managua|1
2226|pdf|04497|||JUIGALPA|Chontales|1
2226|pdf|54426|||MANAGUA|Managua|1
2226|pdf|39123|||LEON|Leon|1
2226|pdf|27525|||MANAGUA|Managua|1
2226|pdf|03974|||MANAGUA|Managua|1
2226|pdf|37278|||MANAGUA|Managua|1
2226|pdf|15768|||MANAGUA|Managua|1
2227|pdf|01932|||MANAGUA|Managua|1
2227|pdf|26210|||JUIGALPA|Chontales|1
2227|pdf|02778|||CHINANDEGA|Chinandega|1
2227|pdf|26371|||MANAGUA|Managua|1
2227|pdf|21187|||JINOTEPE|Carazo|1
2227|pdf|11097|||MANAGUA|Managua|1
2227|pdf|51409|||JINOTEGA|Jinotega|1
2228|pdf|24876|||RIVAS|Rivas|1
2228|pdf|26413|||MANAGUA|Managua|1
2228|pdf|48723|||MATAGALPA|Matagalpa|1
2228|pdf|26244|||MANAGUA|Managua|1
2228|pdf|31077|||LEON|Leon|1
2229|pdf|24657|||GRANADA|Granada|1
2229|pdf|45835|||MANAGUA|Managua|1
2229|pdf|46161|||MATAGALPA|Matagalpa|1
2229|pdf|34229|||MATAGALPA|Matagalpa|1
2230|pdf|49750|||ESTELI|Esteli|1
2230|pdf|36659|||CHINANDEGA|Chinandega|1
2230|pdf|26908|||MATAGALPA|Matagalpa|1
2230|pdf|50612|||OCOTAL|Nueva Segovia|1
2230|pdf|51312|||MANAGUA|Managua|1
2231|pdf|46495|||MANAGUA|Managua|1
2231|pdf|36210|||MASAYA|Masaya|1
2231|pdf|09008|||MANAGUA|Managua|1
2231|pdf|42146|||CHINANDEGA|Chinandega|1
2231|pdf|17143|||MANAGUA|Managua|1
2231|pdf|45610|||MANAGUA|Managua|1
2232|pdf|36544|||JINOTEPE|Carazo|1
2232|pdf|34215|||LEON|Leon|1
2232|pdf|18832|||MANAGUA|Managua|1
2232|pdf|44132|||MASAYA|Masaya|1
2232|pdf|57990|||ESTELI|Esteli|1
2232|pdf|36542|||LEON|Leon|1
2233|pdf|06670|||CHINANDEGA|Chinandega|1
2233|pdf|01796|||GRANADA|Granada|1
2233|pdf|58869|||ESTELI|Esteli|1
2233|pdf|43935|||MASAYA|Masaya|1
2233|pdf|03958|||MANAGUA|Managua|1
2233|pdf|17519|||CHINANDEGA|Chinandega|1
2233|pdf|25108|||MANAGUA|Managua|1
2234|pdf|01248|||MATAGALPA|Matagalpa|1
2234|pdf|48151|||LEON|Leon|1
2234|pdf|37429|||CHINANDEGA|Chinandega|1
2234|pdf|17001|||BLUEFIELDS|RACCS|1
2234|pdf|17344|||MASAYA|Masaya|1
2234|pdf|33316|||JINOTEGA|Jinotega|1
2234|pdf|46684|||MANAGUA|Managua|1
2235|pdf|34928|||MATAGALPA|Matagalpa|1
2235|pdf|25170|||MANAGUA|Managua|1
2235|pdf|22982|||GRANADA|Granada|1
2235|pdf|53895|||MATAGALPA|Matagalpa|1
2235|pdf|32922|||RIVAS|Rivas|1
2235|pdf|23529|||MANAGUA|Managua|1
2236|pdf|17505|||MANAGUA|Managua|1
2236|pdf|24364|||MANAGUA|Managua|1
2236|pdf|52332|||MANAGUA|Managua|1
2236|pdf|54259|||MANAGUA|Managua|1
2236|pdf|28004|||MANAGUA|Managua|1
2237|pdf|34216|||TIPITAPA|Managua|1
2237|pdf|10993|||MANAGUA|Managua|1
2237|pdf|58993|||MATAGALPA|Matagalpa|1
2237|pdf|06868|||MASAYA|Masaya|1
2237|pdf|41146|||JINOTEGA|Jinotega|1
2237|pdf|46998|||MANAGUA|Managua|1
2238|pdf|25363|||GRANADA|Granada|1
2238|pdf|32402|||RIVAS|Rivas|1
2238|pdf|21798|||ESTELI|Esteli|1
2238|pdf|32782|||RIVAS|Rivas|1
2238|pdf|49547|||JUIGALPA|Chontales|1
2238|pdf|38370|||MANAGUA|Managua|1
2238|pdf|45083|||MATAGALPA|Matagalpa|1
2239|pdf|54985|||SIUNA|RACCN|1
2239|pdf|41483|||JINOTEGA|Jinotega|1
2239|pdf|02684|||MANAGUA|Managua|1
2239|pdf|30529|||GRANADA|Granada|1
2239|pdf|16138|||GRANADA|Granada|1
2239|pdf|46048|||MATAGALPA|Matagalpa|1
2239|pdf|03727|||TIPITAPA|Managua|1
2240|pdf|49621|||MASAYA|Masaya|1
2240|pdf|02768|||GRANADA|Granada|0
2240|pdf|21227|||MATAGALPA|Matagalpa|1
2240|pdf|03852|||MANAGUA|Managua|1
2240|pdf|59476|||MASAYA|Masaya|1
2240|pdf|37961|||JINOTEGA|Jinotega|1
2241|pdf|55040|||CHINANDEGA|Chinandega|1
2241|pdf|26230|||GRANADA|Granada|1
2241|pdf|16866|||CHINANDEGA|Chinandega|1
2241|pdf|23924|||MANAGUA|Managua|1
2241|pdf|06764|||MANAGUA|Managua|1
2241|pdf|18967|||RIVAS|Rivas|1
2242|pdf|31606|||MANAGUA|Managua|1
2242|pdf|10548|||ESTELI|Esteli|1
2242|pdf|28199|||MANAGUA|Managua|1
2242|pdf|52217|||MANAGUA|Managua|1
2242|pdf|24791|||MANAGUA|Managua|1
2243|pdf|05919|||BLUEFIELDS|RACCS|1
2243|pdf|56307|||MANAGUA|Managua|1
2243|pdf|03695|||MASAYA|Masaya|1
2243|pdf|14464|||OCOTAL|Nueva Segovia|1
2243|pdf|37660|||OCOTAL|Nueva Segovia|1
2243|pdf|22320|||RIVAS|Rivas|1
2243|pdf|10864|||MANAGUA|Managua|1
2243|pdf|55780|||TIPITAPA|Managua|1
2244|pdf|24234|||MANAGUA|Managua|1
2244|pdf|11168|||MANAGUA|Managua|1
2244|pdf|37950|||MATAGALPA|Matagalpa|1
2244|pdf|26694|||JUIGALPA|Chontales|1
2244|pdf|06546|||MATAGALPA|Matagalpa|1
2244|pdf|53138|||MATAGALPA|Matagalpa|1
2245|pdf|35760|||OCOTAL|Nueva Segovia|1
2245|pdf|53417|||MATAGALPA|Matagalpa|1
2245|pdf|18547|||MANAGUA|Managua|1
2245|pdf|35833|||CHINANDEGA|Chinandega|1
2245|pdf|51484|||MANAGUA|Managua|1
2245|pdf|52259|||MANAGUA|Managua|1
2245|pdf|20430|||MANAGUA|Managua|1
2246|pdf|25227|||GRANADA|Granada|1
2246|pdf|18919|||MANAGUA|Managua|1
2246|pdf|11763|||MATAGALPA|Matagalpa|1
2246|pdf|22890|||TIPITAPA|Managua|1
2246|pdf|07374|||MANAGUA|Managua|1
2246|pdf|53012|||MANAGUA|Managua|1
2246|pdf|38517|||JINOTEGA|Jinotega|1
2247|pdf|57379|||ESTELI|Esteli|1
2247|pdf|04872|||JUIGALPA|Chontales|1
2247|pdf|20015|||CHINANDEGA|Chinandega|1
2247|pdf|46475|||MANAGUA|Managua|1
2247|pdf|31684|||MANAGUA|Managua|1
2248|pdf|55864|||GRANADA|Granada|1
2248|pdf|44778|||SAN CARLOS|Rio San Juan|1
2248|pdf|58978|||MASAYA|Masaya|1
2248|pdf|53818|||TIPITAPA|Managua|1
2248|pdf|05919|||BLUEFIELDS|RACCS|1
2249|pdf|14661|||MANAGUA|Managua|1
2249|pdf|52889|||MANAGUA|Managua|1
2249|pdf|59193|||MATAGALPA|Matagalpa|1
2249|pdf|53543|||MATAGALPA|Matagalpa|1
2249|pdf|32289|||GRANADA|Granada|1
2249|pdf|60609|||JINOTEGA|Jinotega|1
2249|pdf|51888|||MANAGUA|Managua|1
2250|pdf|45276|||MANAGUA|Managua|1
2250|pdf|57550|||JUIGALPA|Chontales|1
2250|pdf|10530|||LEON|Leon|1
2250|pdf|06056|||MANAGUA|Managua|1
2250|pdf|60060|||OCOTAL|Nueva Segovia|1
2250|pdf|48770|||MATAGALPA|Matagalpa|1
2250|pdf|44462|||JINOTEPE|Carazo|1
2251|pdf|40817|||JUIGALPA|Chontales|1
2251|pdf|17315|||GRANADA|Granada|1
2251|pdf|21739|||MATAGALPA|Matagalpa|1
2251|pdf|12529|||MANAGUA|Managua|1
2251|pdf|45074|||MATAGALPA|Matagalpa|1
2251|pdf|19529|||GRANADA|Granada|1
2251|pdf|31290|||ESTELI|Esteli|1
2251|pdf|25284|||TIPITAPA|Managua|1
2252|pdf|49922|||MATAGALPA|Matagalpa|1
2252|pdf|42905|||GRANADA|Granada|1
2252|pdf|14463|||MATAGALPA|Matagalpa|1
2252|pdf|02220|||JINOTEGA|Jinotega|1
2252|pdf|08593|||MANAGUA|Managua|1
2252|pdf|51139|||MANAGUA|Managua|1
2252|pdf|39911|||GRANADA|Granada|1
2253|pdf|30052|||JINOTEGA|Jinotega|1
2253|pdf|43571|||ESTELI|Esteli|1
2253|pdf|31754|||GRANADA|Granada|1
2253|pdf|44047|||MANAGUA|Managua|1
2253|pdf|06586|||MASAYA|Masaya|1
2253|pdf|33357|||GRANADA|Granada|1
2254|pdf|02761|||ESTELI|Esteli|1
2254|pdf|13066|||MANAGUA|Managua|1
2254|pdf|48419|||JUIGALPA|Chontales|1
2254|pdf|43297|||JUIGALPA|Chontales|1
2254|pdf|58516|||ESTELI|Esteli|1
2254|pdf|05267|||BLUEFIELDS|RACCS|1
2255|pdf|42779|||JINOTEGA|Jinotega|1
2255|pdf|53771|||RIVAS|Rivas|1
2255|pdf|05640|||JUIGALPA|Chontales|1
2255|pdf|28166|||MATAGALPA|Matagalpa|1
2255|pdf|45945|||JINOTEGA|Jinotega|1
2256|pdf|35999|||CHINANDEGA|Chinandega|1
2256|pdf|57942|||ESTELI|Esteli|1
2256|pdf|51880|||MANAGUA|Managua|1
2256|pdf|32186|||GRANADA|Granada|1
2256|pdf|39362|||OCOTAL|Nueva Segovia|1
2256|pdf|47961|||LEON|Leon|1
2256|pdf|60731|||ESTELI|Esteli|1
2257|pdf|47055|||MATAGALPA|Matagalpa|1
2257|pdf|59924|||OCOTAL|Nueva Segovia|1
2257|pdf|12349|||JINOTEGA|Jinotega|1
2257|pdf|48973|||OCOTAL|Nueva Segovia|1
2257|pdf|60540|||JINOTEPE|Carazo|1
2257|pdf|56712|||LEON|Leon|1
2258|pdf|12889|||MANAGUA|Managua|1
2258|pdf|25731|||MANAGUA|Managua|1
2258|pdf|42537|||JINOTEGA|Jinotega|1
2258|pdf|21051|||MANAGUA|Managua|1
2258|pdf|56943|||GRANADA|Granada|1
2258|pdf|23139|||OCOTAL|Nueva Segovia|1
2258|pdf|04935|||ESTELI|Esteli|1
2259|pdf|26632|||JUIGALPA|Chontales|1
2259|pdf|15570|||MASAYA|Masaya|1
2259|pdf|43214|||MATAGALPA|Matagalpa|1
2259|pdf|23142|||RIVAS|Rivas|1
2259|pdf|12827|||OCOTAL|Nueva Segovia|1
2259|pdf|58815|||MATAGALPA|Matagalpa|1
2259|pdf|52429|||MANAGUA|Managua|1
2259|pdf|40064|||MANAGUA|Managua|1
2260|pdf|49969|||JINOTEPE|Carazo|1
2260|pdf|38449|||MATAGALPA|Matagalpa|1
2260|pdf|51225|||MANAGUA|Managua|1
2260|pdf|17950|||MANAGUA|Managua|1
2260|pdf|46286|||MANAGUA|Managua|1
2260|pdf|51362|||MATAGALPA|Matagalpa|1
2260|pdf|41315|||MANAGUA|Managua|1
2261|pdf|15885|||MANAGUA|Managua|1
2261|pdf|32285|||GRANADA|Granada|1
2261|pdf|03947|||GRANADA|Granada|1
2261|pdf|40831|||MATAGALPA|Matagalpa|1
2261|pdf|46901|||TIPITAPA|Managua|1
2261|pdf|53547|||DOLORES|Carazo|1
2261|pdf|29963|||MANAGUA|Managua|1
2262|pdf|54986|||MANAGUA|Managua|1
2262|pdf|48102|||LEON|Leon|1
2262|pdf|19682|||OCOTAL|Nueva Segovia|1
2262|pdf|08140|||LEON|Leon|1
2262|pdf|29405|||MATAGALPA|Matagalpa|1
2262|pdf|35263|||OCOTAL|Nueva Segovia|1
2262|pdf|16916|||CHINANDEGA|Chinandega|1
2263|pdf|48543|||ESTELI|Esteli|1
2263|pdf|16405|||MATAGALPA|Matagalpa|1
2263|pdf|06064|||MANAGUA|Managua|1
2263|pdf|11006|||MANAGUA|Managua|1
2263|pdf|11641|||MANAGUA|Managua|1
2263|pdf|05794|||JINOTEPE|Carazo|1
2264|pdf|28850|||MATAGALPA|Matagalpa|1
2264|pdf|48850|||MATAGALPA|Matagalpa|1
2264|pdf|16176|||GRANADA|Granada|1
2264|pdf|10774|||MANAGUA|Managua|1
2264|pdf|31799|||ESTELI|Esteli|1
2264|pdf|06699|||ESTELI|Esteli|1
2264|pdf|46453|||MANAGUA|Managua|1
2265|pdf|26945|||TIPITAPA|Managua|1
2265|pdf|47865|||LEON|Leon|1
2265|pdf|23854|||TIPITAPA|Managua|1
2265|pdf|13019|||MANAGUA|Managua|1
2265|pdf|44716|||JINOTEPE|Carazo|1
2265|pdf|13103|||MATAGALPA|Matagalpa|1
2265|pdf|40299|||JINOTEPE|Carazo|1
2266|pdf|46706|||MANAGUA|Managua|1
2266|pdf|23608|||CHINANDEGA|Chinandega|1
2266|pdf|13091|||JUIGALPA|Chontales|1
2266|pdf|58038|||MATAGALPA|Matagalpa|1
2266|pdf|11388|||MANAGUA|Managua|1
2266|pdf|06773|||LEON|Leon|1
2266|pdf|15496|||JINOTEGA|Jinotega|1
2267|pdf|36868|||MANAGUA|Managua|1
2267|pdf|25698|||TIPITAPA|Managua|1
2267|pdf|32402|||RIVAS|Rivas|1
2267|pdf|06476|||MANAGUA|Managua|1
2267|pdf|60531|||MANAGUA|Managua|1
2267|pdf|27822|||BLUEFIELDS|RACCS|1
2269|pdf|15636|||JUIGALPA|Chontales|1
2269|pdf|56432|||SAN CARLOS|Rio San Juan|1
2269|pdf|16380|||JINOTEGA|Jinotega|1
2269|pdf|53382|||MANAGUA|Managua|1
2269|pdf|58653|||ESTELI|Esteli|1
2269|pdf|05023|||MANAGUA|Managua|1
2269|pdf|49087|||JINOTEGA|Jinotega|1
2270|pdf|55807|||MATAGALPA|Matagalpa|1
2270|pdf|44313|||OCOTAL|Nueva Segovia|1
2270|pdf|15626|||MANAGUA|Managua|1
2270|pdf|59276|||MATAGALPA|Matagalpa|1
2270|pdf|17260|||MANAGUA|Managua|1
2270|pdf|46775|||MANAGUA|Managua|1
2271|pdf|42328|||CHINANDEGA|Chinandega|1
2271|pdf|49170|||MASAYA|Masaya|1
2271|pdf|25146|||GRANADA|Granada|1
2271|pdf|59663|||MANAGUA|Managua|1
2271|pdf|25646|||MATAGALPA|Matagalpa|1
2271|pdf|13768|||MANAGUA|Managua|1
2271|pdf|60414|||JINOTEGA|Jinotega|1
2272|pdf|21795|||MANAGUA|Managua|1
2272|pdf|22377|||MANAGUA|Managua|1
2272|pdf|20003|||JINOTEGA|Jinotega|1
2272|pdf|52891|||MANAGUA|Managua|1
2272|pdf|22740|||SIUNA|RACCN|1
2272|pdf|38846|||GRANADA|Granada|1
2272|pdf|45855|||MANAGUA|Managua|1
2273|pdf|26713|||JINOTEGA|Jinotega|1
2273|pdf|47719|||MANAGUA|Managua|1
2273|pdf|15267|||GRANADA|Granada|1
2273|pdf|42286|||CHINANDEGA|Chinandega|1
2273|pdf|24453|||MANAGUA|Managua|0
2273|pdf|17180|||JUIGALPA|Chontales|0
2274|pdf|55545|||JINOTEGA|Jinotega|1
2274|pdf|03162|||MASAYA|Masaya|1
2274|pdf|51607|||MATAGALPA|Matagalpa|1
2274|pdf|45051|||JINOTEGA|Jinotega|1
2274|pdf|25064|||MANAGUA|Managua|1
2274|pdf|60815|||TIPITAPA|Managua|1
2274|pdf|32589|||RIVAS|Rivas|1
2275|pdf|49544|||JUIGALPA|Chontales|1
2275|pdf|04040|||CHINANDEGA|Chinandega|1
2275|pdf|47290|||RIVAS|Rivas|1
2275|pdf|59932|||OCOTAL|Nueva Segovia|1
2275|pdf|38090|||BLUEFIELDS|RACCS|1
2275|pdf|54573|||MATAGALPA|Matagalpa|1
2276|pdf|36715|||CHINANDEGA|Chinandega|1
2276|pdf|55978|||TIPITAPA|Managua|1
2276|pdf|53139|||MATAGALPA|Matagalpa|1
2276|pdf|13118|||CHINANDEGA|Chinandega|1
2276|pdf|53280|||MANAGUA|Managua|1
2276|pdf|22569|||MANAGUA|Managua|1
2276|pdf|29133|||JINOTEGA|Jinotega|1
2277|pdf|11377|||MANAGUA|Managua|1
2277|pdf|40494|||ESTELI|Esteli|1
2277|pdf|08862|||MANAGUA|Managua|1
2277|pdf|11760|||SIUNA|RACCN|1
2277|pdf|57137|||CHINANDEGA|Chinandega|1
2277|pdf|06302|||MANAGUA|Managua|1
2277|pdf|10290|||MATAGALPA|Matagalpa|1
2278|pdf|01694|||MANAGUA|Managua|1
2278|pdf|55808|||CHINANDEGA|Chinandega|1
2278|pdf|44233|||TIPITAPA|Managua|1
2278|pdf|19466|||MASAYA|Masaya|1
2279|pdf|17894|||SAN CARLOS|Rio San Juan|1
2279|pdf|29034|||RIVAS|Rivas|1
2279|pdf|49435|||JUIGALPA|Chontales|1
2279|pdf|24062|||ESTELI|Esteli|1
2279|pdf|20470|||MANAGUA|Managua|1
2279|pdf|05737|||MANAGUA|Managua|1
2279|pdf|31056|||JINOTEGA|Jinotega|1
2279|pdf|60050|||OCOTAL|Nueva Segovia|1
2280|pdf|59261|||MASAYA|Masaya|1
2280|pdf|39405|||ESTELI|Esteli|1
2280|pdf|07076|||MANAGUA|Managua|1
2280|pdf|31014|||JUIGALPA|Chontales|1
2280|pdf|50500|||MANAGUA|Managua|1
2280|pdf|35357|||MATAGALPA|Matagalpa|1
2281|pdf|27043|||MANAGUA|Managua|1
2281|pdf|08626|||TIPITAPA|Managua|1
2281|pdf|28913|||ESTELI|Esteli|1
2281|pdf|09499|||MANAGUA|Managua|1
2281|pdf|45918|||MANAGUA|Managua|1
2282|pdf|40884|||MANAGUA|Managua|1
2282|pdf|24973|||JINOTEGA|Jinotega|0
2282|pdf|52821|||MANAGUA|Managua|1
2282|pdf|04976|||JINOTEPE|Carazo|1
2282|pdf|35861|||CHINANDEGA|Chinandega|1
2282|pdf|42745|||GRANADA|Granada|1
2282|pdf|31014|||JUIGALPA|Chontales|1
2283|pdf|41221|||MANAGUA|Managua|1
2283|pdf|27882|||MANAGUA|Managua|1
2283|pdf|15247|||GRANADA|Granada|1
2283|pdf|04169|||MANAGUA|Managua|1
2283|pdf|10753|||MANAGUA|Managua|1
2283|pdf|43709|||MATAGALPA|Matagalpa|1
2284|pdf|54619|||MANAGUA|Managua|1
2284|pdf|37361|||JINOTEGA|Jinotega|1
2284|pdf|51535|||SIUNA|RACCN|1
2284|pdf|44533|||JINOTEPE|Carazo|1
2284|pdf|25025|||JUIGALPA|Chontales|1
2284|pdf|22182|||MANAGUA|Managua|1
2284|pdf|54285|||JINOTEGA|Jinotega|1
2285|pdf|46658|||MANAGUA|Managua|1
2285|pdf|14978|||ESTELI|Esteli|1
2285|pdf|12852|||MANAGUA|Managua|1
2285|pdf|23327|||JINOTEPE|Carazo|1
2285|pdf|39267|||MANAGUA|Managua|1
2285|pdf|18348|||MASAYA|Masaya|1
2285|pdf|14273|||CHINANDEGA|Chinandega|1
2286|pdf|45594|||MANAGUA|Managua|1
2286|pdf|51096|||MANAGUA|Managua|1
2286|pdf|46137|||MANAGUA|Managua|1
2286|pdf|24662|||MANAGUA|Managua|1
2286|pdf|20595|||ESTELI|Esteli|1
2286|pdf|52989|||MATAGALPA|Matagalpa|1
2286|pdf|42851|||GRANADA|Granada|1
2287|pdf|10363|||BLUEFIELDS|RACCS|1
2287|pdf|58341|||MATAGALPA|Matagalpa|1
2287|pdf|52262|||MANAGUA|Managua|1
2287|pdf|17019|||GRANADA|Granada|1
2287|pdf|59183|||MATAGALPA|Matagalpa|1
2287|pdf|35540|||JUIGALPA|Chontales|1
2287|pdf|19157|||GRANADA|Granada|1
1138|html|29586|PRIMER PREMIO|2200000.00|MATAGALPA|Matagalpa|1
1139|html|19029|PRIMER PREMIO|2200000.00|MANAGUA|Managua|1
1143|html|34664|PRIMER PREMIO|3200000.00|MANAGUA|Managua|1
1156|html|14382|PRIMER PREMIO|2200000.00|JINOTEPE|Carazo|1
1158|html|30765|PRIMER PREMIO|2200000.00|MANAGUA|Managua|1
1159|html|23834|PRIMER PREMIO|2200000.00|PUERTO CABEZAS|RACCN|1
1160|html|09696|PRIMER PREMIO|2200000.00|JUIGALPA|Chontales|1
1161|html|01350|PRIMER PREMIO|2200000.00|BLUEFIELDS|RACCS|1
1163|html|36207|PRIMER PREMIO|3900000.00|CHINANDEGA|Chinandega|1
1164|html|04710|PRIMER PREMIO|3400000.00|GRANADA|Granada|1
1165|html|31189|PRIMER PREMIO|3400000.00|GRANADA|Granada|1
1166|html|02967|PRIMER PREMIO|3400000.00|GRANADA|Granada|1
1167|html|28290|PRIMER PREMIO|3400000.00|LEON|Leon|1
1168|html|36388|PRIMER PREMIO|3400000.00|GRANADA|Granada|1
